{"level":"info","message":"Cleanup cron job initialized (Weekly on Sundays at midnight)"}
{"level":"info","message":"Cleanup cron job initialized (Weekly on Sundays at midnight)"}
{"level":"info","message":"Cleanup cron job initialized (Weekly on Sundays at midnight)"}
{"level":"info","message":"Cleanup cron job initialized (Weekly on Sundays at midnight)"}
{"level":"info","message":"Cleanup cron job initialized (Weekly on Sundays at midnight)"}
{"level":"info","message":"Cleanup cron job initialized (Weekly on Sundays at midnight)"}
{"level":"info","message":"Cleanup cron job initialized (Weekly on Sundays at midnight)"}
{"level":"info","message":"Cleanup cron job initialized (Weekly on Sundays at midnight)"}
{"level":"info","message":"Cleanup cron job initialized (Weekly on Sundays at midnight)"}
{"level":"info","message":"Cleanup cron job initialized (Weekly on Sundays at midnight)"}
{"level":"info","message":"Cleanup cron job initialized (Weekly on Sundays at midnight)"}
{"level":"info","message":"Cleanup cron job initialized (Weekly on Sundays at midnight)"}
{"level":"info","message":"Cron jobs initialized"}
{"level":"info","message":"Cron jobs initialized"}
{"level":"info","message":"Cron jobs initialized"}
{"level":"info","message":"Cron jobs initialized"}
{"level":"info","message":"Cron jobs initialized"}
{"level":"info","message":"Cron jobs initialized"}
{"level":"info","message":"Running hourly email journey cron..."}
{"level":"info","message":"Running hourly email journey cron..."}
{"level":"info","message":"Running hourly email journey cron..."}
{"level":"info","message":"Running hourly email journey cron..."}
{"level":"info","message":"Running hourly email journey cron..."}
{"level":"info","message":"Cron jobs initialized"}
{"level":"info","message":"Cron jobs initialized"}
{"level":"info","message":"Cron jobs initialized"}
{"level":"info","message":"Cron jobs initialized"}
{"level":"info","message":"Cron jobs initialized"}
{"level":"info","message":"Cron jobs initialized"}
{"level":"info","message":"Cron jobs initialized"}
{"level":"info","message":"Cron jobs initialized"}
{"level":"info","message":"Cron jobs initialized"}
{"level":"info","message":"Cron jobs initialized"}
{"level":"info","message":"Cron jobs initialized"}
{"level":"info","message":"Cron jobs initialized"}
{"level":"info","message":"Cron jobs initialized"}
{"level":"info","message":"Cron jobs initialized"}
{"level":"info","message":"Cron jobs initialized"}
{"level":"info","message":"Cron jobs initialized"}
{"level":"info","message":"Cron jobs initialized"}
{"level":"info","message":"Cron jobs initialized"}
{"level":"info","message":"Cron jobs initialized"}
{"level":"info","message":"Cron jobs initialized"}
{"level":"info","message":"Cron jobs initialized"}
{"level":"info","message":"Cron jobs initialized"}
{"level":"info","message":"Cron jobs initialized"}
{"level":"info","message":"Cron jobs initialized"}
{"level":"info","message":"Cron jobs initialized"}
{"level":"info","message":"Cron jobs initialized"}
{"level":"info","message":"Running hourly email journey cron..."}
{"level":"info","message":"Running hourly email journey cron..."}
{"level":"info","message":"Cron jobs initialized"}
{"level":"info","message":"Running hourly email journey cron..."}
{"level":"info","message":"Running hourly email journey cron..."}
{"level":"info","message":"Running hourly email journey cron..."}
{"level":"info","message":"Cron jobs initialized"}
{"level":"info","message":"Cron jobs initialized"}
{"level":"info","message":"Cron jobs initialized"}
{"level":"info","message":"Cron jobs initialized"}
{"level":"info","message":"Cron jobs initialized"}
{"level":"info","message":"Cron jobs initialized"}
{"level":"info","message":"Cron jobs initialized"}
{"level":"info","message":"Cron jobs initialized"}
{"level":"info","message":"Cron jobs initialized"}
{"level":"info","message":"Cron jobs initialized"}
{"level":"info","message":"Cron jobs initialized"}
{"level":"info","message":"Cron jobs initialized"}
{"level":"info","message":"Cron jobs initialized"}
{"level":"info","message":"Cron jobs initialized"}
{"level":"info","message":"Cron jobs initialized"}
{"level":"info","message":"Cron jobs initialized"}
{"level":"info","message":"Cron jobs initialized"}
{"level":"info","message":"Cron jobs initialized"}
{"level":"info","message":"Cron jobs initialized"}
{"level":"info","message":"Cron jobs initialized"}
{"level":"info","message":"Cron jobs initialized"}
{"level":"info","message":"Cron jobs initialized"}
{"level":"info","message":"Cron jobs initialized"}
{"level":"info","message":"Cron jobs initialized"}
{"level":"info","message":"Cron jobs initialized"}
{"level":"info","message":"Cron jobs initialized"}
{"level":"info","message":"Cron jobs initialized"}
{"level":"info","message":"Cron jobs initialized"}
{"level":"info","message":"Cron jobs initialized"}
{"level":"info","message":"Running hourly email journey cron..."}
{"level":"info","message":"Cron jobs initialized"}
{"level":"info","message":"Cron jobs initialized"}
{"level":"info","message":"Running hourly email journey cron..."}
{"level":"info","message":"Running hourly email journey cron..."}
{"level":"info","message":"Cron jobs initialized"}
{"level":"info","message":"Cron jobs initialized"}
{"level":"info","message":"Cron jobs initialized"}
{"level":"info","message":"Cron jobs initialized"}
{"level":"info","message":"Running hourly email journey cron..."}
{"level":"info","message":"Cron jobs initialized"}
{"level":"info","message":"Cron jobs initialized"}
{"level":"info","message":"Running hourly email journey cron..."}
{"level":"info","message":"Running hourly email journey cron..."}
{"level":"info","message":"Cron jobs initialized"}
{"level":"info","message":"Running hourly email journey cron..."}
{"level":"info","message":"Cron jobs initialized"}
{"level":"info","message":"Cron jobs initialized"}
{"level":"info","message":"Running hourly email journey cron..."}
{"level":"info","message":"Running hourly email journey cron..."}
{"level":"info","message":"Running hourly email journey cron..."}
{"level":"info","message":"Running hourly email journey cron..."}
{"level":"info","message":"Running hourly email journey cron..."}
{"level":"info","message":"Running hourly email journey cron..."}
{"level":"info","message":"Cron jobs initialized"}
{"level":"info","message":"Running hourly email journey cron..."}
{"level":"info","message":"Cron jobs initialized"}
{"level":"info","message":"Running hourly email journey cron..."}
{"level":"info","message":"Cron jobs initialized"}
{"level":"info","message":"Cron jobs initialized"}
{"level":"info","message":"Cron jobs initialized"}
{"level":"info","message":"Cron jobs initialized"}
{"level":"info","message":"Running hourly email journey cron..."}
{"level":"info","message":"Cron jobs initialized"}
{"level":"info","message":"Cron jobs initialized"}
{"level":"info","message":"Cron jobs initialized"}
{"level":"info","message":"Cron jobs initialized"}
{"level":"info","message":"Running hourly email journey cron..."}
{"level":"info","message":"Cron jobs initialized"}
{"level":"info","message":"Cron jobs initialized"}
{"level":"info","message":"Cron jobs initialized"}
{"level":"info","message":"Cron jobs initialized"}
{"level":"info","message":"Cron jobs initialized"}
{"level":"info","message":"Cron jobs initialized"}
{"level":"info","message":"Cron jobs initialized"}
{"level":"info","message":"Cron jobs initialized"}
{"level":"info","message":"Cron jobs initialized"}
{"level":"info","message":"Running hourly email journey cron..."}
{"level":"info","message":"Running hourly email journey cron..."}
{"level":"info","message":"Running hourly email journey cron..."}
{"level":"info","message":"Running hourly email journey cron..."}
{"level":"info","message":"Running hourly email journey cron..."}
{"level":"info","message":"Running hourly email journey cron..."}
{"level":"info","message":"Running hourly email journey cron..."}
{"level":"info","message":"Running hourly email journey cron..."}
{"level":"info","message":"Cron jobs initialized"}
{"level":"info","message":"Running hourly email journey cron..."}
{"level":"info","message":"Cron jobs initialized"}
{"level":"info","message":"Cron jobs initialized"}
{"level":"info","message":"Cron jobs initialized"}
{"level":"info","message":"Cron jobs initialized"}
{"level":"info","message":"Cron jobs initialized"}
{"level":"info","message":"Cron jobs initialized"}
{"level":"info","message":"Cron jobs initialized"}
{"level":"info","message":"Running hourly email journey cron..."}
{"level":"info","message":"Cron jobs initialized"}
{"level":"info","message":"Cron jobs initialized"}
{"level":"info","message":"Cron jobs initialized"}
{"level":"info","message":"Running hourly email journey cron..."}
{"level":"info","message":"Cron jobs initialized"}
{"level":"info","message":"Running hourly email journey cron..."}
{"level":"info","message":"Running hourly email journey cron..."}
{"level":"info","message":"Cron jobs initialized"}
{"level":"info","message":"Cron jobs initialized"}
{"level":"info","message":"Cron jobs initialized"}
{"level":"info","message":"Cron jobs initialized"}
{"level":"info","message":"Cron jobs initialized"}
{"level":"info","message":"Cron jobs initialized"}
{"level":"info","message":"Running hourly email journey cron..."}
{"level":"info","message":"Running hourly email journey cron..."}
{"level":"info","message":"Cron jobs initialized"}
{"level":"info","message":"Cron jobs initialized"}
{"level":"info","message":"Cron jobs initialized"}
{"level":"info","message":"Running hourly email journey cron..."}
{"level":"info","message":"Running hourly email journey cron..."}
{"level":"info","message":"Running hourly email journey cron..."}
{"level":"info","message":"Running hourly email journey cron..."}
{"level":"info","message":"Running hourly email journey cron..."}
{"level":"info","message":"Running hourly email journey cron..."}
{"level":"info","message":"Running hourly email journey cron..."}
{"level":"info","message":"Running hourly email journey cron..."}
{"level":"info","message":"Running hourly email journey cron..."}
{"level":"info","message":"Running hourly email journey cron..."}
{"level":"info","message":"Running hourly email journey cron..."}
{"level":"info","message":"Running hourly email journey cron..."}
{"level":"info","message":"Running hourly email journey cron..."}
{"level":"info","message":"Running hourly email journey cron..."}
{"level":"info","message":"Running hourly email journey cron..."}
{"level":"info","message":"Running hourly email journey cron..."}
{"level":"info","message":"Running hourly email journey cron..."}
{"level":"info","message":"Running hourly email journey cron..."}
{"level":"info","message":"Running hourly email journey cron..."}
{"level":"info","message":"Running hourly email journey cron..."}
{"level":"info","message":"Running hourly email journey cron..."}
{"level":"info","message":"Running hourly email journey cron..."}
{"level":"info","message":"Running hourly email journey cron..."}
{"level":"info","message":"Running hourly email journey cron..."}
{"level":"info","message":"Cron jobs initialized"}
{"level":"info","message":"Running hourly email journey cron..."}
{"level":"info","message":"Running hourly email journey cron..."}
{"level":"info","message":"Running hourly email journey cron..."}
{"level":"info","message":"Running hourly email journey cron..."}
{"level":"info","message":"Running hourly email journey cron..."}
{"level":"info","message":"Running hourly email journey cron..."}
{"level":"info","message":"Running hourly email journey cron..."}
{"level":"info","message":"Running hourly email journey cron..."}
{"level":"info","message":"Running hourly email journey cron..."}
{"level":"info","message":"Cron jobs initialized"}
{"level":"info","message":"Cron jobs initialized"}
{"level":"info","message":"Cron jobs initialized"}
{"level":"info","message":"Cron jobs initialized"}
{"level":"info","message":"Cron jobs initialized"}
{"level":"info","message":"Cron jobs initialized"}
{"level":"info","message":"Cron jobs initialized"}
{"level":"info","message":"Cron jobs initialized"}
{"level":"info","message":"Cron jobs initialized"}
{"level":"info","message":"Running hourly email journey cron..."}
{"level":"info","message":"Running hourly email journey cron..."}
{"level":"info","message":"Running hourly email journey cron..."}
{"level":"info","message":"Running hourly email journey cron..."}
{"level":"info","message":"Running hourly email journey cron..."}
{"level":"info","message":"Running hourly email journey cron..."}
{"level":"info","message":"Running hourly email journey cron..."}
{"level":"info","message":"Running hourly email journey cron..."}
{"level":"info","message":"Running hourly email journey cron..."}
{"level":"info","message":"Running hourly email journey cron..."}
{"level":"info","message":"Running hourly email journey cron..."}
{"level":"info","message":"Running hourly email journey cron..."}
{"level":"info","message":"Running hourly email journey cron..."}
{"level":"info","message":"Running hourly email journey cron..."}
{"level":"info","message":"Running hourly email journey cron..."}
{"level":"info","message":"Running hourly email journey cron..."}
{"level":"info","message":"Running hourly email journey cron..."}
{"level":"info","message":"Running hourly email journey cron..."}
{"level":"info","message":"Running hourly email journey cron..."}
{"level":"info","message":"Running hourly email journey cron..."}
{"level":"info","message":"Running hourly email journey cron..."}
{"level":"info","message":"Running hourly email journey cron..."}
{"level":"info","message":"Running hourly email journey cron..."}
{"level":"info","message":"Running hourly email journey cron..."}
{"level":"info","message":"Running hourly email journey cron..."}
{"level":"info","message":"Running hourly email journey cron..."}
{"level":"info","message":"Running hourly email journey cron..."}
{"level":"info","message":"Running hourly email journey cron..."}
{"level":"info","message":"Running hourly email journey cron..."}
{"level":"info","message":"Running hourly email journey cron..."}
{"level":"info","message":"Running hourly email journey cron..."}
{"level":"info","message":"Running hourly email journey cron..."}
{"level":"info","message":"Running hourly email journey cron..."}
{"level":"info","message":"Running hourly email journey cron..."}
{"level":"info","message":"Running hourly email journey cron..."}
{"level":"info","message":"Running hourly email journey cron..."}
{"level":"info","message":"Running hourly email journey cron..."}
{"level":"info","message":"Running hourly email journey cron..."}
{"level":"info","message":"Running hourly email journey cron..."}
{"level":"info","message":"Running hourly email journey cron..."}
{"level":"info","message":"Running hourly email journey cron..."}
{"level":"info","message":"Running hourly email journey cron..."}
{"level":"info","message":"Running hourly email journey cron..."}
{"level":"info","message":"Running hourly email journey cron..."}
{"level":"info","message":"Running hourly email journey cron..."}
{"level":"info","message":"Running hourly email journey cron..."}
{"level":"info","message":"Running hourly email journey cron..."}
{"level":"info","message":"Running hourly email journey cron..."}
{"level":"info","message":"Running hourly email journey cron..."}
{"level":"info","message":"Running hourly email journey cron..."}
{"level":"info","message":"Running hourly email journey cron..."}
{"level":"info","message":"Cron jobs initialized"}
{"level":"info","message":"Cron jobs initialized"}
{"level":"info","message":"Cron jobs initialized"}
{"level":"info","message":"Cron jobs initialized"}
{"level":"info","message":"Cron jobs initialized"}
{"level":"info","message":"Cron jobs initialized"}
{"level":"info","message":"Cron jobs initialized"}
{"level":"info","message":"Cron jobs initialized"}
{"level":"info","message":"Cron jobs initialized"}
{"level":"info","message":"Cron jobs initialized"}
{"level":"info","message":"Cron jobs initialized"}
{"level":"info","message":"Cron jobs initialized"}
{"level":"info","message":"Cron jobs initialized"}
{"level":"info","message":"Cron jobs initialized"}
{"level":"info","message":"Cron jobs initialized"}
{"level":"info","message":"Cron jobs initialized"}
{"level":"info","message":"Cron jobs initialized"}
{"level":"info","message":"Cron jobs initialized"}
{"level":"info","message":"Cron jobs initialized"}
{"level":"info","message":"Cron jobs initialized"}
{"level":"info","message":"Cron jobs initialized"}
{"level":"info","message":"Cron jobs initialized"}
{"level":"info","message":"Cron jobs initialized"}
{"level":"info","message":"Cron jobs initialized"}
{"level":"info","message":"Cron jobs initialized"}
{"level":"info","message":"Cron jobs initialized"}
{"level":"info","message":"Cron jobs initialized"}
{"level":"info","message":"Cron jobs initialized"}
{"level":"info","message":"Cron jobs initialized"}
{"level":"info","message":"Cron jobs initialized"}
{"level":"info","message":"Cron jobs initialized"}
{"level":"info","message":"Cron jobs initialized"}
{"level":"info","message":"Cron jobs initialized"}
{"level":"info","message":"Cron jobs initialized"}
{"level":"info","message":"Cron jobs initialized"}
{"level":"info","message":"Cron jobs initialized"}
{"level":"info","message":"Cron jobs initialized"}
{"level":"info","message":"Cron jobs initialized"}
{"level":"info","message":"Cron jobs initialized"}
{"level":"info","message":"Cron jobs initialized"}
{"level":"info","message":"Cron jobs initialized"}
{"level":"info","message":"Cron jobs initialized"}
{"level":"info","message":"Cron jobs initialized"}
{"level":"info","message":"Cron jobs initialized"}
{"level":"info","message":"Cron jobs initialized"}
{"level":"info","message":"Cron jobs initialized"}
{"level":"info","message":"Cron jobs initialized"}
{"level":"info","message":"Cron jobs initialized"}
{"level":"info","message":"Cron jobs initialized"}
{"level":"info","message":"Cron jobs initialized"}
{"level":"info","message":"Cron jobs initialized"}
{"level":"info","message":"Cron jobs initialized"}
{"level":"info","message":"Cron jobs initialized"}
{"level":"info","message":"Cron jobs initialized"}
{"level":"info","message":"Cron jobs initialized"}
{"level":"info","message":"Cron jobs initialized"}
{"level":"info","message":"Cron jobs initialized"}
{"level":"info","message":"Cron jobs initialized"}
{"level":"info","message":"Running hourly email journey cron..."}
{"level":"info","message":"Running hourly email journey cron..."}
{"level":"info","message":"Running hourly email journey cron..."}
{"level":"info","message":"Cron jobs initialized"}
{"level":"info","message":"Cron jobs initialized"}
{"level":"info","message":"Cron jobs initialized"}
{"level":"info","message":"Cron jobs initialized"}
{"level":"info","message":"Cron jobs initialized"}
{"level":"info","message":"Cron jobs initialized"}
{"level":"info","message":"Cron jobs initialized"}
{"level":"info","message":"Cron jobs initialized"}
{"level":"info","message":"Cron jobs initialized"}
{"level":"info","message":"Cron jobs initialized"}
{"level":"info","message":"Cron jobs initialized"}
{"level":"info","message":"Cron jobs initialized"}
{"level":"info","message":"Cron jobs initialized"}
{"level":"info","message":"Cron jobs initialized"}
{"level":"info","message":"Cron jobs initialized"}
{"level":"info","message":"Cron jobs initialized"}
{"level":"info","message":"Cron jobs initialized"}
{"level":"info","message":"Cron jobs initialized"}
{"level":"info","message":"Cron jobs initialized"}
{"level":"info","message":"Cron jobs initialized"}
{"level":"info","message":"Cron jobs initialized"}
{"level":"info","message":"Cron jobs initialized"}
{"level":"info","message":"Cron jobs initialized"}
{"level":"info","message":"Cron jobs initialized"}
{"level":"info","message":"Cron jobs initialized"}
{"level":"info","message":"Cron jobs initialized"}
{"level":"info","message":"Cron jobs initialized"}
{"level":"info","message":"Cron jobs initialized"}
{"level":"info","message":"Cron jobs initialized"}
{"level":"info","message":"Cron jobs initialized"}
{"level":"info","message":"Cron jobs initialized"}
{"level":"info","message":"Cron jobs initialized"}
{"level":"info","message":"Cron jobs initialized"}
{"level":"info","message":"Cron jobs initialized"}
{"level":"info","message":"Cron jobs initialized"}
{"level":"info","message":"Cron jobs initialized"}
{"level":"info","message":"Running hourly email journey cron..."}
{"level":"info","message":"Running hourly email journey cron..."}
{"level":"info","message":"Running hourly email journey cron..."}
{"level":"info","message":"Running hourly email journey cron..."}
{"level":"info","message":"Running hourly email journey cron..."}
{"level":"info","message":"Running hourly email journey cron..."}
{"level":"info","message":"Running hourly email journey cron..."}
{"level":"info","message":"Running hourly email journey cron..."}
{"level":"info","message":"Running hourly email journey cron..."}
{"level":"info","message":"Running hourly email journey cron..."}
{"level":"info","message":"Running hourly email journey cron..."}
{"level":"info","message":"Running hourly email journey cron..."}
{"level":"info","message":"Running hourly email journey cron..."}
{"level":"info","message":"Running hourly email journey cron..."}
{"level":"info","message":"Running hourly email journey cron..."}
{"level":"info","message":"Running hourly email journey cron..."}
{"level":"info","message":"Running hourly email journey cron..."}
{"level":"info","message":"Running hourly email journey cron..."}
{"level":"info","message":"Running hourly email journey cron..."}
{"level":"info","message":"Running hourly email journey cron..."}
{"level":"info","message":"Running hourly email journey cron..."}
{"level":"info","message":"Running hourly email journey cron..."}
{"level":"info","message":"Running hourly email journey cron..."}
{"level":"info","message":"Running hourly email journey cron..."}
{"level":"info","message":"Running hourly email journey cron..."}
{"level":"info","message":"Running hourly email journey cron..."}
{"level":"info","message":"Running hourly email journey cron..."}
{"level":"info","message":"Running hourly email journey cron..."}
{"level":"info","message":"Running hourly email journey cron..."}
{"level":"info","message":"Running hourly email journey cron..."}
{"level":"info","message":"Running hourly email journey cron..."}
{"level":"info","message":"Running hourly email journey cron..."}
{"level":"info","message":"Running hourly email journey cron..."}
{"level":"info","message":"Running hourly email journey cron..."}
{"level":"info","message":"Running hourly email journey cron..."}
{"level":"info","message":"Running hourly email journey cron..."}
{"level":"info","message":"Running hourly email journey cron..."}
{"level":"info","message":"Running hourly email journey cron..."}
{"level":"info","message":"Running hourly email journey cron..."}
{"level":"info","message":"Running hourly email journey cron..."}
{"level":"info","message":"Running hourly email journey cron..."}
{"level":"info","message":"Running hourly email journey cron..."}
{"level":"info","message":"Running hourly email journey cron..."}
{"level":"info","message":"Running hourly email journey cron..."}
{"level":"info","message":"Running hourly email journey cron..."}
{"level":"info","message":"Running hourly email journey cron..."}
{"level":"info","message":"Running hourly email journey cron..."}
{"level":"info","message":"Running hourly email journey cron..."}
{"level":"info","message":"Running hourly email journey cron..."}
{"level":"info","message":"Running hourly email journey cron..."}
{"level":"info","message":"Running hourly email journey cron..."}
{"level":"info","message":"Running hourly email journey cron..."}
{"level":"info","message":"Cron jobs initialized"}
{"level":"info","message":"Cron jobs initialized"}
{"level":"info","message":"Cron jobs initialized"}
{"level":"info","message":"Cron jobs initialized"}
{"level":"info","message":"Cron jobs initialized"}
{"level":"info","message":"Cron jobs initialized"}
{"level":"info","message":"Cron jobs initialized"}
{"level":"info","message":"Cron jobs initialized"}
{"level":"info","message":"Cron jobs initialized"}
{"level":"info","message":"Cron jobs initialized"}
{"level":"info","message":"Cron jobs initialized"}
{"level":"info","message":"Cron jobs initialized"}
{"level":"info","message":"Cron jobs initialized"}
{"level":"info","message":"Running hourly email journey cron..."}
{"level":"info","message":"Running hourly email journey cron..."}
{"level":"info","message":"Running hourly email journey cron..."}
{"level":"info","message":"Cron jobs initialized"}
{"level":"info","message":"Cron jobs initialized"}
{"level":"info","message":"Cron jobs initialized"}
{"level":"info","message":"Cron jobs initialized"}
{"level":"info","message":"Cron jobs initialized"}
{"level":"info","message":"Cron jobs initialized"}
{"level":"info","message":"Cron jobs initialized"}
{"level":"info","message":"Cron jobs initialized"}
{"level":"info","message":"Cron jobs initialized"}
{"level":"info","message":"Cron jobs initialized"}
{"level":"info","message":"Cron jobs initialized"}
{"level":"info","message":"Cron jobs initialized"}
{"level":"info","message":"Running hourly email journey cron..."}
{"level":"info","message":"Running hourly email journey cron..."}
{"level":"info","message":"Running hourly email journey cron..."}
{"level":"info","message":"Cron jobs initialized"}
{"level":"info","message":"Cron jobs initialized"}
{"level":"info","message":"Cron jobs initialized"}
{"level":"info","message":"Cron jobs initialized"}
{"level":"info","message":"Cron jobs initialized"}
{"level":"info","message":"Cron jobs initialized"}
{"level":"info","message":"Cron jobs initialized"}
{"level":"info","message":"Cron jobs initialized"}
{"level":"info","message":"Cron jobs initialized"}
{"level":"info","message":"Cron jobs initialized"}
{"level":"info","message":"Cron jobs initialized"}
{"level":"info","message":"Cron jobs initialized"}
{"level":"info","message":"Cron jobs initialized"}
{"level":"info","message":"Cron jobs initialized"}
{"level":"info","message":"Cron jobs initialized"}
{"level":"info","message":"Cron jobs initialized"}
{"level":"info","message":"Cron jobs initialized"}
{"level":"info","message":"Cron jobs initialized"}
{"level":"info","message":"Cron jobs initialized"}
{"level":"info","message":"Cron jobs initialized"}
{"level":"info","message":"Cron jobs initialized"}
{"level":"info","message":"Cron jobs initialized"}
{"level":"info","message":"Cron jobs initialized"}
{"level":"info","message":"Cron jobs initialized"}
{"level":"info","message":"Cron jobs initialized"}
{"level":"info","message":"Cron jobs initialized"}
{"level":"info","message":"Cron jobs initialized"}
{"level":"info","message":"Cron jobs initialized"}
{"level":"info","message":"Cron jobs initialized"}
{"level":"info","message":"Cron jobs initialized"}
{"level":"info","message":"Cron jobs initialized"}
{"level":"info","message":"Cron jobs initialized"}
{"level":"info","message":"Cron jobs initialized"}
{"level":"info","message":"Cron jobs initialized"}
{"level":"info","message":"Cron jobs initialized"}
{"level":"info","message":"Cron jobs initialized"}
{"level":"info","message":"Cron jobs initialized"}
{"level":"info","message":"Cron jobs initialized"}
{"level":"info","message":"Cron jobs initialized"}
{"level":"info","message":"Cron jobs initialized"}
{"level":"info","message":"Cron jobs initialized"}
{"level":"info","message":"Cron jobs initialized"}
{"level":"info","message":"Cron jobs initialized"}
{"level":"info","message":"Cron jobs initialized"}
{"level":"info","message":"Cron jobs initialized"}
{"level":"info","message":"Cron jobs initialized"}
{"level":"info","message":"Cron jobs initialized"}
{"level":"info","message":"Cron jobs initialized"}
{"level":"info","message":"Cron jobs initialized"}
{"level":"info","message":"Cron jobs initialized"}
{"level":"info","message":"Cron jobs initialized"}
{"level":"info","message":"Running hourly email journey cron..."}
{"level":"info","message":"Running hourly email journey cron..."}
{"level":"info","message":"Running hourly email journey cron..."}
{"level":"info","message":"Running hourly email journey cron..."}
{"level":"info","message":"Running hourly email journey cron..."}
{"level":"info","message":"Running hourly email journey cron..."}
{"level":"info","message":"Running hourly email journey cron..."}
{"level":"info","message":"Running hourly email journey cron..."}
{"level":"info","message":"Running hourly email journey cron..."}
{"level":"info","message":"Running hourly email journey cron..."}
{"level":"info","message":"Running hourly email journey cron..."}
{"level":"info","message":"Running hourly email journey cron..."}
{"level":"info","message":"Running hourly email journey cron..."}
{"level":"info","message":"Running hourly email journey cron..."}
{"level":"info","message":"Running hourly email journey cron..."}
{"level":"info","message":"Running hourly email journey cron..."}
{"level":"info","message":"Running hourly email journey cron..."}
{"level":"info","message":"Running hourly email journey cron..."}
{"level":"info","message":"Running hourly email journey cron..."}
{"level":"info","message":"Running hourly email journey cron..."}
{"level":"info","message":"Running hourly email journey cron..."}
{"level":"info","message":"Running hourly email journey cron..."}
{"level":"info","message":"Running hourly email journey cron..."}
{"level":"info","message":"Running hourly email journey cron..."}
{"level":"info","message":"Running hourly email journey cron..."}
{"level":"info","message":"Running hourly email journey cron..."}
{"level":"info","message":"Running hourly email journey cron..."}
{"level":"info","message":"Running hourly email journey cron..."}
{"level":"info","message":"Running hourly email journey cron..."}
{"level":"info","message":"Running hourly email journey cron..."}
{"level":"info","message":"Running hourly email journey cron..."}
{"level":"info","message":"Running hourly email journey cron..."}
{"level":"info","message":"Running hourly email journey cron..."}
{"level":"info","message":"Running hourly email journey cron..."}
{"level":"info","message":"Running hourly email journey cron..."}
{"level":"info","message":"Running hourly email journey cron..."}
{"level":"info","message":"Running hourly email journey cron..."}
{"level":"info","message":"Running hourly email journey cron..."}
{"level":"info","message":"Running hourly email journey cron..."}
{"level":"info","message":"Running hourly email journey cron..."}
{"level":"info","message":"Running hourly email journey cron..."}
{"level":"info","message":"Running hourly email journey cron..."}
{"level":"info","message":"Running hourly email journey cron..."}
{"level":"info","message":"Running hourly email journey cron..."}
{"level":"info","message":"Running hourly email journey cron..."}
{"level":"info","message":"Running hourly email journey cron..."}
{"level":"info","message":"Running hourly email journey cron..."}
{"level":"info","message":"Running hourly email journey cron..."}
{"level":"info","message":"Running hourly email journey cron..."}
{"level":"info","message":"Running hourly email journey cron..."}
{"level":"info","message":"Running hourly email journey cron..."}
{"level":"info","message":"Running hourly email journey cron..."}
{"level":"info","message":"Running hourly email journey cron..."}
{"level":"info","message":"Running hourly email journey cron..."}
{"level":"info","message":"Running hourly email journey cron..."}
{"level":"info","message":"Running hourly email journey cron..."}
{"level":"info","message":"Running hourly email journey cron..."}
{"level":"info","message":"Running hourly email journey cron..."}
{"level":"info","message":"Running hourly email journey cron..."}
{"level":"info","message":"Cron jobs initialized"}
{"level":"info","message":"Cron jobs initialized"}
{"level":"info","message":"Running hourly email journey cron..."}
{"level":"info","message":"Running hourly email journey cron..."}
{"level":"info","message":"Running hourly email journey cron..."}
{"level":"info","message":"Running hourly email journey cron..."}
{"level":"info","message":"Running hourly email journey cron..."}
{"level":"info","message":"Running hourly email journey cron..."}
{"level":"info","message":"Cron jobs initialized"}
{"level":"info","message":"Cron jobs initialized"}
{"level":"info","message":"Cron jobs initialized"}
{"level":"info","message":"Cron jobs initialized"}
{"level":"info","message":"Cron jobs initialized"}
{"level":"info","message":"Cron jobs initialized"}
{"level":"info","message":"Cron jobs initialized"}
{"level":"info","message":"Cron jobs initialized"}
{"level":"info","message":"Cron jobs initialized"}
{"level":"info","message":"Cron jobs initialized"}
{"level":"info","message":"Cron jobs initialized"}
{"level":"info","message":"Cron jobs initialized"}
{"level":"info","message":"Cron jobs initialized"}
{"level":"info","message":"Cron jobs initialized"}
{"level":"info","message":"Cron jobs initialized"}
{"level":"info","message":"Cron jobs initialized"}
{"level":"info","message":"Running hourly email journey cron..."}
{"level":"info","message":"Running hourly email journey cron..."}
{"level":"info","message":"Running hourly email journey cron..."}
{"level":"info","message":"Running hourly email journey cron..."}
{"level":"info","message":"Running hourly email journey cron..."}
{"level":"info","message":"Running hourly email journey cron..."}
{"level":"info","message":"Running hourly email journey cron..."}
{"level":"info","message":"Running hourly email journey cron..."}
{"level":"info","message":"Running hourly email journey cron..."}
{"level":"info","message":"Running hourly email journey cron..."}
{"level":"info","message":"Running hourly email journey cron..."}
{"level":"info","message":"Running hourly email journey cron..."}
{"level":"info","message":"Cron jobs initialized"}
{"level":"info","message":"Cron jobs initialized"}
{"level":"info","message":"Cron jobs initialized"}
{"level":"info","message":"Cron jobs initialized"}
{"level":"info","message":"Cron jobs initialized"}
{"level":"info","message":"Cron jobs initialized"}
{"level":"info","message":"Cron jobs initialized"}
{"level":"info","message":"Cron jobs initialized"}
{"level":"info","message":"Cron jobs initialized"}
{"level":"info","message":"Cron jobs initialized"}
{"level":"info","message":"Cron jobs initialized"}
{"level":"info","message":"Cron jobs initialized"}
{"level":"info","message":"Running hourly email journey cron..."}
{"level":"info","message":"Running hourly email journey cron..."}
{"level":"info","message":"Cron jobs initialized"}
{"level":"info","message":"Cron jobs initialized"}
{"level":"info","message":"Cron jobs initialized"}
{"level":"info","message":"Cron jobs initialized"}
{"level":"info","message":"Cron jobs initialized"}
{"level":"info","message":"Cron jobs initialized"}
{"level":"info","message":"Cron jobs initialized"}
{"level":"info","message":"Cron jobs initialized"}
{"level":"info","message":"Cron jobs initialized"}
{"level":"info","message":"Cron jobs initialized"}
{"level":"info","message":"Cron jobs initialized"}
{"level":"info","message":"Cron jobs initialized"}
{"level":"info","message":"Cron jobs initialized"}
{"level":"info","message":"Cron jobs initialized"}
{"level":"info","message":"Cron jobs initialized"}
{"level":"info","message":"Cron jobs initialized"}
{"level":"info","message":"Cron jobs initialized"}
{"level":"info","message":"Cron jobs initialized"}
{"level":"info","message":"Cron jobs initialized"}
{"level":"info","message":"Cron jobs initialized"}
{"level":"info","message":"Cron jobs initialized"}
{"level":"info","message":"Cron jobs initialized"}
{"level":"info","message":"Cron jobs initialized"}
{"level":"info","message":"Cron jobs initialized"}
{"level":"info","message":"Running hourly email journey cron..."}
{"level":"info","message":"Running hourly email journey cron..."}
{"level":"info","message":"Running hourly email journey cron..."}
{"level":"info","message":"Running hourly email journey cron..."}
{"level":"info","message":"Running hourly email journey cron..."}
{"level":"info","message":"Running hourly email journey cron..."}
{"level":"info","message":"Cron jobs initialized"}
{"level":"info","message":"Cron jobs initialized"}
{"level":"info","message":"Running hourly email journey cron..."}
{"level":"info","message":"Running hourly email journey cron..."}
{"level":"info","message":"Running cleanup job at 2026-04-04T18:30:00.041Z"}
{"level":"info","message":"Running cleanup job at 2026-04-04T18:30:00.041Z"}
{"level":"info","message":"Running hourly email journey cron..."}
{"level":"info","message":"Running hourly email journey cron..."}
{"beforeHandshake":false,"cause":{"code":"ENOTFOUND","errno":-3008,"hostname":"ac-ghzgoxq-shard-00-01.cqtywk8.mongodb.net","syscall":"getaddrinfo"},"connectionGeneration":4,"errorLabelSet":{},"level":"error","message":"Error during cleanup job: getaddrinfo ENOTFOUND ac-ghzgoxq-shard-00-01.cqtywk8.mongodb.net","stack":"MongoNetworkError: getaddrinfo ENOTFOUND ac-ghzgoxq-shard-00-01.cqtywk8.mongodb.net\n    at TLSSocket.<anonymous> (/Users/hashir/Library/CloudStorage/OneDrive-Coredge.ioIndiaPrivateLimited/Documents/hashir-dev/event-sphere/backend/node_modules/mongodb/src/cmap/connect.ts:395:16)\n    at Object.onceWrapper (node:events:623:12)\n    at TLSSocket.emit (node:events:508:20)\n    at emitErrorNT (node:internal/streams/destroy:170:8)\n    at emitErrorCloseNT (node:internal/streams/destroy:129:3)\n    at process.processTicksAndRejections (node:internal/process/task_queues:90:21)"}
{"level":"info","message":"Updated 1 events to 'past' status"}
{"level":"info","message":"Updated 0 bookings to 'expired' status"}
{"level":"info","message":"Running hourly email journey cron..."}
{"level":"info","message":"Running hourly email journey cron..."}
{"level":"info","message":"Running hourly email journey cron..."}
{"level":"info","message":"Running hourly email journey cron..."}
{"level":"info","message":"Running hourly email journey cron..."}
{"level":"info","message":"Running hourly email journey cron..."}
{"level":"info","message":"Running hourly email journey cron..."}
{"level":"info","message":"Running hourly email journey cron..."}
{"level":"info","message":"Running hourly email journey cron..."}
{"level":"info","message":"Running hourly email journey cron..."}
{"level":"info","message":"Running hourly email journey cron..."}
{"level":"info","message":"Running hourly email journey cron..."}
{"level":"info","message":"Running hourly email journey cron..."}
{"level":"info","message":"Running hourly email journey cron..."}
{"level":"info","message":"Running hourly email journey cron..."}
{"level":"info","message":"Running hourly email journey cron..."}
{"level":"info","message":"Running hourly email journey cron..."}
{"level":"info","message":"Running hourly email journey cron..."}
{"level":"info","message":"Running hourly email journey cron..."}
{"level":"info","message":"Running hourly email journey cron..."}
{"level":"info","message":"Running hourly email journey cron..."}
{"level":"info","message":"Running hourly email journey cron..."}
{"level":"info","message":"Running hourly email journey cron..."}
{"level":"info","message":"Running hourly email journey cron..."}
{"level":"info","message":"Running hourly email journey cron..."}
{"level":"info","message":"Running hourly email journey cron..."}
{"level":"info","message":"Running hourly email journey cron..."}
{"level":"info","message":"Running hourly email journey cron..."}
{"level":"info","message":"Running hourly email journey cron..."}
{"level":"info","message":"Running hourly email journey cron..."}
{"level":"info","message":"Running hourly email journey cron..."}
{"level":"info","message":"Running hourly email journey cron..."}
{"level":"info","message":"Running hourly email journey cron..."}
{"level":"info","message":"Running hourly email journey cron..."}
{"level":"info","message":"Running hourly email journey cron..."}
{"level":"info","message":"Running hourly email journey cron..."}
{"level":"info","message":"Running hourly email journey cron..."}
{"level":"info","message":"Running hourly email journey cron..."}
{"level":"info","message":"Running hourly email journey cron..."}
{"level":"info","message":"Running hourly email journey cron..."}
{"level":"info","message":"Running hourly email journey cron..."}
{"level":"info","message":"Running hourly email journey cron..."}
{"level":"info","message":"Running hourly email journey cron..."}
{"level":"info","message":"Running hourly email journey cron..."}
{"level":"info","message":"Running hourly email journey cron..."}
{"level":"info","message":"Running hourly email journey cron..."}
{"level":"info","message":"Running hourly email journey cron..."}
{"level":"info","message":"Running hourly email journey cron..."}
{"level":"info","message":"Running hourly email journey cron..."}
{"level":"info","message":"Running hourly email journey cron..."}
{"level":"info","message":"Running hourly email journey cron..."}
{"level":"info","message":"Running hourly email journey cron..."}
{"level":"info","message":"Running hourly email journey cron..."}
{"level":"info","message":"Running hourly email journey cron..."}
{"level":"info","message":"Running hourly email journey cron..."}
{"level":"info","message":"Running hourly email journey cron..."}
{"level":"info","message":"Running hourly email journey cron..."}
{"level":"info","message":"Running hourly email journey cron..."}
{"level":"info","message":"Running hourly email journey cron..."}
{"level":"info","message":"Running hourly email journey cron..."}
{"level":"info","message":"Running hourly email journey cron..."}
{"level":"info","message":"Running hourly email journey cron..."}
{"level":"info","message":"Running hourly email journey cron..."}
{"level":"info","message":"Running hourly email journey cron..."}
{"level":"info","message":"Running hourly email journey cron..."}
{"level":"info","message":"Running hourly email journey cron..."}
{"level":"info","message":"Running hourly email journey cron..."}
{"level":"info","message":"Running hourly email journey cron..."}
{"level":"info","message":"Running hourly email journey cron..."}
{"level":"info","message":"Running hourly email journey cron..."}
{"level":"info","message":"Running hourly email journey cron..."}
{"level":"info","message":"Running hourly email journey cron..."}
{"level":"info","message":"Running hourly email journey cron..."}
{"level":"info","message":"Running hourly email journey cron..."}
{"level":"info","message":"Running hourly email journey cron..."}
{"level":"info","message":"Running hourly email journey cron..."}
{"level":"info","message":"Running hourly email journey cron..."}
{"level":"info","message":"Running hourly email journey cron..."}
{"level":"info","message":"Running hourly email journey cron..."}
{"level":"info","message":"Running hourly email journey cron..."}
{"level":"info","message":"Running hourly email journey cron..."}
{"level":"info","message":"Running hourly email journey cron..."}
{"level":"info","message":"Running hourly email journey cron..."}
{"level":"info","message":"Running hourly email journey cron..."}
{"cause":{"beforeHandshake":false,"errorLabelSet":{}},"errorLabelSet":{},"level":"error","message":"Error sending reminders: getaddrinfo ENOTFOUND ac-ghzgoxq-shard-00-01.cqtywk8.mongodb.net","reason":{"commonWireVersion":0,"compatible":true,"heartbeatFrequencyMS":10000,"localThresholdMS":15,"logicalSessionTimeoutMinutes":null,"maxElectionId":{"$oid":"7fffffff00000000000000bd"},"maxSetVersion":195,"servers":{"ac-ghzgoxq-shard-00-00.cqtywk8.mongodb.net:27017":{"$clusterTime":null,"address":"ac-ghzgoxq-shard-00-00.cqtywk8.mongodb.net:27017","arbiters":[],"electionId":null,"error":{"beforeHandshake":false,"errorLabelSet":{}},"hosts":[],"iscryptd":false,"lastUpdateTime":1705410211,"lastWriteDate":0,"logicalSessionTimeoutMinutes":null,"maxBsonObjectSize":null,"maxMessageSizeBytes":null,"maxWireVersion":0,"maxWriteBatchSize":null,"me":null,"minRoundTripTime":0,"minWireVersion":0,"passives":[],"primary":null,"roundTripTime":-1,"setName":null,"setVersion":null,"tags":{},"topologyVersion":null,"type":"Unknown"},"ac-ghzgoxq-shard-00-01.cqtywk8.mongodb.net:27017":{"$clusterTime":null,"address":"ac-ghzgoxq-shard-00-01.cqtywk8.mongodb.net:27017","arbiters":[],"electionId":null,"error":{"beforeHandshake":false,"errorLabelSet":{}},"hosts":[],"iscryptd":false,"lastUpdateTime":1705410211,"lastWriteDate":0,"logicalSessionTimeoutMinutes":null,"maxBsonObjectSize":null,"maxMessageSizeBytes":null,"maxWireVersion":0,"maxWriteBatchSize":null,"me":null,"minRoundTripTime":0,"minWireVersion":0,"passives":[],"primary":null,"roundTripTime":-1,"setName":null,"setVersion":null,"tags":{},"topologyVersion":null,"type":"Unknown"},"ac-ghzgoxq-shard-00-02.cqtywk8.mongodb.net:27017":{"$clusterTime":null,"address":"ac-ghzgoxq-shard-00-02.cqtywk8.mongodb.net:27017","arbiters":[],"electionId":null,"error":{"beforeHandshake":false,"errorLabelSet":{}},"hosts":[],"iscryptd":false,"lastUpdateTime":1705410211,"lastWriteDate":0,"logicalSessionTimeoutMinutes":null,"maxBsonObjectSize":null,"maxMessageSizeBytes":null,"maxWireVersion":0,"maxWriteBatchSize":null,"me":null,"minRoundTripTime":0,"minWireVersion":0,"passives":[],"primary":null,"roundTripTime":-1,"setName":null,"setVersion":null,"tags":{},"topologyVersion":null,"type":"Unknown"}},"setName":"atlas-v9tktt-shard-0","stale":false,"type":"ReplicaSetNoPrimary"},"stack":"MongoServerSelectionError: getaddrinfo ENOTFOUND ac-ghzgoxq-shard-00-01.cqtywk8.mongodb.net\n    at Topology.selectServer (/Users/hashir/Library/CloudStorage/OneDrive-Coredge.ioIndiaPrivateLimited/Documents/hashir-dev/event-sphere/backend/node_modules/mongodb/src/sdam/topology.ts:630:30)\n    at runNextTicks (node:internal/process/task_queues:65:5)\n    at listOnTimeout (node:internal/timers:567:9)\n    at process.processTimers (node:internal/timers:541:7)\n    at async tryOperation (/Users/hashir/Library/CloudStorage/OneDrive-Coredge.ioIndiaPrivateLimited/Documents/hashir-dev/event-sphere/backend/node_modules/mongodb/src/operations/execute_operation.ts:206:16)\n    at async executeOperation (/Users/hashir/Library/CloudStorage/OneDrive-Coredge.ioIndiaPrivateLimited/Documents/hashir-dev/event-sphere/backend/node_modules/mongodb/src/operations/execute_operation.ts:123:12)\n    at async FindCursor._initialize (/Users/hashir/Library/CloudStorage/OneDrive-Coredge.ioIndiaPrivateLimited/Documents/hashir-dev/event-sphere/backend/node_modules/mongodb/src/cursor/find_cursor.ts:92:22)\n    at async FindCursor.cursorInit (/Users/hashir/Library/CloudStorage/OneDrive-Coredge.ioIndiaPrivateLimited/Documents/hashir-dev/event-sphere/backend/node_modules/mongodb/src/cursor/abstract_cursor.ts:917:21)\n    at async FindCursor.fetchBatch (/Users/hashir/Library/CloudStorage/OneDrive-Coredge.ioIndiaPrivateLimited/Documents/hashir-dev/event-sphere/backend/node_modules/mongodb/src/cursor/abstract_cursor.ts:955:7)\n    at async FindCursor.next (/Users/hashir/Library/CloudStorage/OneDrive-Coredge.ioIndiaPrivateLimited/Documents/hashir-dev/event-sphere/backend/node_modules/mongodb/src/cursor/abstract_cursor.ts:573:9)"}
{"cause":{"beforeHandshake":false,"errorLabelSet":{}},"errorLabelSet":{},"level":"error","message":"Error sending reminders: getaddrinfo ENOTFOUND ac-ghzgoxq-shard-00-01.cqtywk8.mongodb.net","reason":{"commonWireVersion":0,"compatible":true,"heartbeatFrequencyMS":10000,"localThresholdMS":15,"logicalSessionTimeoutMinutes":null,"maxElectionId":{"$oid":"7fffffff00000000000000bd"},"maxSetVersion":195,"servers":{"ac-ghzgoxq-shard-00-00.cqtywk8.mongodb.net:27017":{"$clusterTime":null,"address":"ac-ghzgoxq-shard-00-00.cqtywk8.mongodb.net:27017","arbiters":[],"electionId":null,"error":{"beforeHandshake":false,"errorLabelSet":{}},"hosts":[],"iscryptd":false,"lastUpdateTime":1705410208,"lastWriteDate":0,"logicalSessionTimeoutMinutes":null,"maxBsonObjectSize":null,"maxMessageSizeBytes":null,"maxWireVersion":0,"maxWriteBatchSize":null,"me":null,"minRoundTripTime":0,"minWireVersion":0,"passives":[],"primary":null,"roundTripTime":-1,"setName":null,"setVersion":null,"tags":{},"topologyVersion":null,"type":"Unknown"},"ac-ghzgoxq-shard-00-01.cqtywk8.mongodb.net:27017":{"$clusterTime":null,"address":"ac-ghzgoxq-shard-00-01.cqtywk8.mongodb.net:27017","arbiters":[],"electionId":null,"error":{"beforeHandshake":false,"errorLabelSet":{}},"hosts":[],"iscryptd":false,"lastUpdateTime":1705410208,"lastWriteDate":0,"logicalSessionTimeoutMinutes":null,"maxBsonObjectSize":null,"maxMessageSizeBytes":null,"maxWireVersion":0,"maxWriteBatchSize":null,"me":null,"minRoundTripTime":0,"minWireVersion":0,"passives":[],"primary":null,"roundTripTime":-1,"setName":null,"setVersion":null,"tags":{},"topologyVersion":null,"type":"Unknown"},"ac-ghzgoxq-shard-00-02.cqtywk8.mongodb.net:27017":{"$clusterTime":null,"address":"ac-ghzgoxq-shard-00-02.cqtywk8.mongodb.net:27017","arbiters":[],"electionId":null,"error":{"beforeHandshake":false,"errorLabelSet":{}},"hosts":[],"iscryptd":false,"lastUpdateTime":1705410210,"lastWriteDate":0,"logicalSessionTimeoutMinutes":null,"maxBsonObjectSize":null,"maxMessageSizeBytes":null,"maxWireVersion":0,"maxWriteBatchSize":null,"me":null,"minRoundTripTime":0,"minWireVersion":0,"passives":[],"primary":null,"roundTripTime":-1,"setName":null,"setVersion":null,"tags":{},"topologyVersion":null,"type":"Unknown"}},"setName":"atlas-v9tktt-shard-0","stale":false,"type":"ReplicaSetNoPrimary"},"stack":"MongoServerSelectionError: getaddrinfo ENOTFOUND ac-ghzgoxq-shard-00-01.cqtywk8.mongodb.net\n    at Topology.selectServer (/Users/hashir/Library/CloudStorage/OneDrive-Coredge.ioIndiaPrivateLimited/Documents/hashir-dev/event-sphere/backend/node_modules/mongodb/src/sdam/topology.ts:630:30)\n    at runNextTicks (node:internal/process/task_queues:65:5)\n    at listOnTimeout (node:internal/timers:567:9)\n    at process.processTimers (node:internal/timers:541:7)\n    at async tryOperation (/Users/hashir/Library/CloudStorage/OneDrive-Coredge.ioIndiaPrivateLimited/Documents/hashir-dev/event-sphere/backend/node_modules/mongodb/src/operations/execute_operation.ts:206:16)\n    at async executeOperation (/Users/hashir/Library/CloudStorage/OneDrive-Coredge.ioIndiaPrivateLimited/Documents/hashir-dev/event-sphere/backend/node_modules/mongodb/src/operations/execute_operation.ts:123:12)\n    at async FindCursor._initialize (/Users/hashir/Library/CloudStorage/OneDrive-Coredge.ioIndiaPrivateLimited/Documents/hashir-dev/event-sphere/backend/node_modules/mongodb/src/cursor/find_cursor.ts:92:22)\n    at async FindCursor.cursorInit (/Users/hashir/Library/CloudStorage/OneDrive-Coredge.ioIndiaPrivateLimited/Documents/hashir-dev/event-sphere/backend/node_modules/mongodb/src/cursor/abstract_cursor.ts:917:21)\n    at async FindCursor.fetchBatch (/Users/hashir/Library/CloudStorage/OneDrive-Coredge.ioIndiaPrivateLimited/Documents/hashir-dev/event-sphere/backend/node_modules/mongodb/src/cursor/abstract_cursor.ts:955:7)\n    at async FindCursor.next (/Users/hashir/Library/CloudStorage/OneDrive-Coredge.ioIndiaPrivateLimited/Documents/hashir-dev/event-sphere/backend/node_modules/mongodb/src/cursor/abstract_cursor.ts:573:9)"}
{"cause":{"beforeHandshake":false,"errorLabelSet":{}},"errorLabelSet":{},"level":"error","message":"Error sending review requests: getaddrinfo ENOTFOUND ac-ghzgoxq-shard-00-01.cqtywk8.mongodb.net","reason":{"commonWireVersion":0,"compatible":true,"heartbeatFrequencyMS":10000,"localThresholdMS":15,"logicalSessionTimeoutMinutes":null,"maxElectionId":{"$oid":"7fffffff00000000000000bd"},"maxSetVersion":195,"servers":{"ac-ghzgoxq-shard-00-00.cqtywk8.mongodb.net:27017":{"$clusterTime":null,"address":"ac-ghzgoxq-shard-00-00.cqtywk8.mongodb.net:27017","arbiters":[],"electionId":null,"error":{"beforeHandshake":false,"errorLabelSet":{}},"hosts":[],"iscryptd":false,"lastUpdateTime":1705410211,"lastWriteDate":0,"logicalSessionTimeoutMinutes":null,"maxBsonObjectSize":null,"maxMessageSizeBytes":null,"maxWireVersion":0,"maxWriteBatchSize":null,"me":null,"minRoundTripTime":0,"minWireVersion":0,"passives":[],"primary":null,"roundTripTime":-1,"setName":null,"setVersion":null,"tags":{},"topologyVersion":null,"type":"Unknown"},"ac-ghzgoxq-shard-00-01.cqtywk8.mongodb.net:27017":{"$clusterTime":null,"address":"ac-ghzgoxq-shard-00-01.cqtywk8.mongodb.net:27017","arbiters":[],"electionId":null,"error":{"beforeHandshake":false,"errorLabelSet":{}},"hosts":[],"iscryptd":false,"lastUpdateTime":1705410211,"lastWriteDate":0,"logicalSessionTimeoutMinutes":null,"maxBsonObjectSize":null,"maxMessageSizeBytes":null,"maxWireVersion":0,"maxWriteBatchSize":null,"me":null,"minRoundTripTime":0,"minWireVersion":0,"passives":[],"primary":null,"roundTripTime":-1,"setName":null,"setVersion":null,"tags":{},"topologyVersion":null,"type":"Unknown"},"ac-ghzgoxq-shard-00-02.cqtywk8.mongodb.net:27017":{"$clusterTime":null,"address":"ac-ghzgoxq-shard-00-02.cqtywk8.mongodb.net:27017","arbiters":[],"electionId":null,"error":{"beforeHandshake":false,"errorLabelSet":{}},"hosts":[],"iscryptd":false,"lastUpdateTime":1705410211,"lastWriteDate":0,"logicalSessionTimeoutMinutes":null,"maxBsonObjectSize":null,"maxMessageSizeBytes":null,"maxWireVersion":0,"maxWriteBatchSize":null,"me":null,"minRoundTripTime":0,"minWireVersion":0,"passives":[],"primary":null,"roundTripTime":-1,"setName":null,"setVersion":null,"tags":{},"topologyVersion":null,"type":"Unknown"}},"setName":"atlas-v9tktt-shard-0","stale":false,"type":"ReplicaSetNoPrimary"},"stack":"MongoServerSelectionError: getaddrinfo ENOTFOUND ac-ghzgoxq-shard-00-01.cqtywk8.mongodb.net\n    at Topology.selectServer (/Users/hashir/Library/CloudStorage/OneDrive-Coredge.ioIndiaPrivateLimited/Documents/hashir-dev/event-sphere/backend/node_modules/mongodb/src/sdam/topology.ts:630:30)\n    at async tryOperation (/Users/hashir/Library/CloudStorage/OneDrive-Coredge.ioIndiaPrivateLimited/Documents/hashir-dev/event-sphere/backend/node_modules/mongodb/src/operations/execute_operation.ts:206:16)\n    at async executeOperation (/Users/hashir/Library/CloudStorage/OneDrive-Coredge.ioIndiaPrivateLimited/Documents/hashir-dev/event-sphere/backend/node_modules/mongodb/src/operations/execute_operation.ts:123:12)\n    at async FindCursor._initialize (/Users/hashir/Library/CloudStorage/OneDrive-Coredge.ioIndiaPrivateLimited/Documents/hashir-dev/event-sphere/backend/node_modules/mongodb/src/cursor/find_cursor.ts:92:22)\n    at async FindCursor.cursorInit (/Users/hashir/Library/CloudStorage/OneDrive-Coredge.ioIndiaPrivateLimited/Documents/hashir-dev/event-sphere/backend/node_modules/mongodb/src/cursor/abstract_cursor.ts:917:21)\n    at async FindCursor.fetchBatch (/Users/hashir/Library/CloudStorage/OneDrive-Coredge.ioIndiaPrivateLimited/Documents/hashir-dev/event-sphere/backend/node_modules/mongodb/src/cursor/abstract_cursor.ts:955:7)\n    at async FindCursor.next (/Users/hashir/Library/CloudStorage/OneDrive-Coredge.ioIndiaPrivateLimited/Documents/hashir-dev/event-sphere/backend/node_modules/mongodb/src/cursor/abstract_cursor.ts:573:9)\n    at async FindCursor.[Symbol.asyncIterator] (/Users/hashir/Library/CloudStorage/OneDrive-Coredge.ioIndiaPrivateLimited/Documents/hashir-dev/event-sphere/backend/node_modules/mongodb/src/cursor/abstract_cursor.ts:492:26)\n    at async FindCursor.toArray (/Users/hashir/Library/CloudStorage/OneDrive-Coredge.ioIndiaPrivateLimited/Documents/hashir-dev/event-sphere/backend/node_modules/mongodb/src/cursor/abstract_cursor.ts:661:22)\n    at async model.Query._find (/Users/hashir/Library/CloudStorage/OneDrive-Coredge.ioIndiaPrivateLimited/Documents/hashir-dev/event-sphere/backend/node_modules/mongoose/lib/query.js:2432:14)"}
{"cause":{"beforeHandshake":false,"errorLabelSet":{}},"errorLabelSet":{},"level":"error","message":"Error sending review requests: getaddrinfo ENOTFOUND ac-ghzgoxq-shard-00-01.cqtywk8.mongodb.net","reason":{"commonWireVersion":0,"compatible":true,"heartbeatFrequencyMS":10000,"localThresholdMS":15,"logicalSessionTimeoutMinutes":null,"maxElectionId":{"$oid":"7fffffff00000000000000bd"},"maxSetVersion":195,"servers":{"ac-ghzgoxq-shard-00-00.cqtywk8.mongodb.net:27017":{"$clusterTime":null,"address":"ac-ghzgoxq-shard-00-00.cqtywk8.mongodb.net:27017","arbiters":[],"electionId":null,"error":{"beforeHandshake":false,"errorLabelSet":{}},"hosts":[],"iscryptd":false,"lastUpdateTime":1705410208,"lastWriteDate":0,"logicalSessionTimeoutMinutes":null,"maxBsonObjectSize":null,"maxMessageSizeBytes":null,"maxWireVersion":0,"maxWriteBatchSize":null,"me":null,"minRoundTripTime":0,"minWireVersion":0,"passives":[],"primary":null,"roundTripTime":-1,"setName":null,"setVersion":null,"tags":{},"topologyVersion":null,"type":"Unknown"},"ac-ghzgoxq-shard-00-01.cqtywk8.mongodb.net:27017":{"$clusterTime":null,"address":"ac-ghzgoxq-shard-00-01.cqtywk8.mongodb.net:27017","arbiters":[],"electionId":null,"error":{"beforeHandshake":false,"errorLabelSet":{}},"hosts":[],"iscryptd":false,"lastUpdateTime":1705410208,"lastWriteDate":0,"logicalSessionTimeoutMinutes":null,"maxBsonObjectSize":null,"maxMessageSizeBytes":null,"maxWireVersion":0,"maxWriteBatchSize":null,"me":null,"minRoundTripTime":0,"minWireVersion":0,"passives":[],"primary":null,"roundTripTime":-1,"setName":null,"setVersion":null,"tags":{},"topologyVersion":null,"type":"Unknown"},"ac-ghzgoxq-shard-00-02.cqtywk8.mongodb.net:27017":{"$clusterTime":null,"address":"ac-ghzgoxq-shard-00-02.cqtywk8.mongodb.net:27017","arbiters":[],"electionId":null,"error":{"beforeHandshake":false,"errorLabelSet":{}},"hosts":[],"iscryptd":false,"lastUpdateTime":1705410210,"lastWriteDate":0,"logicalSessionTimeoutMinutes":null,"maxBsonObjectSize":null,"maxMessageSizeBytes":null,"maxWireVersion":0,"maxWriteBatchSize":null,"me":null,"minRoundTripTime":0,"minWireVersion":0,"passives":[],"primary":null,"roundTripTime":-1,"setName":null,"setVersion":null,"tags":{},"topologyVersion":null,"type":"Unknown"}},"setName":"atlas-v9tktt-shard-0","stale":false,"type":"ReplicaSetNoPrimary"},"stack":"MongoServerSelectionError: getaddrinfo ENOTFOUND ac-ghzgoxq-shard-00-01.cqtywk8.mongodb.net\n    at Topology.selectServer (/Users/hashir/Library/CloudStorage/OneDrive-Coredge.ioIndiaPrivateLimited/Documents/hashir-dev/event-sphere/backend/node_modules/mongodb/src/sdam/topology.ts:630:30)\n    at async tryOperation (/Users/hashir/Library/CloudStorage/OneDrive-Coredge.ioIndiaPrivateLimited/Documents/hashir-dev/event-sphere/backend/node_modules/mongodb/src/operations/execute_operation.ts:206:16)\n    at async executeOperation (/Users/hashir/Library/CloudStorage/OneDrive-Coredge.ioIndiaPrivateLimited/Documents/hashir-dev/event-sphere/backend/node_modules/mongodb/src/operations/execute_operation.ts:123:12)\n    at async FindCursor._initialize (/Users/hashir/Library/CloudStorage/OneDrive-Coredge.ioIndiaPrivateLimited/Documents/hashir-dev/event-sphere/backend/node_modules/mongodb/src/cursor/find_cursor.ts:92:22)\n    at async FindCursor.cursorInit (/Users/hashir/Library/CloudStorage/OneDrive-Coredge.ioIndiaPrivateLimited/Documents/hashir-dev/event-sphere/backend/node_modules/mongodb/src/cursor/abstract_cursor.ts:917:21)\n    at async FindCursor.fetchBatch (/Users/hashir/Library/CloudStorage/OneDrive-Coredge.ioIndiaPrivateLimited/Documents/hashir-dev/event-sphere/backend/node_modules/mongodb/src/cursor/abstract_cursor.ts:955:7)\n    at async FindCursor.next (/Users/hashir/Library/CloudStorage/OneDrive-Coredge.ioIndiaPrivateLimited/Documents/hashir-dev/event-sphere/backend/node_modules/mongodb/src/cursor/abstract_cursor.ts:573:9)\n    at async FindCursor.[Symbol.asyncIterator] (/Users/hashir/Library/CloudStorage/OneDrive-Coredge.ioIndiaPrivateLimited/Documents/hashir-dev/event-sphere/backend/node_modules/mongodb/src/cursor/abstract_cursor.ts:492:26)\n    at async FindCursor.toArray (/Users/hashir/Library/CloudStorage/OneDrive-Coredge.ioIndiaPrivateLimited/Documents/hashir-dev/event-sphere/backend/node_modules/mongodb/src/cursor/abstract_cursor.ts:661:22)\n    at async model.Query._find (/Users/hashir/Library/CloudStorage/OneDrive-Coredge.ioIndiaPrivateLimited/Documents/hashir-dev/event-sphere/backend/node_modules/mongoose/lib/query.js:2432:14)"}
{"level":"info","message":"Running hourly email journey cron..."}
{"level":"info","message":"Running hourly email journey cron..."}
{"level":"info","message":"Running hourly email journey cron..."}
{"level":"info","message":"Running hourly email journey cron..."}
{"level":"info","message":"Cron jobs initialized"}
{"level":"info","message":"Cron jobs initialized"}
{"level":"info","message":"Cron jobs initialized"}
{"level":"info","message":"Cron jobs initialized"}
{"level":"info","message":"Cron jobs initialized"}
{"level":"info","message":"Cron jobs initialized"}
{"level":"info","message":"Cron jobs initialized"}
{"level":"info","message":"Cron jobs initialized"}
{"level":"info","message":"Cron jobs initialized"}
{"level":"info","message":"Cron jobs initialized"}
{"level":"info","message":"Cron jobs initialized"}
{"level":"info","message":"Cron jobs initialized"}
{"level":"info","message":"Cron jobs initialized"}
{"level":"info","message":"Cron jobs initialized"}
{"level":"info","message":"Cron jobs initialized"}
{"level":"info","message":"Cron jobs initialized"}
{"level":"info","message":"Cron jobs initialized"}
{"level":"info","message":"Cron jobs initialized"}
{"level":"info","message":"Cron jobs initialized"}
{"level":"info","message":"Cron jobs initialized"}
{"level":"info","message":"Cron jobs initialized"}
{"level":"info","message":"Cron jobs initialized"}
{"level":"info","message":"Cron jobs initialized"}
{"level":"info","message":"Cron jobs initialized"}
{"level":"info","message":"Cron jobs initialized"}
{"level":"info","message":"Cron jobs initialized"}
{"level":"info","message":"Cron jobs initialized"}
{"level":"info","message":"Cron jobs initialized"}
{"level":"info","message":"Cron jobs initialized"}
{"level":"info","message":"Cron jobs initialized"}
{"level":"info","message":"Cron jobs initialized"}
{"level":"info","message":"Cron jobs initialized"}
{"level":"info","message":"Cron jobs initialized"}
{"level":"info","message":"Cron jobs initialized"}
{"level":"info","message":"Cron jobs initialized"}
{"level":"info","message":"Cron jobs initialized"}
{"level":"info","message":"Cron jobs initialized"}
{"level":"info","message":"Cron jobs initialized"}
{"level":"info","message":"Cron jobs initialized"}
{"level":"info","message":"Cron jobs initialized"}
{"level":"info","message":"Cron jobs initialized"}
{"level":"info","message":"Cron jobs initialized"}
{"level":"info","message":"Cron jobs initialized"}
{"level":"info","message":"Cron jobs initialized"}
{"level":"info","message":"Cron jobs initialized"}
{"level":"info","message":"Cron jobs initialized"}
{"level":"info","message":"Cron jobs initialized"}
{"level":"info","message":"Cron jobs initialized"}
{"level":"info","message":"Cron jobs initialized"}
{"level":"info","message":"Cron jobs initialized"}
{"level":"info","message":"Cron jobs initialized"}
{"level":"info","message":"Cron jobs initialized"}
{"level":"info","message":"Cron jobs initialized"}
{"level":"info","message":"Cron jobs initialized"}
{"level":"info","message":"Cron jobs initialized"}
{"level":"info","message":"Cron jobs initialized"}
{"level":"info","message":"Cron jobs initialized"}
{"level":"info","message":"Cron jobs initialized"}
{"level":"info","message":"Running hourly email journey cron..."}
{"level":"info","message":"Running hourly email journey cron..."}
{"level":"info","message":"Running hourly email journey cron..."}
{"level":"info","message":"Cron jobs initialized"}
{"level":"info","message":"Cron jobs initialized"}
{"level":"info","message":"Cron jobs initialized"}
{"level":"info","message":"Cron jobs initialized"}
{"level":"info","message":"Running hourly email journey cron..."}
{"level":"info","message":"Running hourly email journey cron..."}
{"level":"info","message":"Cron jobs initialized"}
{"level":"info","message":"Cron jobs initialized"}
{"level":"info","message":"Cron jobs initialized"}
{"level":"info","message":"Cron jobs initialized"}
{"level":"info","message":"Cron jobs initialized"}
{"level":"info","message":"Cron jobs initialized"}
{"level":"info","message":"Cron jobs initialized"}
{"level":"info","message":"Cron jobs initialized"}
{"level":"info","message":"Cron jobs initialized"}
{"level":"info","message":"Cron jobs initialized"}
{"level":"info","message":"Cron jobs initialized"}
{"level":"info","message":"Cron jobs initialized"}
{"level":"info","message":"Cron jobs initialized"}
{"level":"info","message":"Cron jobs initialized"}
{"level":"info","message":"Cron jobs initialized"}
{"level":"info","message":"Cron jobs initialized"}
{"level":"info","message":"Cron jobs initialized"}
{"level":"info","message":"Cron jobs initialized"}
{"level":"info","message":"Running hourly email journey cron..."}
{"level":"info","message":"Running hourly email journey cron..."}
{"level":"info","message":"Running hourly email journey cron..."}
{"level":"info","message":"Running hourly email journey cron..."}
{"level":"info","message":"Cron jobs initialized"}
{"level":"info","message":"Cron jobs initialized"}
{"level":"info","message":"Running external service ping..."}
{"level":"info","message":"Running external service ping..."}
{"level":"info","message":"Ping successful: 200 - 2026-04-17T11:45:01.278Z"}
{"level":"info","message":"Ping successful: 200 - 2026-04-17T11:45:01.633Z"}
{"level":"info","message":"Running external service ping..."}
{"level":"info","message":"Running external service ping..."}
{"level":"info","message":"Ping successful: 200 - 2026-04-17T12:05:01.700Z"}
{"level":"info","message":"Ping successful: 200 - 2026-04-17T12:05:01.703Z"}
{"level":"info","message":"Running external service ping..."}
{"level":"info","message":"Running external service ping..."}
{"level":"info","message":"Ping successful: 200 - 2026-04-17T12:10:01.603Z"}
{"level":"info","message":"Ping successful: 200 - 2026-04-17T12:10:01.603Z"}
{"level":"info","message":"Running external service ping..."}
{"level":"info","message":"Running external service ping..."}
{"level":"info","message":"Ping successful: 200 - 2026-04-17T12:15:01.015Z"}
{"level":"info","message":"Ping successful: 200 - 2026-04-17T12:15:01.020Z"}
{"level":"info","message":"Running external service ping..."}
{"level":"info","message":"Running external service ping..."}
{"level":"info","message":"Ping successful: 200 - 2026-04-17T12:20:01.099Z"}
{"level":"info","message":"Ping successful: 200 - 2026-04-17T12:20:01.174Z"}
{"level":"info","message":"Running external service ping..."}
{"level":"info","message":"Running external service ping..."}
{"level":"info","message":"Ping successful: 200 - 2026-04-17T12:25:00.910Z"}
{"level":"info","message":"Ping successful: 200 - 2026-04-17T12:25:00.931Z"}
{"level":"info","message":"Running hourly email journey cron..."}
{"level":"info","message":"Running hourly email journey cron..."}
{"level":"info","message":"Running external service ping..."}
{"level":"info","message":"Running external service ping..."}
{"level":"info","message":"Ping successful: 200 - 2026-04-17T12:30:01.262Z"}
{"level":"info","message":"Ping successful: 200 - 2026-04-17T12:30:01.602Z"}
{"level":"info","message":"Running external service ping..."}
{"level":"info","message":"Running external service ping..."}
{"level":"info","message":"Ping successful: 200 - 2026-04-17T12:35:01.507Z"}
{"level":"info","message":"Ping successful: 200 - 2026-04-17T12:35:01.510Z"}
{"level":"info","message":"Running external service ping..."}
{"level":"info","message":"Running external service ping..."}
{"level":"info","message":"Ping successful: 200 - 2026-04-17T12:40:01.272Z"}
{"level":"info","message":"Ping successful: 200 - 2026-04-17T12:40:01.272Z"}
{"level":"info","message":"Running external service ping..."}
{"level":"info","message":"Running external service ping..."}
{"level":"info","message":"Ping successful: 200 - 2026-04-17T12:45:01.192Z"}
{"level":"info","message":"Ping successful: 200 - 2026-04-17T12:45:01.195Z"}
{"level":"info","message":"Running external service ping..."}
{"level":"info","message":"Running external service ping..."}
{"level":"info","message":"Ping successful: 200 - 2026-04-17T12:50:01.219Z"}
{"level":"info","message":"Ping successful: 200 - 2026-04-17T12:50:01.225Z"}
{"level":"info","message":"Running external service ping..."}
{"level":"info","message":"Running external service ping..."}
{"level":"info","message":"Ping successful: 200 - 2026-04-17T12:55:00.887Z"}
{"level":"info","message":"Ping successful: 200 - 2026-04-17T12:55:01.266Z"}
{"level":"info","message":"Running external service ping..."}
{"level":"info","message":"Running external service ping..."}
{"level":"info","message":"Ping successful: 200 - 2026-04-17T13:00:01.216Z"}
{"level":"info","message":"Ping successful: 200 - 2026-04-17T13:00:01.218Z"}
{"level":"info","message":"Running external service ping..."}
{"level":"info","message":"Running external service ping..."}
{"level":"info","message":"Ping successful: 200 - 2026-04-17T13:05:00.817Z"}
{"level":"info","message":"Ping successful: 200 - 2026-04-17T13:05:01.180Z"}
{"level":"info","message":"Running external service ping..."}
{"level":"info","message":"Running external service ping..."}
{"level":"info","message":"Ping successful: 200 - 2026-04-17T13:10:00.905Z"}
{"level":"info","message":"Ping successful: 200 - 2026-04-17T13:10:01.233Z"}
{"level":"info","message":"Running external service ping..."}
{"level":"info","message":"Running external service ping..."}
{"level":"info","message":"Ping successful: 200 - 2026-04-17T13:15:01.161Z"}
{"level":"info","message":"Ping successful: 200 - 2026-04-17T13:15:01.182Z"}
{"level":"info","message":"Running external service ping..."}
{"level":"info","message":"Running external service ping..."}
{"level":"info","message":"Ping successful: 200 - 2026-04-17T13:20:00.883Z"}
{"level":"info","message":"Ping successful: 200 - 2026-04-17T13:20:01.228Z"}
{"level":"info","message":"Running external service ping..."}
{"level":"info","message":"Running external service ping..."}
{"level":"info","message":"Ping successful: 200 - 2026-04-17T13:25:01.181Z"}
{"level":"info","message":"Ping successful: 200 - 2026-04-17T13:25:01.226Z"}
{"level":"info","message":"Running external service ping..."}
{"level":"info","message":"Running external service ping..."}
{"level":"info","message":"Running hourly email journey cron..."}
{"level":"info","message":"Running hourly email journey cron..."}
{"level":"info","message":"Ping successful: 200 - 2026-04-17T13:30:00.923Z"}
{"level":"info","message":"Ping successful: 200 - 2026-04-17T13:30:01.243Z"}
{"level":"info","message":"Running external service ping..."}
{"level":"info","message":"Running external service ping..."}
{"level":"info","message":"Ping successful: 200 - 2026-04-17T13:35:00.880Z"}
{"level":"info","message":"Ping successful: 200 - 2026-04-17T13:35:01.221Z"}
{"level":"info","message":"Running external service ping..."}
{"level":"info","message":"Ping successful: 200 - 2026-04-17T13:40:01.379Z"}
{"level":"info","message":"Running external service ping..."}
{"level":"info","message":"Ping successful: 200 - 2026-04-17T13:45:01.258Z"}
{"level":"info","message":"Running external service ping..."}
{"level":"info","message":"Ping successful: 200 - 2026-04-17T13:50:01.287Z"}
{"level":"info","message":"Running external service ping..."}
{"level":"info","message":"Ping successful: 200 - 2026-04-17T13:55:01.192Z"}
{"level":"info","message":"Running external service ping..."}
{"level":"info","message":"Ping successful: 200 - 2026-04-17T14:00:01.190Z"}
{"level":"info","message":"Running external service ping..."}
{"level":"info","message":"Ping successful: 200 - 2026-04-17T14:05:01.178Z"}
{"level":"info","message":"Running external service ping..."}
{"level":"info","message":"Ping successful: 200 - 2026-04-17T14:10:01.186Z"}
{"level":"info","message":"Running external service ping..."}
{"level":"info","message":"Ping successful: 200 - 2026-04-17T14:15:00.885Z"}
{"level":"info","message":"Running external service ping..."}
{"level":"info","message":"Ping successful: 200 - 2026-04-17T14:20:01.215Z"}
{"level":"info","message":"Running external service ping..."}
{"level":"info","message":"Ping successful: 200 - 2026-04-17T14:25:01.291Z"}
{"level":"info","message":"Running external service ping..."}
{"level":"info","message":"Running hourly email journey cron..."}
{"level":"info","message":"Ping successful: 200 - 2026-04-17T14:30:01.231Z"}
{"level":"info","message":"Running external service ping..."}
{"level":"info","message":"Ping successful: 200 - 2026-04-17T14:35:01.159Z"}
{"level":"info","message":"Running external service ping..."}
{"level":"info","message":"Ping successful: 200 - 2026-04-17T14:40:01.260Z"}
{"level":"info","message":"Running external service ping..."}
{"level":"info","message":"Ping successful: 200 - 2026-04-17T14:45:01.228Z"}
{"level":"info","message":"Running external service ping..."}
{"level":"info","message":"Ping successful: 200 - 2026-04-17T14:50:00.903Z"}
{"level":"info","message":"Running external service ping..."}
{"level":"info","message":"Ping successful: 200 - 2026-04-17T14:55:00.842Z"}
{"level":"info","message":"Running external service ping..."}
{"level":"error","message":"Ping failed: timeout of 10000ms exceeded - 2026-04-17T15:00:10.053Z"}
{"level":"info","message":"Running external service ping..."}
{"level":"error","message":"Ping failed: timeout of 10000ms exceeded - 2026-04-17T15:05:10.054Z"}
{"level":"info","message":"Running external service ping..."}
{"level":"error","message":"Ping failed: timeout of 10000ms exceeded - 2026-04-17T15:10:10.040Z"}
{"level":"info","message":"Running external service ping..."}
{"level":"error","message":"Ping failed: timeout of 10000ms exceeded - 2026-04-17T15:15:10.047Z"}
{"level":"info","message":"Running external service ping..."}
{"level":"error","message":"Ping failed: timeout of 10000ms exceeded - 2026-04-17T15:20:10.080Z"}
{"level":"info","message":"Running external service ping..."}
{"level":"error","message":"Ping failed: timeout of 10000ms exceeded - 2026-04-17T15:25:10.072Z"}
{"level":"info","message":"Running external service ping..."}
{"level":"info","message":"Running hourly email journey cron..."}
{"level":"error","message":"Ping failed: timeout of 10000ms exceeded - 2026-04-17T15:30:10.059Z"}
{"cause":{"beforeHandshake":false,"errorLabelSet":{}},"errorLabelSet":{},"level":"error","message":"Error sending reminders: Socket 'secureConnect' timed out after 30001ms (connectTimeoutMS: 30000)","reason":{"commonWireVersion":0,"compatible":true,"heartbeatFrequencyMS":10000,"localThresholdMS":15,"logicalSessionTimeoutMinutes":null,"maxElectionId":{"$oid":"7fffffff00000000000000bd"},"maxSetVersion":196,"servers":{"ac-ghzgoxq-shard-00-00.cqtywk8.mongodb.net:27017":{"$clusterTime":null,"address":"ac-ghzgoxq-shard-00-00.cqtywk8.mongodb.net:27017","arbiters":[],"electionId":null,"error":{"beforeHandshake":false,"errorLabelSet":{}},"hosts":[],"iscryptd":false,"lastUpdateTime":2493803643,"lastWriteDate":0,"logicalSessionTimeoutMinutes":null,"maxBsonObjectSize":null,"maxMessageSizeBytes":null,"maxWireVersion":0,"maxWriteBatchSize":null,"me":null,"minRoundTripTime":0,"minWireVersion":0,"passives":[],"primary":null,"roundTripTime":-1,"setName":null,"setVersion":null,"tags":{},"topologyVersion":null,"type":"Unknown"},"ac-ghzgoxq-shard-00-01.cqtywk8.mongodb.net:27017":{"$clusterTime":null,"address":"ac-ghzgoxq-shard-00-01.cqtywk8.mongodb.net:27017","arbiters":[],"electionId":null,"error":{"beforeHandshake":false,"errorLabelSet":{}},"hosts":[],"iscryptd":false,"lastUpdateTime":2493802461,"lastWriteDate":0,"logicalSessionTimeoutMinutes":null,"maxBsonObjectSize":null,"maxMessageSizeBytes":null,"maxWireVersion":0,"maxWriteBatchSize":null,"me":null,"minRoundTripTime":0,"minWireVersion":0,"passives":[],"primary":null,"roundTripTime":-1,"setName":null,"setVersion":null,"tags":{},"topologyVersion":null,"type":"Unknown"},"ac-ghzgoxq-shard-00-02.cqtywk8.mongodb.net:27017":{"$clusterTime":null,"address":"ac-ghzgoxq-shard-00-02.cqtywk8.mongodb.net:27017","arbiters":[],"electionId":null,"error":{"beforeHandshake":false,"errorLabelSet":{}},"hosts":[],"iscryptd":false,"lastUpdateTime":2493805676,"lastWriteDate":0,"logicalSessionTimeoutMinutes":null,"maxBsonObjectSize":null,"maxMessageSizeBytes":null,"maxWireVersion":0,"maxWriteBatchSize":null,"me":null,"minRoundTripTime":0,"minWireVersion":0,"passives":[],"primary":null,"roundTripTime":-1,"setName":null,"setVersion":null,"tags":{},"topologyVersion":null,"type":"Unknown"}},"setName":"atlas-v9tktt-shard-0","stale":false,"type":"ReplicaSetNoPrimary"},"stack":"MongoServerSelectionError: Socket 'secureConnect' timed out after 30001ms (connectTimeoutMS: 30000)\n    at Topology.selectServer (/Users/hashir/Library/CloudStorage/OneDrive-Coredge.ioIndiaPrivateLimited/Documents/hashir-dev/event-sphere/backend/node_modules/mongodb/src/sdam/topology.ts:630:30)\n    at runNextTicks (node:internal/process/task_queues:65:5)\n    at listOnTimeout (node:internal/timers:567:9)\n    at process.processTimers (node:internal/timers:541:7)\n    at async tryOperation (/Users/hashir/Library/CloudStorage/OneDrive-Coredge.ioIndiaPrivateLimited/Documents/hashir-dev/event-sphere/backend/node_modules/mongodb/src/operations/execute_operation.ts:206:16)\n    at async executeOperation (/Users/hashir/Library/CloudStorage/OneDrive-Coredge.ioIndiaPrivateLimited/Documents/hashir-dev/event-sphere/backend/node_modules/mongodb/src/operations/execute_operation.ts:123:12)\n    at async FindCursor._initialize (/Users/hashir/Library/CloudStorage/OneDrive-Coredge.ioIndiaPrivateLimited/Documents/hashir-dev/event-sphere/backend/node_modules/mongodb/src/cursor/find_cursor.ts:92:22)\n    at async FindCursor.cursorInit (/Users/hashir/Library/CloudStorage/OneDrive-Coredge.ioIndiaPrivateLimited/Documents/hashir-dev/event-sphere/backend/node_modules/mongodb/src/cursor/abstract_cursor.ts:917:21)\n    at async FindCursor.fetchBatch (/Users/hashir/Library/CloudStorage/OneDrive-Coredge.ioIndiaPrivateLimited/Documents/hashir-dev/event-sphere/backend/node_modules/mongodb/src/cursor/abstract_cursor.ts:955:7)\n    at async FindCursor.next (/Users/hashir/Library/CloudStorage/OneDrive-Coredge.ioIndiaPrivateLimited/Documents/hashir-dev/event-sphere/backend/node_modules/mongodb/src/cursor/abstract_cursor.ts:573:9)"}
{"cause":{"beforeHandshake":false,"errorLabelSet":{}},"errorLabelSet":{},"level":"error","message":"Error sending review requests: Socket 'secureConnect' timed out after 30001ms (connectTimeoutMS: 30000)","reason":{"commonWireVersion":0,"compatible":true,"heartbeatFrequencyMS":10000,"localThresholdMS":15,"logicalSessionTimeoutMinutes":null,"maxElectionId":{"$oid":"7fffffff00000000000000bd"},"maxSetVersion":196,"servers":{"ac-ghzgoxq-shard-00-00.cqtywk8.mongodb.net:27017":{"$clusterTime":null,"address":"ac-ghzgoxq-shard-00-00.cqtywk8.mongodb.net:27017","arbiters":[],"electionId":null,"error":{"beforeHandshake":false,"errorLabelSet":{}},"hosts":[],"iscryptd":false,"lastUpdateTime":2493803643,"lastWriteDate":0,"logicalSessionTimeoutMinutes":null,"maxBsonObjectSize":null,"maxMessageSizeBytes":null,"maxWireVersion":0,"maxWriteBatchSize":null,"me":null,"minRoundTripTime":0,"minWireVersion":0,"passives":[],"primary":null,"roundTripTime":-1,"setName":null,"setVersion":null,"tags":{},"topologyVersion":null,"type":"Unknown"},"ac-ghzgoxq-shard-00-01.cqtywk8.mongodb.net:27017":{"$clusterTime":null,"address":"ac-ghzgoxq-shard-00-01.cqtywk8.mongodb.net:27017","arbiters":[],"electionId":null,"error":{"beforeHandshake":false,"errorLabelSet":{}},"hosts":[],"iscryptd":false,"lastUpdateTime":2493802461,"lastWriteDate":0,"logicalSessionTimeoutMinutes":null,"maxBsonObjectSize":null,"maxMessageSizeBytes":null,"maxWireVersion":0,"maxWriteBatchSize":null,"me":null,"minRoundTripTime":0,"minWireVersion":0,"passives":[],"primary":null,"roundTripTime":-1,"setName":null,"setVersion":null,"tags":{},"topologyVersion":null,"type":"Unknown"},"ac-ghzgoxq-shard-00-02.cqtywk8.mongodb.net:27017":{"$clusterTime":null,"address":"ac-ghzgoxq-shard-00-02.cqtywk8.mongodb.net:27017","arbiters":[],"electionId":null,"error":{"beforeHandshake":false,"errorLabelSet":{}},"hosts":[],"iscryptd":false,"lastUpdateTime":2493805676,"lastWriteDate":0,"logicalSessionTimeoutMinutes":null,"maxBsonObjectSize":null,"maxMessageSizeBytes":null,"maxWireVersion":0,"maxWriteBatchSize":null,"me":null,"minRoundTripTime":0,"minWireVersion":0,"passives":[],"primary":null,"roundTripTime":-1,"setName":null,"setVersion":null,"tags":{},"topologyVersion":null,"type":"Unknown"}},"setName":"atlas-v9tktt-shard-0","stale":false,"type":"ReplicaSetNoPrimary"},"stack":"MongoServerSelectionError: Socket 'secureConnect' timed out after 30001ms (connectTimeoutMS: 30000)\n    at Topology.selectServer (/Users/hashir/Library/CloudStorage/OneDrive-Coredge.ioIndiaPrivateLimited/Documents/hashir-dev/event-sphere/backend/node_modules/mongodb/src/sdam/topology.ts:630:30)\n    at async tryOperation (/Users/hashir/Library/CloudStorage/OneDrive-Coredge.ioIndiaPrivateLimited/Documents/hashir-dev/event-sphere/backend/node_modules/mongodb/src/operations/execute_operation.ts:206:16)\n    at async executeOperation (/Users/hashir/Library/CloudStorage/OneDrive-Coredge.ioIndiaPrivateLimited/Documents/hashir-dev/event-sphere/backend/node_modules/mongodb/src/operations/execute_operation.ts:123:12)\n    at async FindCursor._initialize (/Users/hashir/Library/CloudStorage/OneDrive-Coredge.ioIndiaPrivateLimited/Documents/hashir-dev/event-sphere/backend/node_modules/mongodb/src/cursor/find_cursor.ts:92:22)\n    at async FindCursor.cursorInit (/Users/hashir/Library/CloudStorage/OneDrive-Coredge.ioIndiaPrivateLimited/Documents/hashir-dev/event-sphere/backend/node_modules/mongodb/src/cursor/abstract_cursor.ts:917:21)\n    at async FindCursor.fetchBatch (/Users/hashir/Library/CloudStorage/OneDrive-Coredge.ioIndiaPrivateLimited/Documents/hashir-dev/event-sphere/backend/node_modules/mongodb/src/cursor/abstract_cursor.ts:955:7)\n    at async FindCursor.next (/Users/hashir/Library/CloudStorage/OneDrive-Coredge.ioIndiaPrivateLimited/Documents/hashir-dev/event-sphere/backend/node_modules/mongodb/src/cursor/abstract_cursor.ts:573:9)\n    at async FindCursor.[Symbol.asyncIterator] (/Users/hashir/Library/CloudStorage/OneDrive-Coredge.ioIndiaPrivateLimited/Documents/hashir-dev/event-sphere/backend/node_modules/mongodb/src/cursor/abstract_cursor.ts:492:26)\n    at async FindCursor.toArray (/Users/hashir/Library/CloudStorage/OneDrive-Coredge.ioIndiaPrivateLimited/Documents/hashir-dev/event-sphere/backend/node_modules/mongodb/src/cursor/abstract_cursor.ts:661:22)\n    at async model.Query._find (/Users/hashir/Library/CloudStorage/OneDrive-Coredge.ioIndiaPrivateLimited/Documents/hashir-dev/event-sphere/backend/node_modules/mongoose/lib/query.js:2432:14)"}
{"level":"info","message":"Running external service ping..."}
{"level":"error","message":"Ping failed: timeout of 10000ms exceeded - 2026-04-17T15:35:10.048Z"}
{"level":"info","message":"Running external service ping..."}
{"level":"error","message":"Ping failed: timeout of 10000ms exceeded - 2026-04-17T15:40:10.077Z"}
{"level":"info","message":"Running external service ping..."}
{"level":"error","message":"Ping failed: timeout of 10000ms exceeded - 2026-04-17T15:45:10.075Z"}
{"level":"info","message":"Running external service ping..."}
{"level":"error","message":"Ping failed: timeout of 10000ms exceeded - 2026-04-17T15:50:10.067Z"}
{"level":"info","message":"Running external service ping..."}
{"level":"error","message":"Ping failed: timeout of 10000ms exceeded - 2026-04-17T15:55:10.083Z"}
{"level":"info","message":"Running external service ping..."}
{"level":"error","message":"Ping failed: timeout of 10000ms exceeded - 2026-04-17T16:00:10.057Z"}
{"level":"info","message":"Running external service ping..."}
{"level":"error","message":"Ping failed: timeout of 10000ms exceeded - 2026-04-17T16:05:10.058Z"}
{"level":"info","message":"Running external service ping..."}
{"level":"error","message":"Ping failed: timeout of 10000ms exceeded - 2026-04-17T16:10:10.062Z"}
{"level":"info","message":"Running external service ping..."}
{"level":"error","message":"Ping failed: timeout of 10000ms exceeded - 2026-04-17T16:15:10.060Z"}
{"level":"info","message":"Running external service ping..."}
{"level":"error","message":"Ping failed: timeout of 10000ms exceeded - 2026-04-17T16:20:10.041Z"}
{"level":"info","message":"Running external service ping..."}
{"level":"error","message":"Ping failed: timeout of 10000ms exceeded - 2026-04-17T16:25:10.049Z"}
{"level":"info","message":"Running external service ping..."}
{"level":"info","message":"Running hourly email journey cron..."}
{"level":"error","message":"Ping failed: timeout of 10000ms exceeded - 2026-04-17T16:30:10.083Z"}
{"cause":{"beforeHandshake":false,"errorLabelSet":{}},"errorLabelSet":{},"level":"error","message":"Error sending reminders: Socket 'secureConnect' timed out after 30001ms (connectTimeoutMS: 30000)","reason":{"commonWireVersion":0,"compatible":true,"heartbeatFrequencyMS":10000,"localThresholdMS":15,"logicalSessionTimeoutMinutes":null,"maxElectionId":{"$oid":"7fffffff00000000000000bd"},"maxSetVersion":196,"servers":{"ac-ghzgoxq-shard-00-00.cqtywk8.mongodb.net:27017":{"$clusterTime":null,"address":"ac-ghzgoxq-shard-00-00.cqtywk8.mongodb.net:27017","arbiters":[],"electionId":null,"error":{"beforeHandshake":false,"errorLabelSet":{}},"hosts":[],"iscryptd":false,"lastUpdateTime":2497394605,"lastWriteDate":0,"logicalSessionTimeoutMinutes":null,"maxBsonObjectSize":null,"maxMessageSizeBytes":null,"maxWireVersion":0,"maxWriteBatchSize":null,"me":null,"minRoundTripTime":0,"minWireVersion":0,"passives":[],"primary":null,"roundTripTime":-1,"setName":null,"setVersion":null,"tags":{},"topologyVersion":null,"type":"Unknown"},"ac-ghzgoxq-shard-00-01.cqtywk8.mongodb.net:27017":{"$clusterTime":null,"address":"ac-ghzgoxq-shard-00-01.cqtywk8.mongodb.net:27017","arbiters":[],"electionId":null,"error":{"beforeHandshake":false,"errorLabelSet":{}},"hosts":[],"iscryptd":false,"lastUpdateTime":2497393500,"lastWriteDate":0,"logicalSessionTimeoutMinutes":null,"maxBsonObjectSize":null,"maxMessageSizeBytes":null,"maxWireVersion":0,"maxWriteBatchSize":null,"me":null,"minRoundTripTime":0,"minWireVersion":0,"passives":[],"primary":null,"roundTripTime":-1,"setName":null,"setVersion":null,"tags":{},"topologyVersion":null,"type":"Unknown"},"ac-ghzgoxq-shard-00-02.cqtywk8.mongodb.net:27017":{"$clusterTime":null,"address":"ac-ghzgoxq-shard-00-02.cqtywk8.mongodb.net:27017","arbiters":[],"electionId":null,"error":{"beforeHandshake":false,"errorLabelSet":{}},"hosts":[],"iscryptd":false,"lastUpdateTime":2497396636,"lastWriteDate":0,"logicalSessionTimeoutMinutes":null,"maxBsonObjectSize":null,"maxMessageSizeBytes":null,"maxWireVersion":0,"maxWriteBatchSize":null,"me":null,"minRoundTripTime":0,"minWireVersion":0,"passives":[],"primary":null,"roundTripTime":-1,"setName":null,"setVersion":null,"tags":{},"topologyVersion":null,"type":"Unknown"}},"setName":"atlas-v9tktt-shard-0","stale":false,"type":"ReplicaSetNoPrimary"},"stack":"MongoServerSelectionError: Socket 'secureConnect' timed out after 30001ms (connectTimeoutMS: 30000)\n    at Topology.selectServer (/Users/hashir/Library/CloudStorage/OneDrive-Coredge.ioIndiaPrivateLimited/Documents/hashir-dev/event-sphere/backend/node_modules/mongodb/src/sdam/topology.ts:630:30)\n    at runNextTicks (node:internal/process/task_queues:65:5)\n    at listOnTimeout (node:internal/timers:567:9)\n    at process.processTimers (node:internal/timers:541:7)\n    at async tryOperation (/Users/hashir/Library/CloudStorage/OneDrive-Coredge.ioIndiaPrivateLimited/Documents/hashir-dev/event-sphere/backend/node_modules/mongodb/src/operations/execute_operation.ts:206:16)\n    at async executeOperation (/Users/hashir/Library/CloudStorage/OneDrive-Coredge.ioIndiaPrivateLimited/Documents/hashir-dev/event-sphere/backend/node_modules/mongodb/src/operations/execute_operation.ts:123:12)\n    at async FindCursor._initialize (/Users/hashir/Library/CloudStorage/OneDrive-Coredge.ioIndiaPrivateLimited/Documents/hashir-dev/event-sphere/backend/node_modules/mongodb/src/cursor/find_cursor.ts:92:22)\n    at async FindCursor.cursorInit (/Users/hashir/Library/CloudStorage/OneDrive-Coredge.ioIndiaPrivateLimited/Documents/hashir-dev/event-sphere/backend/node_modules/mongodb/src/cursor/abstract_cursor.ts:917:21)\n    at async FindCursor.fetchBatch (/Users/hashir/Library/CloudStorage/OneDrive-Coredge.ioIndiaPrivateLimited/Documents/hashir-dev/event-sphere/backend/node_modules/mongodb/src/cursor/abstract_cursor.ts:955:7)\n    at async FindCursor.next (/Users/hashir/Library/CloudStorage/OneDrive-Coredge.ioIndiaPrivateLimited/Documents/hashir-dev/event-sphere/backend/node_modules/mongodb/src/cursor/abstract_cursor.ts:573:9)"}
{"cause":{"beforeHandshake":false,"errorLabelSet":{}},"errorLabelSet":{},"level":"error","message":"Error sending review requests: Socket 'secureConnect' timed out after 30001ms (connectTimeoutMS: 30000)","reason":{"commonWireVersion":0,"compatible":true,"heartbeatFrequencyMS":10000,"localThresholdMS":15,"logicalSessionTimeoutMinutes":null,"maxElectionId":{"$oid":"7fffffff00000000000000bd"},"maxSetVersion":196,"servers":{"ac-ghzgoxq-shard-00-00.cqtywk8.mongodb.net:27017":{"$clusterTime":null,"address":"ac-ghzgoxq-shard-00-00.cqtywk8.mongodb.net:27017","arbiters":[],"electionId":null,"error":{"beforeHandshake":false,"errorLabelSet":{}},"hosts":[],"iscryptd":false,"lastUpdateTime":2497394605,"lastWriteDate":0,"logicalSessionTimeoutMinutes":null,"maxBsonObjectSize":null,"maxMessageSizeBytes":null,"maxWireVersion":0,"maxWriteBatchSize":null,"me":null,"minRoundTripTime":0,"minWireVersion":0,"passives":[],"primary":null,"roundTripTime":-1,"setName":null,"setVersion":null,"tags":{},"topologyVersion":null,"type":"Unknown"},"ac-ghzgoxq-shard-00-01.cqtywk8.mongodb.net:27017":{"$clusterTime":null,"address":"ac-ghzgoxq-shard-00-01.cqtywk8.mongodb.net:27017","arbiters":[],"electionId":null,"error":{"beforeHandshake":false,"errorLabelSet":{}},"hosts":[],"iscryptd":false,"lastUpdateTime":2497393500,"lastWriteDate":0,"logicalSessionTimeoutMinutes":null,"maxBsonObjectSize":null,"maxMessageSizeBytes":null,"maxWireVersion":0,"maxWriteBatchSize":null,"me":null,"minRoundTripTime":0,"minWireVersion":0,"passives":[],"primary":null,"roundTripTime":-1,"setName":null,"setVersion":null,"tags":{},"topologyVersion":null,"type":"Unknown"},"ac-ghzgoxq-shard-00-02.cqtywk8.mongodb.net:27017":{"$clusterTime":null,"address":"ac-ghzgoxq-shard-00-02.cqtywk8.mongodb.net:27017","arbiters":[],"electionId":null,"error":{"beforeHandshake":false,"errorLabelSet":{}},"hosts":[],"iscryptd":false,"lastUpdateTime":2497396636,"lastWriteDate":0,"logicalSessionTimeoutMinutes":null,"maxBsonObjectSize":null,"maxMessageSizeBytes":null,"maxWireVersion":0,"maxWriteBatchSize":null,"me":null,"minRoundTripTime":0,"minWireVersion":0,"passives":[],"primary":null,"roundTripTime":-1,"setName":null,"setVersion":null,"tags":{},"topologyVersion":null,"type":"Unknown"}},"setName":"atlas-v9tktt-shard-0","stale":false,"type":"ReplicaSetNoPrimary"},"stack":"MongoServerSelectionError: Socket 'secureConnect' timed out after 30001ms (connectTimeoutMS: 30000)\n    at Topology.selectServer (/Users/hashir/Library/CloudStorage/OneDrive-Coredge.ioIndiaPrivateLimited/Documents/hashir-dev/event-sphere/backend/node_modules/mongodb/src/sdam/topology.ts:630:30)\n    at async tryOperation (/Users/hashir/Library/CloudStorage/OneDrive-Coredge.ioIndiaPrivateLimited/Documents/hashir-dev/event-sphere/backend/node_modules/mongodb/src/operations/execute_operation.ts:206:16)\n    at async executeOperation (/Users/hashir/Library/CloudStorage/OneDrive-Coredge.ioIndiaPrivateLimited/Documents/hashir-dev/event-sphere/backend/node_modules/mongodb/src/operations/execute_operation.ts:123:12)\n    at async FindCursor._initialize (/Users/hashir/Library/CloudStorage/OneDrive-Coredge.ioIndiaPrivateLimited/Documents/hashir-dev/event-sphere/backend/node_modules/mongodb/src/cursor/find_cursor.ts:92:22)\n    at async FindCursor.cursorInit (/Users/hashir/Library/CloudStorage/OneDrive-Coredge.ioIndiaPrivateLimited/Documents/hashir-dev/event-sphere/backend/node_modules/mongodb/src/cursor/abstract_cursor.ts:917:21)\n    at async FindCursor.fetchBatch (/Users/hashir/Library/CloudStorage/OneDrive-Coredge.ioIndiaPrivateLimited/Documents/hashir-dev/event-sphere/backend/node_modules/mongodb/src/cursor/abstract_cursor.ts:955:7)\n    at async FindCursor.next (/Users/hashir/Library/CloudStorage/OneDrive-Coredge.ioIndiaPrivateLimited/Documents/hashir-dev/event-sphere/backend/node_modules/mongodb/src/cursor/abstract_cursor.ts:573:9)\n    at async FindCursor.[Symbol.asyncIterator] (/Users/hashir/Library/CloudStorage/OneDrive-Coredge.ioIndiaPrivateLimited/Documents/hashir-dev/event-sphere/backend/node_modules/mongodb/src/cursor/abstract_cursor.ts:492:26)\n    at async FindCursor.toArray (/Users/hashir/Library/CloudStorage/OneDrive-Coredge.ioIndiaPrivateLimited/Documents/hashir-dev/event-sphere/backend/node_modules/mongodb/src/cursor/abstract_cursor.ts:661:22)\n    at async model.Query._find (/Users/hashir/Library/CloudStorage/OneDrive-Coredge.ioIndiaPrivateLimited/Documents/hashir-dev/event-sphere/backend/node_modules/mongoose/lib/query.js:2432:14)"}
{"level":"info","message":"Running external service ping..."}
{"level":"error","message":"Ping failed: timeout of 10000ms exceeded - 2026-04-17T16:35:10.050Z"}
{"level":"info","message":"Running external service ping..."}
{"level":"error","message":"Ping failed: timeout of 10000ms exceeded - 2026-04-17T16:40:10.058Z"}
{"level":"info","message":"Running external service ping..."}
{"level":"error","message":"Ping failed: timeout of 10000ms exceeded - 2026-04-17T16:45:10.058Z"}
{"level":"info","message":"Running external service ping..."}
{"level":"error","message":"Ping failed: timeout of 10000ms exceeded - 2026-04-17T16:50:10.064Z"}
{"level":"info","message":"Running external service ping..."}
{"level":"error","message":"Ping failed: timeout of 10000ms exceeded - 2026-04-17T16:55:10.068Z"}
{"level":"info","message":"Running external service ping..."}
{"level":"info","message":"Ping successful: 200 - 2026-04-17T17:00:01.268Z"}
{"level":"info","message":"Running external service ping..."}
{"level":"info","message":"Ping successful: 200 - 2026-04-17T17:15:01.260Z"}
{"level":"info","message":"Running external service ping..."}
{"level":"error","message":"Ping failed: timeout of 10000ms exceeded - 2026-04-17T18:20:10.030Z"}
{"level":"info","message":"Running external service ping..."}
{"level":"info","message":"Ping successful: 200 - 2026-04-17T20:50:01.566Z"}
{"level":"info","message":"Cron jobs initialized"}
{"level":"info","message":"Cron jobs initialized"}
{"level":"info","message":"Running external service ping..."}
{"level":"info","message":"Running external service ping..."}
{"level":"info","message":"Ping successful: 200 - 2026-04-17T20:55:01.184Z"}
{"level":"info","message":"Ping successful: 200 - 2026-04-17T20:55:01.184Z"}
{"level":"info","message":"Running external service ping..."}
{"level":"info","message":"Running external service ping..."}
{"level":"info","message":"Ping successful: 200 - 2026-04-17T21:00:01.358Z"}
{"level":"info","message":"Ping successful: 200 - 2026-04-17T21:00:01.358Z"}
{"level":"info","message":"Cron jobs initialized"}
{"level":"info","message":"Cron jobs initialized"}
{"level":"info","message":"Running external service ping..."}
{"level":"info","message":"Running external service ping..."}
{"level":"info","message":"Ping successful: 200 - 2026-04-17T21:05:01.244Z"}
{"level":"info","message":"Ping successful: 200 - 2026-04-17T21:05:01.688Z"}
{"level":"info","message":"Cron jobs initialized"}
{"level":"info","message":"Cron jobs initialized"}
{"level":"info","message":"Cron jobs initialized"}
{"level":"info","message":"Cron jobs initialized"}
{"level":"info","message":"Cron jobs initialized"}
{"level":"info","message":"Running external service ping..."}
{"level":"info","message":"Running external service ping..."}
{"level":"info","message":"Running external service ping..."}
{"level":"info","message":"Ping successful: 200 - 2026-04-17T21:10:00.817Z"}
{"level":"info","message":"Ping successful: 200 - 2026-04-17T21:10:01.167Z"}
{"level":"info","message":"Ping successful: 200 - 2026-04-17T21:10:01.180Z"}
{"level":"info","message":"Cron jobs initialized"}
{"level":"info","message":"Cron jobs initialized"}
{"level":"info","message":"Cron jobs initialized"}
{"level":"info","message":"Running external service ping..."}
{"level":"info","message":"Running external service ping..."}
{"level":"info","message":"Running external service ping..."}
{"level":"info","message":"Ping successful: 200 - 2026-04-17T21:15:01.021Z"}
{"level":"info","message":"Ping successful: 200 - 2026-04-17T21:15:01.263Z"}
{"level":"info","message":"Ping successful: 200 - 2026-04-17T21:15:01.273Z"}
{"level":"info","message":"Cron jobs initialized"}
{"level":"info","message":"Cron jobs initialized"}
{"level":"info","message":"Cron jobs initialized"}
{"level":"info","message":"Running external service ping..."}
{"level":"info","message":"Running external service ping..."}
{"level":"info","message":"Running external service ping..."}
{"level":"info","message":"Ping successful: 200 - 2026-04-17T21:20:00.863Z"}
{"level":"info","message":"Ping successful: 200 - 2026-04-17T21:20:01.183Z"}
{"level":"info","message":"Ping successful: 200 - 2026-04-17T21:20:01.184Z"}
{"level":"info","message":"Running external service ping..."}
{"level":"info","message":"Running external service ping..."}
{"level":"info","message":"Running external service ping..."}
{"level":"info","message":"Ping successful: 200 - 2026-04-17T21:25:00.882Z"}
{"level":"info","message":"Ping successful: 200 - 2026-04-17T21:25:01.199Z"}
{"level":"info","message":"Ping successful: 200 - 2026-04-17T21:25:01.199Z"}
{"level":"info","message":"Cron jobs initialized"}
{"level":"info","message":"Running hourly email journey cron..."}
{"level":"info","message":"Running external service ping..."}
{"level":"info","message":"Running external service ping..."}
{"level":"info","message":"Running external service ping..."}
{"level":"info","message":"Running hourly email journey cron..."}
{"level":"info","message":"Running hourly email journey cron..."}
{"level":"info","message":"Ping successful: 200 - 2026-04-17T21:30:01.197Z"}
{"level":"info","message":"Ping successful: 200 - 2026-04-17T21:30:01.200Z"}
{"level":"info","message":"Ping successful: 200 - 2026-04-17T21:30:01.203Z"}
{"level":"info","message":"Running external service ping..."}
{"level":"info","message":"Running external service ping..."}
{"level":"info","message":"Running external service ping..."}
{"level":"info","message":"Ping successful: 200 - 2026-04-17T21:35:00.926Z"}
{"level":"info","message":"Ping successful: 200 - 2026-04-17T21:35:01.204Z"}
{"level":"info","message":"Ping successful: 200 - 2026-04-17T21:35:01.205Z"}
{"level":"info","message":"Running external service ping..."}
{"level":"info","message":"Running external service ping..."}
{"level":"info","message":"Running external service ping..."}
{"level":"info","message":"Ping successful: 200 - 2026-04-17T21:40:01.284Z"}
{"level":"info","message":"Ping successful: 200 - 2026-04-17T21:40:01.284Z"}
{"level":"info","message":"Ping successful: 200 - 2026-04-17T21:40:01.299Z"}
{"level":"info","message":"Running external service ping..."}
{"level":"info","message":"Running external service ping..."}
{"level":"info","message":"Running external service ping..."}
{"level":"info","message":"Ping successful: 200 - 2026-04-17T21:45:00.832Z"}
{"level":"info","message":"Ping successful: 200 - 2026-04-17T21:45:01.165Z"}
{"level":"info","message":"Ping successful: 200 - 2026-04-17T21:45:01.165Z"}
{"level":"info","message":"Running external service ping..."}
{"level":"info","message":"Running external service ping..."}
{"level":"info","message":"Running external service ping..."}
{"level":"info","message":"Ping successful: 200 - 2026-04-17T21:50:00.884Z"}
{"level":"info","message":"Ping successful: 200 - 2026-04-17T21:50:01.147Z"}
{"level":"info","message":"Ping successful: 200 - 2026-04-17T21:50:01.250Z"}
{"level":"info","message":"Running external service ping..."}
{"level":"info","message":"Running external service ping..."}
{"level":"info","message":"Running external service ping..."}
{"level":"info","message":"Ping successful: 200 - 2026-04-17T21:55:00.802Z"}
{"level":"info","message":"Ping successful: 200 - 2026-04-17T21:55:00.811Z"}
{"level":"info","message":"Ping successful: 200 - 2026-04-17T21:55:01.144Z"}
{"level":"info","message":"Running external service ping..."}
{"level":"info","message":"Running external service ping..."}
{"level":"info","message":"Running external service ping..."}
{"level":"info","message":"Ping successful: 200 - 2026-04-17T22:00:00.908Z"}
{"level":"info","message":"Ping successful: 200 - 2026-04-17T22:00:00.920Z"}
{"level":"info","message":"Ping successful: 200 - 2026-04-17T22:00:01.246Z"}
{"level":"info","message":"Running external service ping..."}
{"level":"info","message":"Running external service ping..."}
{"level":"info","message":"Ping successful: 200 - 2026-04-17T22:05:00.940Z"}
{"level":"info","message":"Ping successful: 200 - 2026-04-17T22:05:00.941Z"}
{"level":"info","message":"Cron jobs initialized"}
{"level":"info","message":"Running external service ping..."}
{"level":"info","message":"Running external service ping..."}
{"level":"info","message":"Running external service ping..."}
{"level":"info","message":"Ping successful: 200 - 2026-04-17T22:10:00.990Z"}
{"level":"info","message":"Ping successful: 200 - 2026-04-17T22:10:01.290Z"}
{"level":"info","message":"Ping successful: 200 - 2026-04-17T22:10:01.291Z"}
{"level":"info","message":"Running external service ping..."}
{"level":"info","message":"Running external service ping..."}
{"level":"info","message":"Running external service ping..."}
{"level":"info","message":"Ping successful: 200 - 2026-04-17T22:15:01.042Z"}
{"level":"info","message":"Ping successful: 200 - 2026-04-17T22:15:01.043Z"}
{"level":"info","message":"Ping successful: 200 - 2026-04-17T22:15:01.331Z"}
{"level":"info","message":"Cron jobs initialized"}
{"level":"info","message":"Cron jobs initialized"}
{"level":"info","message":"Cron jobs initialized"}
{"level":"info","message":"Running external service ping..."}
{"level":"info","message":"Running external service ping..."}
{"level":"info","message":"Running external service ping..."}
{"level":"info","message":"Ping successful: 200 - 2026-04-17T22:20:00.804Z"}
{"level":"info","message":"Ping successful: 200 - 2026-04-17T22:20:01.171Z"}
{"level":"info","message":"Ping successful: 200 - 2026-04-17T22:20:01.174Z"}
{"level":"info","message":"Cron jobs initialized"}
{"level":"info","message":"Cron jobs initialized"}
{"level":"info","message":"Cron jobs initialized"}
{"level":"info","message":"Cron jobs initialized"}
{"level":"info","message":"Cron jobs initialized"}
{"level":"info","message":"Cron jobs initialized"}
{"level":"info","message":"Cron jobs initialized"}
{"level":"info","message":"Cron jobs initialized"}
{"level":"info","message":"Cron jobs initialized"}
{"level":"info","message":"Cron jobs initialized"}
{"level":"info","message":"Cron jobs initialized"}
{"level":"info","message":"Cron jobs initialized"}
{"level":"info","message":"Running external service ping..."}
{"level":"info","message":"Running external service ping..."}
{"level":"info","message":"Running external service ping..."}
{"level":"info","message":"Ping successful: 200 - 2026-04-17T22:25:01.965Z"}
{"level":"info","message":"Ping successful: 200 - 2026-04-17T22:25:02.244Z"}
{"level":"info","message":"Ping successful: 200 - 2026-04-17T22:25:02.257Z"}
{"level":"info","message":"Running hourly email journey cron..."}
{"level":"info","message":"Running hourly email journey cron..."}
{"level":"info","message":"Running hourly email journey cron..."}
{"level":"info","message":"Running external service ping..."}
{"level":"info","message":"Running external service ping..."}
{"level":"info","message":"Running external service ping..."}
{"level":"info","message":"Ping successful: 200 - 2026-04-17T22:30:00.886Z"}
{"level":"info","message":"Ping successful: 200 - 2026-04-17T22:30:01.194Z"}
{"level":"info","message":"Ping successful: 200 - 2026-04-17T22:30:01.194Z"}
{"level":"info","message":"Running external service ping..."}
{"level":"info","message":"Running external service ping..."}
{"level":"info","message":"Running external service ping..."}
{"level":"info","message":"Ping successful: 200 - 2026-04-17T22:35:00.829Z"}
{"level":"info","message":"Ping successful: 200 - 2026-04-17T22:35:01.161Z"}
{"level":"info","message":"Ping successful: 200 - 2026-04-17T22:35:01.169Z"}
{"level":"info","message":"Running external service ping..."}
{"level":"info","message":"Running external service ping..."}
{"level":"info","message":"Running external service ping..."}
{"level":"error","message":"Ping failed: timeout of 10000ms exceeded - 2026-04-18T01:23:56.882Z"}
{"level":"error","message":"Ping failed: timeout of 10000ms exceeded - 2026-04-18T01:23:56.882Z"}
{"level":"error","message":"Ping failed: timeout of 10000ms exceeded - 2026-04-18T01:23:56.886Z"}
{"level":"info","message":"Running external service ping..."}
{"level":"info","message":"Running external service ping..."}
{"level":"info","message":"Running external service ping..."}
{"level":"error","message":"Ping failed: timeout of 10000ms exceeded - 2026-04-18T01:55:10.005Z"}
{"level":"error","message":"Ping failed: timeout of 10000ms exceeded - 2026-04-18T01:55:10.018Z"}
{"level":"error","message":"Ping failed: timeout of 10000ms exceeded - 2026-04-18T01:55:10.018Z"}
{"level":"info","message":"Running external service ping..."}
{"level":"info","message":"Running external service ping..."}
{"level":"info","message":"Running external service ping..."}
{"level":"error","message":"Ping failed: timeout of 10000ms exceeded - 2026-04-18T03:46:53.527Z"}
{"level":"error","message":"Ping failed: timeout of 10000ms exceeded - 2026-04-18T03:46:53.527Z"}
{"level":"error","message":"Ping failed: timeout of 10000ms exceeded - 2026-04-18T03:46:53.527Z"}
{"level":"info","message":"Running hourly email journey cron..."}
{"level":"info","message":"Running external service ping..."}
{"level":"info","message":"Running hourly email journey cron..."}
{"level":"info","message":"Running hourly email journey cron..."}
{"level":"info","message":"Running external service ping..."}
{"level":"info","message":"Running external service ping..."}
{"level":"error","message":"Ping failed: timeout of 10000ms exceeded - 2026-04-18T04:30:10.445Z"}
{"level":"error","message":"Ping failed: timeout of 10000ms exceeded - 2026-04-18T04:30:10.458Z"}
{"level":"error","message":"Ping failed: timeout of 10000ms exceeded - 2026-04-18T04:30:10.460Z"}
{"level":"info","message":"Running external service ping..."}
{"level":"info","message":"Running external service ping..."}
{"level":"info","message":"Running external service ping..."}
{"level":"error","message":"Ping failed: timeout of 10000ms exceeded - 2026-04-18T06:00:10.007Z"}
{"level":"error","message":"Ping failed: timeout of 10000ms exceeded - 2026-04-18T06:00:10.020Z"}
{"level":"error","message":"Ping failed: timeout of 10000ms exceeded - 2026-04-18T06:00:10.020Z"}
{"level":"info","message":"Running external service ping..."}
{"level":"info","message":"Running hourly email journey cron..."}
{"level":"info","message":"Running external service ping..."}
{"level":"info","message":"Running external service ping..."}
{"level":"info","message":"Running hourly email journey cron..."}
{"level":"info","message":"Running hourly email journey cron..."}
{"level":"error","message":"Ping failed: timeout of 10000ms exceeded - 2026-04-18T06:36:22.274Z"}
{"level":"error","message":"Ping failed: timeout of 10000ms exceeded - 2026-04-18T06:36:22.278Z"}
{"level":"error","message":"Ping failed: timeout of 10000ms exceeded - 2026-04-18T06:36:22.278Z"}
{"level":"info","message":"Running external service ping..."}
{"level":"info","message":"Running external service ping..."}
{"level":"info","message":"Running external service ping..."}
{"level":"info","message":"Ping successful: 200 - 2026-04-18T06:40:01.688Z"}
{"level":"info","message":"Ping successful: 200 - 2026-04-18T06:40:01.715Z"}
{"level":"info","message":"Ping successful: 200 - 2026-04-18T06:40:01.720Z"}
{"level":"info","message":"Running external service ping..."}
{"level":"info","message":"Running external service ping..."}
{"level":"info","message":"Running external service ping..."}
{"level":"error","message":"Ping failed: timeout of 10000ms exceeded - 2026-04-18T07:45:10.015Z"}
{"level":"error","message":"Ping failed: timeout of 10000ms exceeded - 2026-04-18T07:45:10.033Z"}
{"level":"error","message":"Ping failed: timeout of 10000ms exceeded - 2026-04-18T07:45:10.039Z"}
{"level":"info","message":"Running external service ping..."}
{"level":"info","message":"Running external service ping..."}
{"level":"info","message":"Running external service ping..."}
{"level":"info","message":"Ping successful: 200 - 2026-04-18T07:50:00.974Z"}
{"level":"info","message":"Ping successful: 200 - 2026-04-18T07:50:00.975Z"}
{"level":"info","message":"Ping successful: 200 - 2026-04-18T07:50:01.270Z"}
{"level":"info","message":"Running external service ping..."}
{"level":"info","message":"Running external service ping..."}
{"level":"info","message":"Running external service ping..."}
{"level":"error","message":"Ping failed: timeout of 10000ms exceeded - 2026-04-18T12:05:10.030Z"}
{"level":"error","message":"Ping failed: timeout of 10000ms exceeded - 2026-04-18T12:05:10.036Z"}
{"level":"error","message":"Ping failed: timeout of 10000ms exceeded - 2026-04-18T12:05:10.032Z"}
{"level":"info","message":"Running external service ping..."}
{"level":"info","message":"Running external service ping..."}
{"level":"info","message":"Running external service ping..."}
{"level":"info","message":"Ping successful: 200 - 2026-04-18T12:10:01.465Z"}
{"level":"info","message":"Ping successful: 200 - 2026-04-18T12:10:01.466Z"}
{"level":"info","message":"Ping successful: 200 - 2026-04-18T12:10:01.484Z"}
{"level":"info","message":"Running external service ping..."}
{"level":"info","message":"Running external service ping..."}
{"level":"info","message":"Running external service ping..."}
{"level":"info","message":"Ping successful: 200 - 2026-04-18T12:15:01.218Z"}
{"level":"info","message":"Ping successful: 200 - 2026-04-18T12:15:01.218Z"}
{"level":"info","message":"Ping successful: 200 - 2026-04-18T12:15:01.223Z"}
{"level":"info","message":"Running external service ping..."}
{"level":"info","message":"Running external service ping..."}
{"level":"info","message":"Running external service ping..."}
{"level":"info","message":"Ping successful: 200 - 2026-04-18T12:20:01.243Z"}
{"level":"info","message":"Ping successful: 200 - 2026-04-18T12:20:01.243Z"}
{"level":"info","message":"Ping successful: 200 - 2026-04-18T12:20:01.243Z"}
{"level":"info","message":"Running external service ping..."}
{"level":"info","message":"Running external service ping..."}
{"level":"info","message":"Running external service ping..."}
{"level":"info","message":"Ping successful: 200 - 2026-04-18T12:25:00.806Z"}
{"level":"info","message":"Ping successful: 200 - 2026-04-18T12:25:01.167Z"}
{"level":"info","message":"Ping successful: 200 - 2026-04-18T12:25:01.163Z"}
{"level":"info","message":"Running external service ping..."}
{"level":"info","message":"Running external service ping..."}
{"level":"info","message":"Running hourly email journey cron..."}
{"level":"info","message":"Running external service ping..."}
{"level":"info","message":"Running hourly email journey cron..."}
{"level":"info","message":"Running hourly email journey cron..."}
{"level":"info","message":"Ping successful: 200 - 2026-04-18T12:30:01.177Z"}
{"level":"info","message":"Ping successful: 200 - 2026-04-18T12:30:01.179Z"}
{"level":"info","message":"Ping successful: 200 - 2026-04-18T12:30:01.184Z"}
{"level":"info","message":"Running external service ping..."}
{"level":"info","message":"Running external service ping..."}
{"level":"info","message":"Running external service ping..."}
{"level":"info","message":"Ping successful: 200 - 2026-04-18T12:35:01.203Z"}
{"level":"info","message":"Ping successful: 200 - 2026-04-18T12:35:01.203Z"}
{"level":"info","message":"Ping successful: 200 - 2026-04-18T12:35:01.205Z"}
{"level":"info","message":"Running external service ping..."}
{"level":"info","message":"Running external service ping..."}
{"level":"info","message":"Running external service ping..."}
{"level":"info","message":"Ping successful: 200 - 2026-04-18T12:40:01.257Z"}
{"level":"info","message":"Ping successful: 200 - 2026-04-18T12:40:01.259Z"}
{"level":"info","message":"Ping successful: 200 - 2026-04-18T12:40:01.259Z"}
{"level":"info","message":"Running external service ping..."}
{"level":"info","message":"Running external service ping..."}
{"level":"info","message":"Running external service ping..."}
{"level":"info","message":"Ping successful: 200 - 2026-04-18T12:45:01.198Z"}
{"level":"info","message":"Ping successful: 200 - 2026-04-18T12:45:01.199Z"}
{"level":"info","message":"Ping successful: 200 - 2026-04-18T12:45:01.199Z"}
{"level":"info","message":"Running external service ping..."}
{"level":"info","message":"Running external service ping..."}
{"level":"info","message":"Running external service ping..."}
{"level":"info","message":"Ping successful: 200 - 2026-04-18T12:50:00.835Z"}
{"level":"info","message":"Ping successful: 200 - 2026-04-18T12:50:01.166Z"}
{"level":"info","message":"Ping successful: 200 - 2026-04-18T12:50:01.171Z"}
{"level":"info","message":"Running external service ping..."}
{"level":"info","message":"Running external service ping..."}
{"level":"info","message":"Running external service ping..."}
{"level":"info","message":"Ping successful: 200 - 2026-04-18T12:55:00.886Z"}
{"level":"info","message":"Ping successful: 200 - 2026-04-18T12:55:01.226Z"}
{"level":"info","message":"Ping successful: 200 - 2026-04-18T12:55:01.231Z"}
{"level":"info","message":"Running external service ping..."}
{"level":"info","message":"Running external service ping..."}
{"level":"info","message":"Running external service ping..."}
{"level":"info","message":"Ping successful: 200 - 2026-04-18T13:00:00.828Z"}
{"level":"info","message":"Ping successful: 200 - 2026-04-18T13:00:00.841Z"}
{"level":"info","message":"Ping successful: 200 - 2026-04-18T13:00:00.850Z"}
{"level":"info","message":"Running external service ping..."}
{"level":"info","message":"Running external service ping..."}
{"level":"info","message":"Running external service ping..."}
{"level":"info","message":"Ping successful: 200 - 2026-04-18T13:05:01.209Z"}
{"level":"info","message":"Ping successful: 200 - 2026-04-18T13:05:01.227Z"}
{"level":"info","message":"Ping successful: 200 - 2026-04-18T13:05:01.229Z"}
{"level":"info","message":"Running external service ping..."}
{"level":"info","message":"Running external service ping..."}
{"level":"info","message":"Running external service ping..."}
{"level":"info","message":"Ping successful: 200 - 2026-04-18T13:10:01.171Z"}
{"level":"info","message":"Ping successful: 200 - 2026-04-18T13:10:01.171Z"}
{"level":"info","message":"Ping successful: 200 - 2026-04-18T13:10:01.188Z"}
{"level":"info","message":"Running external service ping..."}
{"level":"info","message":"Running external service ping..."}
{"level":"info","message":"Running external service ping..."}
{"level":"info","message":"Ping successful: 200 - 2026-04-18T13:15:01.200Z"}
{"level":"info","message":"Ping successful: 200 - 2026-04-18T13:15:01.204Z"}
{"level":"info","message":"Ping successful: 200 - 2026-04-18T13:15:01.207Z"}
{"level":"info","message":"Running external service ping..."}
{"level":"info","message":"Running external service ping..."}
{"level":"info","message":"Running external service ping..."}
{"level":"info","message":"Ping successful: 200 - 2026-04-18T13:20:00.878Z"}
{"level":"info","message":"Ping successful: 200 - 2026-04-18T13:20:01.245Z"}
{"level":"info","message":"Ping successful: 200 - 2026-04-18T13:20:01.254Z"}
{"level":"info","message":"Running external service ping..."}
{"level":"info","message":"Running external service ping..."}
{"level":"info","message":"Running external service ping..."}
{"level":"info","message":"Ping successful: 200 - 2026-04-18T13:25:00.859Z"}
{"level":"info","message":"Ping successful: 200 - 2026-04-18T13:25:00.867Z"}
{"level":"info","message":"Ping successful: 200 - 2026-04-18T13:25:01.194Z"}
{"level":"info","message":"Running external service ping..."}
{"level":"info","message":"Running hourly email journey cron..."}
{"level":"info","message":"Running external service ping..."}
{"level":"info","message":"Running external service ping..."}
{"level":"info","message":"Running hourly email journey cron..."}
{"level":"info","message":"Running hourly email journey cron..."}
{"level":"info","message":"Ping successful: 200 - 2026-04-18T13:30:01.674Z"}
{"level":"info","message":"Ping successful: 200 - 2026-04-18T13:30:01.677Z"}
{"level":"info","message":"Ping successful: 200 - 2026-04-18T13:30:01.679Z"}
{"level":"info","message":"Running external service ping..."}
{"level":"info","message":"Running external service ping..."}
{"level":"info","message":"Running external service ping..."}
{"level":"info","message":"Ping successful: 200 - 2026-04-18T13:35:00.875Z"}
{"level":"info","message":"Ping successful: 200 - 2026-04-18T13:35:01.180Z"}
{"level":"info","message":"Ping successful: 200 - 2026-04-18T13:35:01.181Z"}
{"level":"info","message":"Running external service ping..."}
{"level":"info","message":"Running external service ping..."}
{"level":"info","message":"Running external service ping..."}
{"level":"info","message":"Ping successful: 200 - 2026-04-18T13:40:00.968Z"}
{"level":"info","message":"Ping successful: 200 - 2026-04-18T13:40:01.168Z"}
{"level":"info","message":"Ping successful: 200 - 2026-04-18T13:40:01.173Z"}
{"level":"info","message":"Running external service ping..."}
{"level":"info","message":"Running external service ping..."}
{"level":"info","message":"Running external service ping..."}
{"level":"info","message":"Ping successful: 200 - 2026-04-18T13:45:01.144Z"}
{"level":"info","message":"Ping successful: 200 - 2026-04-18T13:45:01.144Z"}
{"level":"info","message":"Ping successful: 200 - 2026-04-18T13:45:01.144Z"}
{"level":"info","message":"Running external service ping..."}
{"level":"info","message":"Running external service ping..."}
{"level":"info","message":"Running external service ping..."}
{"level":"info","message":"Ping successful: 200 - 2026-04-18T13:50:00.842Z"}
{"level":"info","message":"Ping successful: 200 - 2026-04-18T13:50:00.843Z"}
{"level":"info","message":"Ping successful: 200 - 2026-04-18T13:50:00.844Z"}
{"level":"info","message":"Running external service ping..."}
{"level":"info","message":"Running external service ping..."}
{"level":"info","message":"Running external service ping..."}
{"level":"info","message":"Ping successful: 200 - 2026-04-18T13:55:00.821Z"}
{"level":"info","message":"Ping successful: 200 - 2026-04-18T13:55:00.854Z"}
{"level":"info","message":"Ping successful: 200 - 2026-04-18T13:55:01.306Z"}
{"level":"info","message":"Cron jobs initialized"}
{"level":"info","message":"Cron jobs initialized"}
{"level":"info","message":"Cron jobs initialized"}
{"level":"info","message":"Cron jobs initialized"}
{"level":"info","message":"Cron jobs initialized"}
{"level":"info","message":"Cron jobs initialized"}
{"level":"info","message":"Cron jobs initialized"}
{"level":"info","message":"Cron jobs initialized"}
{"level":"info","message":"Cron jobs initialized"}
{"level":"info","message":"Cron jobs initialized"}
{"level":"info","message":"Cron jobs initialized"}
{"level":"info","message":"Cron jobs initialized"}
{"level":"info","message":"Cron jobs initialized"}
{"level":"info","message":"Cron jobs initialized"}
{"level":"info","message":"Cron jobs initialized"}
{"level":"info","message":"Cron jobs initialized"}
{"level":"info","message":"Cron jobs initialized"}
{"level":"info","message":"Cron jobs initialized"}
{"level":"info","message":"Cron jobs initialized"}
{"level":"info","message":"Cron jobs initialized"}
{"level":"info","message":"Cron jobs initialized"}
{"level":"info","message":"Cron jobs initialized"}
{"level":"info","message":"Cron jobs initialized"}
{"level":"info","message":"Cron jobs initialized"}
{"level":"info","message":"Cron jobs initialized"}
{"level":"info","message":"Cron jobs initialized"}
{"level":"info","message":"Cron jobs initialized"}
{"level":"info","message":"Cron jobs initialized"}
{"level":"info","message":"Cron jobs initialized"}
{"level":"info","message":"Cron jobs initialized"}
{"level":"info","message":"Cron jobs initialized"}
{"level":"info","message":"Cron jobs initialized"}
{"level":"info","message":"Running external service ping..."}
{"level":"info","message":"Running external service ping..."}
{"level":"info","message":"Running external service ping..."}
{"level":"info","message":"Running external service ping..."}
{"level":"info","message":"Running external service ping..."}
{"level":"info","message":"Running external service ping..."}
{"level":"info","message":"Ping successful: 200 - 2026-04-18T14:00:00.855Z"}
{"level":"info","message":"Ping successful: 200 - 2026-04-18T14:00:01.210Z"}
{"level":"info","message":"Ping successful: 200 - 2026-04-18T14:00:01.216Z"}
{"level":"info","message":"Ping successful: 200 - 2026-04-18T14:00:01.216Z"}
{"level":"info","message":"Ping successful: 200 - 2026-04-18T14:00:01.219Z"}
{"level":"info","message":"Ping successful: 200 - 2026-04-18T14:00:01.339Z"}
{"level":"info","message":"Running external service ping..."}
{"level":"info","message":"Running external service ping..."}
{"level":"info","message":"Running external service ping..."}
{"level":"info","message":"Running external service ping..."}
{"level":"info","message":"Running external service ping..."}
{"level":"info","message":"Running external service ping..."}
{"level":"info","message":"Ping successful: 200 - 2026-04-18T14:05:00.922Z"}
{"level":"info","message":"Ping successful: 200 - 2026-04-18T14:05:01.271Z"}
{"level":"info","message":"Ping successful: 200 - 2026-04-18T14:05:01.271Z"}
{"level":"info","message":"Ping successful: 200 - 2026-04-18T14:05:01.273Z"}
{"level":"info","message":"Ping successful: 200 - 2026-04-18T14:05:01.279Z"}
{"level":"info","message":"Ping successful: 200 - 2026-04-18T14:05:02.708Z"}
{"level":"info","message":"Cron jobs initialized"}
{"level":"info","message":"Cron jobs initialized"}
{"level":"info","message":"Cron jobs initialized"}
{"level":"info","message":"Cron jobs initialized"}
{"level":"info","message":"Running external service ping..."}
{"level":"info","message":"Running external service ping..."}
{"level":"info","message":"Running external service ping..."}
{"level":"info","message":"Running external service ping..."}
{"level":"info","message":"Running external service ping..."}
{"level":"info","message":"Running external service ping..."}
{"level":"info","message":"Ping successful: 200 - 2026-04-18T14:10:00.825Z"}
{"level":"info","message":"Ping successful: 200 - 2026-04-18T14:10:01.238Z"}
{"level":"info","message":"Ping successful: 200 - 2026-04-18T14:10:01.241Z"}
{"level":"info","message":"Ping successful: 200 - 2026-04-18T14:10:01.240Z"}
{"level":"info","message":"Ping successful: 200 - 2026-04-18T14:10:01.244Z"}
{"level":"info","message":"Ping successful: 200 - 2026-04-18T14:10:01.253Z"}
{"level":"info","message":"Cron jobs initialized"}
{"level":"info","message":"Cron jobs initialized"}
{"level":"info","message":"Running external service ping..."}
{"level":"info","message":"Running external service ping..."}
{"level":"info","message":"Running external service ping..."}
{"level":"info","message":"Running external service ping..."}
{"level":"info","message":"Running external service ping..."}
{"level":"info","message":"Running external service ping..."}
{"level":"info","message":"Ping successful: 200 - 2026-04-18T14:15:00.801Z"}
{"level":"info","message":"Ping successful: 200 - 2026-04-18T14:15:01.166Z"}
{"level":"info","message":"Ping successful: 200 - 2026-04-18T14:15:01.169Z"}
{"level":"info","message":"Ping successful: 200 - 2026-04-18T14:15:01.174Z"}
{"level":"info","message":"Ping successful: 200 - 2026-04-18T14:15:01.182Z"}
{"level":"info","message":"Ping successful: 200 - 2026-04-18T14:15:01.186Z"}
{"level":"info","message":"Running external service ping..."}
{"level":"info","message":"Running external service ping..."}
{"level":"info","message":"Running external service ping..."}
{"level":"info","message":"Running external service ping..."}
{"level":"info","message":"Running external service ping..."}
{"level":"info","message":"Running external service ping..."}
{"level":"info","message":"Ping successful: 200 - 2026-04-18T14:20:00.906Z"}
{"level":"info","message":"Ping successful: 200 - 2026-04-18T14:20:00.906Z"}
{"level":"info","message":"Ping successful: 200 - 2026-04-18T14:20:01.161Z"}
{"level":"info","message":"Ping successful: 200 - 2026-04-18T14:20:01.172Z"}
{"level":"info","message":"Ping successful: 200 - 2026-04-18T14:20:01.185Z"}
{"level":"info","message":"Ping successful: 200 - 2026-04-18T14:20:01.190Z"}
{"level":"info","message":"Running external service ping..."}
{"level":"info","message":"Running external service ping..."}
{"level":"info","message":"Running external service ping..."}
{"level":"info","message":"Running external service ping..."}
{"level":"info","message":"Running external service ping..."}
{"level":"info","message":"Running external service ping..."}
{"level":"info","message":"Ping successful: 200 - 2026-04-18T14:25:00.887Z"}
{"level":"info","message":"Ping successful: 200 - 2026-04-18T14:25:01.226Z"}
{"level":"info","message":"Ping successful: 200 - 2026-04-18T14:25:01.228Z"}
{"level":"info","message":"Ping successful: 200 - 2026-04-18T14:25:01.229Z"}
{"level":"info","message":"Ping successful: 200 - 2026-04-18T14:25:01.243Z"}
{"level":"info","message":"Ping successful: 200 - 2026-04-18T14:25:01.244Z"}
{"level":"info","message":"Cron jobs initialized"}
{"level":"info","message":"Cron jobs initialized"}
{"level":"info","message":"Running hourly email journey cron..."}
{"level":"info","message":"Running external service ping..."}
{"level":"info","message":"Running external service ping..."}
{"level":"info","message":"Running external service ping..."}
{"level":"info","message":"Running external service ping..."}
{"level":"info","message":"Running hourly email journey cron..."}
{"level":"info","message":"Running external service ping..."}
{"level":"info","message":"Running hourly email journey cron..."}
{"level":"info","message":"Running hourly email journey cron..."}
{"level":"info","message":"Running hourly email journey cron..."}
{"level":"info","message":"Running hourly email journey cron..."}
{"level":"info","message":"Running external service ping..."}
{"level":"info","message":"Ping successful: 200 - 2026-04-18T14:30:01.135Z"}
{"level":"info","message":"Ping successful: 200 - 2026-04-18T14:30:01.525Z"}
{"level":"info","message":"Ping successful: 200 - 2026-04-18T14:30:01.526Z"}
{"level":"info","message":"Ping successful: 200 - 2026-04-18T14:30:01.527Z"}
{"level":"info","message":"Ping successful: 200 - 2026-04-18T14:30:01.532Z"}
{"level":"info","message":"Ping successful: 200 - 2026-04-18T14:30:01.532Z"}
{"level":"info","message":"Running external service ping..."}
{"level":"info","message":"Running external service ping..."}
{"level":"info","message":"Running external service ping..."}
{"level":"info","message":"Running external service ping..."}
{"level":"info","message":"Running external service ping..."}
{"level":"info","message":"Running external service ping..."}
{"level":"info","message":"Ping successful: 200 - 2026-04-18T14:35:00.923Z"}
{"level":"info","message":"Ping successful: 200 - 2026-04-18T14:35:00.923Z"}
{"level":"info","message":"Ping successful: 200 - 2026-04-18T14:35:00.926Z"}
{"level":"info","message":"Ping successful: 200 - 2026-04-18T14:35:00.926Z"}
{"level":"info","message":"Ping successful: 200 - 2026-04-18T14:35:01.276Z"}
{"level":"info","message":"Ping successful: 200 - 2026-04-18T14:35:01.279Z"}
{"level":"info","message":"Running external service ping..."}
{"level":"info","message":"Running external service ping..."}
{"level":"info","message":"Running external service ping..."}
{"level":"info","message":"Running external service ping..."}
{"level":"info","message":"Running external service ping..."}
{"level":"info","message":"Running external service ping..."}
{"level":"info","message":"Ping successful: 200 - 2026-04-18T14:40:01.194Z"}
{"level":"info","message":"Ping successful: 200 - 2026-04-18T14:40:01.201Z"}
{"level":"info","message":"Ping successful: 200 - 2026-04-18T14:40:01.201Z"}
{"level":"info","message":"Ping successful: 200 - 2026-04-18T14:40:01.202Z"}
{"level":"info","message":"Ping successful: 200 - 2026-04-18T14:40:01.205Z"}
{"level":"info","message":"Ping successful: 200 - 2026-04-18T14:40:01.207Z"}
{"level":"info","message":"Running external service ping..."}
{"level":"info","message":"Running external service ping..."}
{"level":"info","message":"Running external service ping..."}
{"level":"info","message":"Running external service ping..."}
{"level":"info","message":"Running external service ping..."}
{"level":"info","message":"Running external service ping..."}
{"level":"info","message":"Ping successful: 200 - 2026-04-18T14:45:00.879Z"}
{"level":"info","message":"Ping successful: 200 - 2026-04-18T14:45:01.189Z"}
{"level":"info","message":"Ping successful: 200 - 2026-04-18T14:45:01.193Z"}
{"level":"info","message":"Ping successful: 200 - 2026-04-18T14:45:01.700Z"}
{"level":"info","message":"Ping successful: 200 - 2026-04-18T14:45:01.700Z"}
{"level":"info","message":"Ping successful: 200 - 2026-04-18T14:45:03.338Z"}
{"level":"info","message":"Running external service ping..."}
{"level":"info","message":"Running external service ping..."}
{"level":"info","message":"Running external service ping..."}
{"level":"info","message":"Running external service ping..."}
{"level":"info","message":"Running external service ping..."}
{"level":"info","message":"Running external service ping..."}
{"level":"info","message":"Ping successful: 200 - 2026-04-18T14:50:00.900Z"}
{"level":"info","message":"Ping successful: 200 - 2026-04-18T14:50:01.003Z"}
{"level":"info","message":"Ping successful: 200 - 2026-04-18T14:50:01.010Z"}
{"level":"info","message":"Ping successful: 200 - 2026-04-18T14:50:01.010Z"}
{"level":"info","message":"Ping successful: 200 - 2026-04-18T14:50:01.715Z"}
{"level":"info","message":"Ping successful: 200 - 2026-04-18T14:50:01.717Z"}
{"level":"info","message":"Running external service ping..."}
{"level":"info","message":"Running external service ping..."}
{"level":"info","message":"Running external service ping..."}
{"level":"info","message":"Running external service ping..."}
{"level":"info","message":"Running external service ping..."}
{"level":"info","message":"Running external service ping..."}
{"level":"info","message":"Ping successful: 200 - 2026-04-18T14:55:00.880Z"}
{"level":"info","message":"Ping successful: 200 - 2026-04-18T14:55:00.889Z"}
{"level":"info","message":"Ping successful: 200 - 2026-04-18T14:55:01.224Z"}
{"level":"info","message":"Ping successful: 200 - 2026-04-18T14:55:01.229Z"}
{"level":"info","message":"Ping successful: 200 - 2026-04-18T14:55:01.231Z"}
{"level":"info","message":"Ping successful: 200 - 2026-04-18T14:55:01.236Z"}
{"level":"info","message":"Running external service ping..."}
{"level":"info","message":"Running external service ping..."}
{"level":"info","message":"Running external service ping..."}
{"level":"info","message":"Running external service ping..."}
{"level":"info","message":"Running external service ping..."}
{"level":"info","message":"Running external service ping..."}
{"level":"info","message":"Ping successful: 200 - 2026-04-18T15:00:00.844Z"}
{"level":"info","message":"Ping successful: 200 - 2026-04-18T15:00:00.851Z"}
{"level":"info","message":"Ping successful: 200 - 2026-04-18T15:00:01.782Z"}
{"level":"info","message":"Ping successful: 200 - 2026-04-18T15:00:01.789Z"}
{"level":"info","message":"Ping successful: 200 - 2026-04-18T15:00:01.789Z"}
{"level":"info","message":"Ping successful: 200 - 2026-04-18T15:00:01.790Z"}
{"level":"info","message":"Running external service ping..."}
{"level":"info","message":"Running external service ping..."}
{"level":"info","message":"Running external service ping..."}
{"level":"info","message":"Running external service ping..."}
{"level":"info","message":"Running external service ping..."}
{"level":"info","message":"Running external service ping..."}
{"level":"info","message":"Ping successful: 200 - 2026-04-18T15:05:01.205Z"}
{"level":"info","message":"Ping successful: 200 - 2026-04-18T15:05:01.210Z"}
{"level":"info","message":"Ping successful: 200 - 2026-04-18T15:05:01.214Z"}
{"level":"info","message":"Ping successful: 200 - 2026-04-18T15:05:01.217Z"}
{"level":"info","message":"Ping successful: 200 - 2026-04-18T15:05:01.289Z"}
{"level":"info","message":"Ping successful: 200 - 2026-04-18T15:05:01.393Z"}
{"level":"info","message":"Running external service ping..."}
{"level":"info","message":"Running external service ping..."}
{"level":"info","message":"Running external service ping..."}
{"level":"info","message":"Running external service ping..."}
{"level":"info","message":"Running external service ping..."}
{"level":"info","message":"Running external service ping..."}
{"level":"info","message":"Ping successful: 200 - 2026-04-18T15:10:00.930Z"}
{"level":"info","message":"Ping successful: 200 - 2026-04-18T15:10:00.930Z"}
{"level":"info","message":"Ping successful: 200 - 2026-04-18T15:10:01.237Z"}
{"level":"info","message":"Ping successful: 200 - 2026-04-18T15:10:01.237Z"}
{"level":"info","message":"Ping successful: 200 - 2026-04-18T15:10:01.238Z"}
{"level":"info","message":"Ping successful: 200 - 2026-04-18T15:10:01.382Z"}
{"level":"info","message":"Running external service ping..."}
{"level":"info","message":"Running external service ping..."}
{"level":"info","message":"Running external service ping..."}
{"level":"info","message":"Running external service ping..."}
{"level":"info","message":"Running external service ping..."}
{"level":"info","message":"Running external service ping..."}
{"level":"info","message":"Ping successful: 200 - 2026-04-18T15:15:00.979Z"}
{"level":"info","message":"Ping successful: 200 - 2026-04-18T15:15:01.789Z"}
{"level":"info","message":"Ping successful: 200 - 2026-04-18T15:15:01.791Z"}
{"level":"info","message":"Ping successful: 200 - 2026-04-18T15:15:01.793Z"}
{"level":"info","message":"Ping successful: 200 - 2026-04-18T15:15:01.795Z"}
{"level":"info","message":"Ping successful: 200 - 2026-04-18T15:15:01.795Z"}
{"level":"info","message":"Running external service ping..."}
{"level":"info","message":"Running external service ping..."}
{"level":"info","message":"Running external service ping..."}
{"level":"info","message":"Running external service ping..."}
{"level":"info","message":"Running external service ping..."}
{"level":"info","message":"Running external service ping..."}
{"level":"info","message":"Ping successful: 200 - 2026-04-18T15:20:00.866Z"}
{"level":"info","message":"Ping successful: 200 - 2026-04-18T15:20:00.868Z"}
{"level":"info","message":"Ping successful: 200 - 2026-04-18T15:20:00.871Z"}
{"level":"info","message":"Ping successful: 200 - 2026-04-18T15:20:00.877Z"}
{"level":"info","message":"Ping successful: 200 - 2026-04-18T15:20:01.183Z"}
{"level":"info","message":"Ping successful: 200 - 2026-04-18T15:20:01.206Z"}
{"level":"info","message":"Running external service ping..."}
{"level":"info","message":"Running external service ping..."}
{"level":"info","message":"Running external service ping..."}
{"level":"info","message":"Running external service ping..."}
{"level":"info","message":"Running external service ping..."}
{"level":"info","message":"Running external service ping..."}
{"level":"info","message":"Ping successful: 200 - 2026-04-18T15:25:01.074Z"}
{"level":"info","message":"Ping successful: 200 - 2026-04-18T15:25:01.095Z"}
{"level":"info","message":"Ping successful: 200 - 2026-04-18T15:25:01.170Z"}
{"level":"info","message":"Ping successful: 200 - 2026-04-18T15:25:01.404Z"}
{"level":"info","message":"Ping successful: 200 - 2026-04-18T15:25:01.403Z"}
{"level":"info","message":"Ping successful: 200 - 2026-04-18T15:25:01.404Z"}
{"level":"info","message":"Running external service ping..."}
{"level":"info","message":"Running external service ping..."}
{"level":"info","message":"Running external service ping..."}
{"level":"info","message":"Running external service ping..."}
{"level":"info","message":"Running external service ping..."}
{"level":"info","message":"Running external service ping..."}
{"level":"info","message":"Running hourly email journey cron..."}
{"level":"info","message":"Running hourly email journey cron..."}
{"level":"info","message":"Running hourly email journey cron..."}
{"level":"info","message":"Running hourly email journey cron..."}
{"level":"info","message":"Running hourly email journey cron..."}
{"level":"info","message":"Running hourly email journey cron..."}
{"level":"info","message":"Ping successful: 200 - 2026-04-18T15:30:01.096Z"}
{"level":"info","message":"Ping successful: 200 - 2026-04-18T15:30:01.098Z"}
{"level":"info","message":"Ping successful: 200 - 2026-04-18T15:30:01.100Z"}
{"level":"info","message":"Ping successful: 200 - 2026-04-18T15:30:01.131Z"}
{"level":"info","message":"Ping successful: 200 - 2026-04-18T15:30:01.450Z"}
{"level":"info","message":"Ping successful: 200 - 2026-04-18T15:30:01.450Z"}
{"level":"info","message":"Cron jobs initialized"}
{"level":"info","message":"Cron jobs initialized"}
{"level":"info","message":"Running external service ping..."}
{"level":"info","message":"Running external service ping..."}
{"level":"info","message":"Running external service ping..."}
{"level":"info","message":"Running external service ping..."}
{"level":"info","message":"Running external service ping..."}
{"level":"info","message":"Running external service ping..."}
{"level":"info","message":"Ping successful: 200 - 2026-04-18T15:35:00.848Z"}
{"level":"info","message":"Ping successful: 200 - 2026-04-18T15:35:00.860Z"}
{"level":"info","message":"Ping successful: 200 - 2026-04-18T15:35:00.860Z"}
{"level":"info","message":"Ping successful: 200 - 2026-04-18T15:35:00.891Z"}
{"level":"info","message":"Ping successful: 200 - 2026-04-18T15:35:01.200Z"}
{"level":"info","message":"Ping successful: 200 - 2026-04-18T15:35:01.200Z"}
{"level":"info","message":"Running external service ping..."}
{"level":"info","message":"Running external service ping..."}
{"level":"info","message":"Running external service ping..."}
{"level":"info","message":"Running external service ping..."}
{"level":"info","message":"Running external service ping..."}
{"level":"info","message":"Running external service ping..."}
{"level":"info","message":"Ping successful: 200 - 2026-04-18T15:40:00.898Z"}
{"level":"info","message":"Ping successful: 200 - 2026-04-18T15:40:00.924Z"}
{"level":"info","message":"Ping successful: 200 - 2026-04-18T15:40:01.596Z"}
{"level":"info","message":"Ping successful: 200 - 2026-04-18T15:40:01.596Z"}
{"level":"info","message":"Ping successful: 200 - 2026-04-18T15:40:01.596Z"}
{"level":"info","message":"Ping successful: 200 - 2026-04-18T15:40:01.597Z"}
{"level":"info","message":"Running external service ping..."}
{"level":"info","message":"Running external service ping..."}
{"level":"info","message":"Running external service ping..."}
{"level":"info","message":"Running external service ping..."}
{"level":"info","message":"Running external service ping..."}
{"level":"info","message":"Running external service ping..."}
{"level":"info","message":"Ping successful: 200 - 2026-04-18T15:45:00.838Z"}
{"level":"info","message":"Ping successful: 200 - 2026-04-18T15:45:01.174Z"}
{"level":"info","message":"Ping successful: 200 - 2026-04-18T15:45:01.179Z"}
{"level":"info","message":"Ping successful: 200 - 2026-04-18T15:45:01.184Z"}
{"level":"info","message":"Ping successful: 200 - 2026-04-18T15:45:01.191Z"}
{"level":"info","message":"Ping successful: 200 - 2026-04-18T15:45:01.203Z"}
{"level":"info","message":"Running external service ping..."}
{"level":"info","message":"Running external service ping..."}
{"level":"info","message":"Running external service ping..."}
{"level":"info","message":"Running external service ping..."}
{"level":"info","message":"Running external service ping..."}
{"level":"info","message":"Running external service ping..."}
{"level":"info","message":"Ping successful: 200 - 2026-04-18T15:50:00.870Z"}
{"level":"info","message":"Ping successful: 200 - 2026-04-18T15:50:00.877Z"}
{"level":"info","message":"Ping successful: 200 - 2026-04-18T15:50:00.878Z"}
{"level":"info","message":"Ping successful: 200 - 2026-04-18T15:50:00.948Z"}
{"level":"info","message":"Ping successful: 200 - 2026-04-18T15:50:01.193Z"}
{"level":"info","message":"Ping successful: 200 - 2026-04-18T15:50:01.218Z"}
{"level":"info","message":"Running external service ping..."}
{"level":"info","message":"Running external service ping..."}
{"level":"info","message":"Running external service ping..."}
{"level":"info","message":"Running external service ping..."}
{"level":"info","message":"Running external service ping..."}
{"level":"info","message":"Running external service ping..."}
{"level":"info","message":"Ping successful: 200 - 2026-04-18T15:55:01.226Z"}
{"level":"info","message":"Ping successful: 200 - 2026-04-18T15:55:01.228Z"}
{"level":"info","message":"Ping successful: 200 - 2026-04-18T15:55:01.456Z"}
{"level":"info","message":"Ping successful: 200 - 2026-04-18T15:55:01.470Z"}
{"level":"info","message":"Ping successful: 200 - 2026-04-18T15:55:01.471Z"}
{"level":"info","message":"Ping successful: 200 - 2026-04-18T15:55:02.066Z"}
{"level":"info","message":"Running external service ping..."}
{"level":"info","message":"Running external service ping..."}
{"level":"info","message":"Running external service ping..."}
{"level":"info","message":"Running external service ping..."}
{"level":"info","message":"Running external service ping..."}
{"level":"info","message":"Running external service ping..."}
{"level":"info","message":"Ping successful: 200 - 2026-04-18T16:00:00.883Z"}
{"level":"info","message":"Ping successful: 200 - 2026-04-18T16:00:00.883Z"}
{"level":"info","message":"Ping successful: 200 - 2026-04-18T16:00:01.228Z"}
{"level":"info","message":"Ping successful: 200 - 2026-04-18T16:00:01.228Z"}
{"level":"info","message":"Ping successful: 200 - 2026-04-18T16:00:01.228Z"}
{"level":"info","message":"Ping successful: 200 - 2026-04-18T16:00:01.479Z"}
{"level":"info","message":"Running external service ping..."}
{"level":"info","message":"Running external service ping..."}
{"level":"info","message":"Running external service ping..."}
{"level":"info","message":"Running external service ping..."}
{"level":"info","message":"Running external service ping..."}
{"level":"info","message":"Running external service ping..."}
{"level":"info","message":"Ping successful: 200 - 2026-04-18T16:05:00.812Z"}
{"level":"info","message":"Ping successful: 200 - 2026-04-18T16:05:00.822Z"}
{"level":"info","message":"Ping successful: 200 - 2026-04-18T16:05:01.313Z"}
{"level":"info","message":"Ping successful: 200 - 2026-04-18T16:05:01.722Z"}
{"level":"info","message":"Ping successful: 200 - 2026-04-18T16:05:01.723Z"}
{"level":"info","message":"Ping successful: 200 - 2026-04-18T16:05:01.724Z"}
{"level":"info","message":"Cron jobs initialized"}
{"level":"info","message":"Running external service ping..."}
{"level":"info","message":"Ping successful: 200 - 2026-04-25T11:35:01.196Z"}
{"level":"info","message":"Running external service ping..."}
{"level":"info","message":"Ping successful: 200 - 2026-04-25T11:40:01.193Z"}
{"level":"info","message":"Running external service ping..."}
{"level":"info","message":"Ping successful: 200 - 2026-04-25T11:45:00.839Z"}
{"level":"info","message":"Running external service ping..."}
{"level":"info","message":"Ping successful: 200 - 2026-04-25T11:50:01.242Z"}
{"level":"info","message":"Running external service ping..."}
{"level":"info","message":"Ping successful: 200 - 2026-04-25T11:55:00.877Z"}
{"level":"info","message":"Running external service ping..."}
{"level":"error","message":"Ping failed: timeout of 10000ms exceeded - 2026-04-25T12:25:10.018Z"}
{"level":"info","message":"Running external service ping..."}
{"level":"info","message":"Running hourly email journey cron..."}
{"level":"info","message":"Ping successful: 200 - 2026-04-25T12:30:00.984Z"}
{"level":"info","message":"Cron jobs initialized"}
{"level":"info","message":"Running external service ping..."}
{"level":"info","message":"Ping successful: 200 - 2026-04-25T19:35:01.237Z"}
{"level":"info","message":"Cron jobs initialized"}
{"level":"info","message":"Running external service ping..."}
{"level":"info","message":"Ping successful: 200 - 2026-04-25T20:00:01.358Z"}
{"level":"info","message":"Running external service ping..."}
{"level":"info","message":"Ping successful: 200 - 2026-04-25T20:05:01.177Z"}
{"level":"info","message":"Running external service ping..."}
{"level":"info","message":"Ping successful: 200 - 2026-04-25T20:10:00.813Z"}
{"level":"info","message":"Running external service ping..."}
{"level":"info","message":"Ping successful: 200 - 2026-04-25T20:15:00.807Z"}
{"level":"info","message":"Running external service ping..."}
{"level":"info","message":"Ping successful: 200 - 2026-04-25T20:20:00.895Z"}
{"level":"info","message":"Running external service ping..."}
{"level":"info","message":"Ping successful: 200 - 2026-04-25T20:25:01.157Z"}
{"level":"info","message":"Cron jobs initialized"}
{"level":"info","message":"Running external service ping..."}
{"level":"info","message":"Ping successful: 200 - 2026-04-25T20:45:01.197Z"}
{"level":"info","message":"Running external service ping..."}
{"level":"info","message":"Ping successful: 200 - 2026-04-25T20:50:00.917Z"}
{"level":"info","message":"Running external service ping..."}
{"level":"info","message":"Ping successful: 200 - 2026-04-25T20:55:00.981Z"}
{"level":"info","message":"Running external service ping..."}
{"level":"info","message":"Ping successful: 200 - 2026-04-25T21:00:01.145Z"}
{"level":"info","message":"Running external service ping..."}
{"level":"info","message":"Ping successful: 200 - 2026-04-25T21:05:00.840Z"}
{"level":"info","message":"Running external service ping..."}
{"level":"info","message":"Ping successful: 200 - 2026-04-25T21:10:00.850Z"}
{"level":"info","message":"Running external service ping..."}
{"level":"info","message":"Ping successful: 200 - 2026-04-25T21:20:01.375Z"}
{"level":"info","message":"Running external service ping..."}
{"level":"info","message":"Ping successful: 200 - 2026-04-25T21:25:00.903Z"}
{"level":"info","message":"Running external service ping..."}
{"level":"info","message":"Running hourly email journey cron..."}
{"level":"info","message":"Ping successful: 200 - 2026-04-25T21:30:01.198Z"}
{"level":"info","message":"Running external service ping..."}
{"level":"info","message":"Ping successful: 200 - 2026-04-25T21:35:00.897Z"}
{"level":"info","message":"Running external service ping..."}
{"level":"info","message":"Ping successful: 200 - 2026-04-25T21:40:01.245Z"}
{"level":"info","message":"Running external service ping..."}
{"level":"info","message":"Ping successful: 200 - 2026-04-25T21:45:00.989Z"}
{"level":"info","message":"Running external service ping..."}
{"level":"info","message":"Ping successful: 200 - 2026-04-25T21:50:01.168Z"}
{"level":"info","message":"Running external service ping..."}
{"level":"info","message":"Ping successful: 200 - 2026-04-25T21:55:00.840Z"}
{"level":"info","message":"Running external service ping..."}
{"level":"info","message":"Ping successful: 200 - 2026-04-25T22:00:01.225Z"}
{"level":"info","message":"Running external service ping..."}
{"level":"info","message":"Ping successful: 200 - 2026-04-25T22:05:01.196Z"}
{"level":"info","message":"Running external service ping..."}
{"level":"info","message":"Ping successful: 200 - 2026-04-25T22:10:01.161Z"}
{"level":"info","message":"Running external service ping..."}
{"level":"info","message":"Ping successful: 200 - 2026-04-25T22:15:00.820Z"}
{"level":"info","message":"Running external service ping..."}
{"level":"info","message":"Ping successful: 200 - 2026-04-25T22:20:01.143Z"}
{"level":"info","message":"Running external service ping..."}
{"level":"info","message":"Ping successful: 200 - 2026-04-25T22:25:00.937Z"}
{"level":"info","message":"Running external service ping..."}
{"level":"info","message":"Running hourly email journey cron..."}
{"level":"info","message":"Ping successful: 200 - 2026-04-25T22:30:01.084Z"}
{"level":"info","message":"Running external service ping..."}
{"level":"info","message":"Ping successful: 200 - 2026-04-25T22:35:00.921Z"}
{"level":"info","message":"Running external service ping..."}
{"level":"info","message":"Ping successful: 200 - 2026-04-25T22:40:01.273Z"}
{"level":"info","message":"Running external service ping..."}
{"level":"info","message":"Ping successful: 200 - 2026-04-25T22:45:01.524Z"}
{"level":"info","message":"Running external service ping..."}
{"level":"info","message":"Ping successful: 200 - 2026-04-25T22:50:01.258Z"}
{"level":"info","message":"Running external service ping..."}
{"level":"info","message":"Ping successful: 200 - 2026-04-25T22:55:01.407Z"}
{"level":"info","message":"Running external service ping..."}
{"level":"info","message":"Ping successful: 200 - 2026-04-25T23:00:01.352Z"}
{"level":"info","message":"Running external service ping..."}
{"level":"info","message":"Ping successful: 200 - 2026-04-25T23:05:01.170Z"}
{"level":"info","message":"Running external service ping..."}
{"level":"info","message":"Ping successful: 200 - 2026-04-25T23:10:01.237Z"}
{"level":"info","message":"Running external service ping..."}
{"level":"info","message":"Ping successful: 200 - 2026-04-25T23:15:01.384Z"}
{"level":"info","message":"Running external service ping..."}
{"level":"info","message":"Ping successful: 200 - 2026-04-25T23:20:01.211Z"}
{"level":"info","message":"Running external service ping..."}
{"level":"info","message":"Ping successful: 200 - 2026-04-25T23:25:01.356Z"}
{"level":"info","message":"Running external service ping..."}
{"level":"info","message":"Running hourly email journey cron..."}
{"level":"info","message":"Ping successful: 200 - 2026-04-25T23:30:01.298Z"}
{"level":"info","message":"Running external service ping..."}
{"level":"info","message":"Ping successful: 200 - 2026-04-25T23:35:01.238Z"}
{"level":"info","message":"Running external service ping..."}
{"level":"info","message":"Ping successful: 200 - 2026-04-25T23:40:01.280Z"}
{"level":"info","message":"Running external service ping..."}
{"level":"info","message":"Ping successful: 200 - 2026-04-25T23:45:01.198Z"}
{"level":"info","message":"Running external service ping..."}
{"level":"info","message":"Ping successful: 200 - 2026-04-25T23:50:00.851Z"}
{"level":"info","message":"Running external service ping..."}
{"level":"info","message":"Ping successful: 200 - 2026-04-25T23:55:00.911Z"}
{"level":"info","message":"Running external service ping..."}
{"level":"info","message":"Ping successful: 200 - 2026-04-26T00:00:01.170Z"}
{"level":"info","message":"Running external service ping..."}
{"level":"info","message":"Ping successful: 200 - 2026-04-26T00:05:01.173Z"}
{"level":"info","message":"Running external service ping..."}
{"level":"info","message":"Ping successful: 200 - 2026-04-26T00:15:01.197Z"}
{"level":"info","message":"Running external service ping..."}
{"level":"info","message":"Ping successful: 200 - 2026-04-26T00:20:00.878Z"}
{"level":"info","message":"Running external service ping..."}
{"level":"info","message":"Ping successful: 200 - 2026-04-26T00:25:01.225Z"}
{"level":"info","message":"Running external service ping..."}
{"level":"info","message":"Running hourly email journey cron..."}
{"level":"info","message":"Ping successful: 200 - 2026-04-26T00:30:01.062Z"}
{"level":"info","message":"Running external service ping..."}
{"level":"info","message":"Ping successful: 200 - 2026-04-26T00:35:00.911Z"}
{"level":"info","message":"Running external service ping..."}
{"level":"info","message":"Ping successful: 200 - 2026-04-26T00:40:01.145Z"}
{"level":"info","message":"Running external service ping..."}
{"level":"info","message":"Ping successful: 200 - 2026-04-26T00:45:01.185Z"}
{"level":"info","message":"Running external service ping..."}
{"level":"error","message":"Ping failed: timeout of 10000ms exceeded - 2026-04-26T01:20:10.026Z"}
{"level":"info","message":"Running external service ping..."}
{"level":"error","message":"Ping failed: timeout of 10000ms exceeded - 2026-04-26T02:35:10.021Z"}
{"level":"info","message":"Running external service ping..."}
{"level":"info","message":"Ping successful: 200 - 2026-04-26T03:00:01.223Z"}
{"level":"info","message":"Running external service ping..."}
{"level":"info","message":"Ping successful: 200 - 2026-04-26T07:15:00.984Z"}
{"level":"info","message":"Running external service ping..."}
{"level":"error","message":"Ping failed: timeout of 10000ms exceeded - 2026-04-26T08:05:10.030Z"}
{"level":"info","message":"Running external service ping..."}
{"level":"info","message":"Running hourly email journey cron..."}
{"level":"error","message":"Ping failed: timeout of 10000ms exceeded - 2026-04-26T11:40:03.492Z"}
{"level":"info","message":"Running external service ping..."}
{"level":"error","message":"Ping failed: getaddrinfo ENOTFOUND mnkhan.onrender.com - 2026-04-26T12:20:00.015Z"}
{"level":"info","message":"Running external service ping..."}
{"level":"error","message":"Ping failed: timeout of 10000ms exceeded - 2026-04-26T13:45:10.023Z"}
{"level":"info","message":"Running external service ping..."}
{"level":"error","message":"Ping failed: timeout of 10000ms exceeded - 2026-04-26T14:26:16.687Z"}
{"level":"info","message":"Running external service ping..."}
{"level":"error","message":"Ping failed: timeout of 10000ms exceeded - 2026-04-26T15:20:10.018Z"}
{"level":"info","message":"Running external service ping..."}
{"level":"info","message":"Running hourly email journey cron..."}
{"level":"info","message":"Ping successful: 200 - 2026-04-26T15:30:01.218Z"}
{"level":"info","message":"Running external service ping..."}
{"level":"error","message":"Ping failed: timeout of 10000ms exceeded - 2026-04-26T16:25:10.018Z"}
{"level":"info","message":"Running external service ping..."}
{"level":"error","message":"Ping failed: timeout of 10000ms exceeded - 2026-04-26T16:45:10.026Z"}
{"level":"info","message":"Running external service ping..."}
{"level":"info","message":"Running hourly email journey cron..."}
{"level":"info","message":"Ping successful: 200 - 2026-04-26T17:30:00.852Z"}
{"level":"info","message":"Running external service ping..."}
{"level":"info","message":"Ping successful: 200 - 2026-04-26T20:15:01.207Z"}
{"level":"info","message":"Running external service ping..."}
{"level":"error","message":"Ping failed: timeout of 10000ms exceeded - 2026-04-26T20:35:10.015Z"}
{"level":"info","message":"Running external service ping..."}
{"level":"info","message":"Ping successful: 200 - 2026-04-26T21:35:01.167Z"}
{"level":"info","message":"Running hourly email journey cron..."}
{"level":"info","message":"Running external service ping..."}
{"level":"info","message":"Ping successful: 200 - 2026-04-26T22:30:00.928Z"}
{"level":"info","message":"Running external service ping..."}
{"level":"error","message":"Ping failed: timeout of 10000ms exceeded - 2026-04-26T23:50:10.023Z"}
{"level":"info","message":"Running external service ping..."}
{"level":"error","message":"Ping failed: timeout of 10000ms exceeded - 2026-04-27T00:25:10.042Z"}
{"level":"info","message":"Running external service ping..."}
{"level":"error","message":"Ping failed: timeout of 10000ms exceeded - 2026-04-27T01:10:10.029Z"}
{"level":"info","message":"Running external service ping..."}
{"level":"error","message":"Ping failed: timeout of 10000ms exceeded - 2026-04-27T02:05:13.544Z"}
{"level":"info","message":"Running external service ping..."}
{"level":"error","message":"Ping failed: timeout of 10000ms exceeded - 2026-04-27T03:00:10.023Z"}
{"level":"info","message":"Running external service ping..."}
{"level":"error","message":"Ping failed: timeout of 10000ms exceeded - 2026-04-27T03:35:10.017Z"}
{"level":"info","message":"Running external service ping..."}
{"level":"info","message":"Ping successful: 200 - 2026-04-27T03:40:01.277Z"}
{"level":"info","message":"Running external service ping..."}
{"level":"info","message":"Running hourly email journey cron..."}
{"level":"error","message":"Ping failed: timeout of 10000ms exceeded - 2026-04-27T04:30:10.819Z"}
{"level":"info","message":"Running external service ping..."}
{"level":"info","message":"Ping successful: 200 - 2026-04-27T04:35:01.218Z"}
{"level":"info","message":"Running external service ping..."}
{"level":"info","message":"Ping successful: 200 - 2026-04-27T05:15:00.890Z"}
{"level":"info","message":"Running external service ping..."}
{"level":"info","message":"Ping successful: 200 - 2026-04-27T06:50:01.217Z"}
{"level":"info","message":"Running external service ping..."}
{"level":"info","message":"Ping successful: 200 - 2026-04-27T08:55:01.369Z"}
{"level":"info","message":"Running external service ping..."}
{"level":"info","message":"Ping successful: 200 - 2026-04-27T09:40:01.199Z"}
{"level":"info","message":"Running external service ping..."}
{"level":"info","message":"Ping successful: 200 - 2026-04-27T10:25:01.287Z"}
{"level":"info","message":"Running external service ping..."}
{"level":"info","message":"Ping successful: 200 - 2026-04-27T12:25:01.194Z"}
{"level":"info","message":"Running external service ping..."}
{"level":"info","message":"Running hourly email journey cron..."}
{"level":"info","message":"Ping successful: 200 - 2026-04-27T12:30:02.056Z"}
{"level":"info","message":"Running external service ping..."}
{"level":"info","message":"Ping successful: 200 - 2026-04-27T13:05:01.185Z"}
{"level":"info","message":"Running external service ping..."}
{"level":"info","message":"Ping successful: 200 - 2026-04-27T14:50:01.344Z"}
{"level":"info","message":"Running external service ping..."}
{"level":"error","message":"Ping failed: timeout of 10000ms exceeded - 2026-04-27T15:50:10.020Z"}
{"level":"info","message":"Running external service ping..."}
{"level":"error","message":"Ping failed: timeout of 10000ms exceeded - 2026-04-27T16:50:10.957Z"}
{"level":"info","message":"Running external service ping..."}
{"level":"error","message":"Ping failed: timeout of 10000ms exceeded - 2026-04-27T17:35:10.018Z"}
{"level":"info","message":"Running external service ping..."}
{"level":"error","message":"Ping failed: timeout of 10000ms exceeded - 2026-04-27T18:20:10.019Z"}
{"level":"info","message":"Running external service ping..."}
{"level":"error","message":"Ping failed: timeout of 10000ms exceeded - 2026-04-27T19:55:08.500Z"}
{"level":"info","message":"Running external service ping..."}
{"level":"error","message":"Ping failed: timeout of 10000ms exceeded - 2026-04-27T21:10:10.018Z"}
{"level":"info","message":"Running external service ping..."}
{"level":"info","message":"Ping successful: 200 - 2026-04-27T21:20:01.527Z"}
{"level":"info","message":"Running external service ping..."}
{"level":"info","message":"Ping successful: 200 - 2026-04-27T23:25:01.222Z"}
{"level":"info","message":"Running external service ping..."}
{"level":"error","message":"Ping failed: timeout of 10000ms exceeded - 2026-04-28T00:00:10.012Z"}
{"level":"info","message":"Running external service ping..."}
{"level":"info","message":"Ping successful: 200 - 2026-04-28T00:05:01.202Z"}
{"level":"info","message":"Running external service ping..."}
{"level":"info","message":"Ping successful: 200 - 2026-04-28T00:10:01.296Z"}
{"level":"info","message":"Running external service ping..."}
{"level":"info","message":"Ping successful: 200 - 2026-04-28T00:15:01.181Z"}
{"level":"info","message":"Running external service ping..."}
{"level":"info","message":"Ping successful: 200 - 2026-04-28T00:20:00.887Z"}
{"level":"info","message":"Running external service ping..."}
{"level":"info","message":"Ping successful: 200 - 2026-04-28T00:25:01.240Z"}
{"level":"info","message":"Running external service ping..."}
{"level":"info","message":"Running hourly email journey cron..."}
{"level":"info","message":"Ping successful: 200 - 2026-04-28T00:30:01.169Z"}
{"level":"info","message":"Running external service ping..."}
{"level":"info","message":"Ping successful: 200 - 2026-04-28T00:35:01.149Z"}
{"level":"info","message":"Running external service ping..."}
{"level":"info","message":"Ping successful: 200 - 2026-04-28T00:40:00.967Z"}
{"level":"info","message":"Running external service ping..."}
{"level":"info","message":"Ping successful: 200 - 2026-04-28T00:45:00.903Z"}
{"level":"info","message":"Running external service ping..."}
{"level":"info","message":"Ping successful: 200 - 2026-04-28T00:50:01.255Z"}
{"level":"info","message":"Running external service ping..."}
{"level":"info","message":"Ping successful: 200 - 2026-04-28T00:55:01.189Z"}
{"level":"info","message":"Running external service ping..."}
{"level":"error","message":"Ping failed: timeout of 10000ms exceeded - 2026-04-28T02:06:35.813Z"}
{"level":"info","message":"Running external service ping..."}
{"level":"error","message":"Ping failed: timeout of 10000ms exceeded - 2026-04-28T02:50:10.039Z"}
{"level":"info","message":"Running external service ping..."}
{"level":"info","message":"Ping successful: 200 - 2026-04-28T03:25:01.215Z"}
{"level":"info","message":"Running hourly email journey cron..."}
{"level":"info","message":"Running external service ping..."}
{"level":"info","message":"Ping successful: 200 - 2026-04-28T04:30:02.488Z"}
{"level":"info","message":"Running external service ping..."}
{"level":"info","message":"Ping successful: 200 - 2026-04-28T05:15:01.449Z"}
{"level":"info","message":"Running external service ping..."}
{"level":"info","message":"Ping successful: 200 - 2026-04-28T06:15:01.310Z"}
{"level":"info","message":"Running external service ping..."}
{"level":"info","message":"Ping successful: 200 - 2026-04-28T07:55:03.513Z"}
{"level":"info","message":"Running external service ping..."}
{"level":"error","message":"Ping failed: timeout of 10000ms exceeded - 2026-04-28T09:06:37.916Z"}
{"level":"info","message":"Running external service ping..."}
{"level":"error","message":"Ping failed: timeout of 10000ms exceeded - 2026-04-28T09:55:01.652Z"}
{"level":"info","message":"Running external service ping..."}
{"level":"info","message":"Ping successful: 200 - 2026-04-28T10:40:01.359Z"}
{"level":"info","message":"Running external service ping..."}
{"level":"info","message":"Ping successful: 200 - 2026-04-28T12:10:02.281Z"}
{"level":"info","message":"Running external service ping..."}
{"level":"info","message":"Running hourly email journey cron..."}
{"level":"info","message":"Ping successful: 200 - 2026-04-28T12:30:02.455Z"}
{"level":"info","message":"Running external service ping..."}
{"level":"error","message":"Ping failed: timeout of 10000ms exceeded - 2026-04-28T14:00:10.068Z"}
{"level":"info","message":"Running external service ping..."}
{"level":"info","message":"Ping successful: 200 - 2026-04-28T14:05:01.631Z"}
{"level":"info","message":"Running external service ping..."}
{"level":"info","message":"Ping successful: 200 - 2026-04-28T14:10:02.504Z"}
{"level":"info","message":"Running external service ping..."}
{"level":"error","message":"Ping failed: getaddrinfo ENOTFOUND mnkhan.onrender.com - 2026-04-28T14:15:00.027Z"}
{"level":"info","message":"Running external service ping..."}
{"level":"info","message":"Ping successful: 200 - 2026-04-28T14:25:01.066Z"}
{"level":"info","message":"Running external service ping..."}
{"level":"info","message":"Running hourly email journey cron..."}
{"level":"info","message":"Ping successful: 200 - 2026-04-28T14:30:01.404Z"}
{"level":"info","message":"Running external service ping..."}
{"level":"info","message":"Ping successful: 200 - 2026-04-28T14:40:01.195Z"}
{"level":"info","message":"Running external service ping..."}
{"level":"error","message":"Ping failed: timeout of 10000ms exceeded - 2026-04-28T15:10:10.081Z"}
{"level":"info","message":"Cron jobs initialized"}
{"level":"info","message":"Running external service ping..."}
{"level":"info","message":"Ping successful: 200 - 2026-04-28T15:20:01.289Z"}
{"level":"info","message":"Running external service ping..."}
{"level":"info","message":"Ping successful: 200 - 2026-04-28T15:25:00.869Z"}
{"level":"info","message":"Running external service ping..."}
{"level":"info","message":"Running hourly email journey cron..."}
{"level":"info","message":"Ping successful: 200 - 2026-04-28T15:30:02.534Z"}
{"level":"info","message":"Running external service ping..."}
{"level":"info","message":"Ping successful: 200 - 2026-04-28T15:35:01.223Z"}
{"level":"info","message":"Running external service ping..."}
{"level":"info","message":"Ping successful: 200 - 2026-04-28T15:40:00.837Z"}
{"level":"info","message":"Running external service ping..."}
{"level":"info","message":"Ping successful: 200 - 2026-04-28T15:45:01.187Z"}
{"level":"info","message":"Running external service ping..."}
{"level":"info","message":"Ping successful: 200 - 2026-04-28T15:50:00.849Z"}
{"level":"info","message":"Running external service ping..."}
{"level":"info","message":"Ping successful: 200 - 2026-04-28T15:55:01.179Z"}
{"level":"info","message":"Cron jobs initialized"}
{"level":"info","message":"Cron jobs initialized"}
{"level":"info","message":"Running external service ping..."}
{"level":"info","message":"Ping successful: 200 - 2026-04-28T16:00:00.883Z"}
{"level":"info","message":"Running external service ping..."}
{"level":"info","message":"Ping successful: 200 - 2026-04-28T16:05:01.195Z"}
{"level":"info","message":"Running external service ping..."}
{"level":"info","message":"Ping successful: 200 - 2026-04-28T16:10:00.890Z"}
{"level":"info","message":"Running external service ping..."}
{"level":"info","message":"Ping successful: 200 - 2026-04-28T16:20:00.938Z"}
{"level":"info","message":"Running external service ping..."}
{"level":"info","message":"Ping successful: 200 - 2026-04-28T16:25:01.189Z"}
{"level":"info","message":"Running external service ping..."}
{"level":"info","message":"Running hourly email journey cron..."}
{"level":"info","message":"Ping successful: 200 - 2026-04-28T16:30:01.189Z"}
{"level":"info","message":"Running external service ping..."}
{"level":"info","message":"Ping successful: 200 - 2026-04-28T16:35:00.875Z"}
{"level":"info","message":"Running external service ping..."}
{"level":"info","message":"Ping successful: 200 - 2026-04-28T16:40:00.895Z"}
{"level":"info","message":"Running external service ping..."}
{"level":"info","message":"Ping successful: 200 - 2026-04-28T17:55:01.243Z"}
{"level":"info","message":"Running external service ping..."}
{"level":"error","message":"Ping failed: timeout of 10000ms exceeded - 2026-04-28T18:10:10.050Z"}
{"level":"info","message":"Running external service ping..."}
{"level":"info","message":"Ping successful: 200 - 2026-04-28T18:20:01.226Z"}
{"level":"info","message":"Running external service ping..."}
{"level":"info","message":"Ping successful: 200 - 2026-04-28T18:25:01.203Z"}
{"level":"info","message":"Running external service ping..."}
{"level":"info","message":"Running hourly email journey cron..."}
{"level":"info","message":"Ping successful: 200 - 2026-04-28T18:30:00.985Z"}
{"level":"info","message":"Running external service ping..."}
{"level":"info","message":"Ping successful: 200 - 2026-04-28T18:35:01.252Z"}
{"level":"info","message":"Running external service ping..."}
{"level":"info","message":"Ping successful: 200 - 2026-04-28T18:40:01.175Z"}
{"level":"info","message":"Running external service ping..."}
{"level":"info","message":"Ping successful: 200 - 2026-04-28T18:45:00.851Z"}
{"level":"info","message":"Running external service ping..."}
{"level":"info","message":"Ping successful: 200 - 2026-04-28T18:50:00.973Z"}
{"level":"info","message":"Running external service ping..."}
{"level":"info","message":"Ping successful: 200 - 2026-04-28T18:55:01.150Z"}
{"level":"info","message":"Running external service ping..."}
{"level":"info","message":"Ping successful: 200 - 2026-04-28T19:00:00.841Z"}
{"level":"info","message":"Running external service ping..."}
{"level":"info","message":"Ping successful: 200 - 2026-04-28T19:05:01.221Z"}
{"level":"info","message":"Running external service ping..."}
{"level":"info","message":"Ping successful: 200 - 2026-04-28T19:20:01.207Z"}
{"level":"info","message":"Running external service ping..."}
{"level":"error","message":"Ping failed: timeout of 10000ms exceeded - 2026-04-28T19:35:10.033Z"}
{"level":"info","message":"Running external service ping..."}
{"level":"info","message":"Ping successful: 200 - 2026-04-28T19:40:01.323Z"}
{"level":"info","message":"Running external service ping..."}
{"level":"info","message":"Ping successful: 200 - 2026-04-28T19:45:00.952Z"}
{"level":"info","message":"Running external service ping..."}
{"level":"info","message":"Ping successful: 200 - 2026-04-28T19:55:01.247Z"}
{"level":"info","message":"Running external service ping..."}
{"level":"info","message":"Ping successful: 200 - 2026-04-28T20:00:01.214Z"}
{"level":"info","message":"Running external service ping..."}
{"level":"info","message":"Ping successful: 200 - 2026-04-28T20:05:01.181Z"}
{"level":"info","message":"Cron jobs initialized"}
{"level":"info","message":"Running external service ping..."}
{"level":"info","message":"Running external service ping..."}
{"level":"info","message":"Ping successful: 200 - 2026-04-28T20:10:00.847Z"}
{"level":"info","message":"Ping successful: 200 - 2026-04-28T20:10:01.196Z"}
{"level":"info","message":"Running external service ping..."}
{"level":"info","message":"Running external service ping..."}
{"level":"info","message":"Ping successful: 200 - 2026-04-28T20:15:01.160Z"}
{"level":"info","message":"Ping successful: 200 - 2026-04-28T20:15:01.166Z"}
{"level":"info","message":"Running external service ping..."}
{"level":"info","message":"Running external service ping..."}
{"level":"info","message":"Ping successful: 200 - 2026-04-28T20:20:01.158Z"}
{"level":"info","message":"Ping successful: 200 - 2026-04-28T20:20:01.158Z"}
{"level":"info","message":"Running external service ping..."}
{"level":"info","message":"Running external service ping..."}
{"level":"info","message":"Ping successful: 200 - 2026-04-28T20:25:00.895Z"}
{"level":"info","message":"Ping successful: 200 - 2026-04-28T20:25:00.895Z"}
{"level":"info","message":"Running hourly email journey cron..."}
{"level":"info","message":"Running external service ping..."}
{"level":"info","message":"Running external service ping..."}
{"level":"info","message":"Running hourly email journey cron..."}
{"level":"info","message":"Ping successful: 200 - 2026-04-28T20:30:01.038Z"}
{"level":"info","message":"Ping successful: 200 - 2026-04-28T20:30:01.151Z"}
{"level":"info","message":"Running external service ping..."}
{"level":"info","message":"Running external service ping..."}
{"level":"info","message":"Ping successful: 200 - 2026-04-28T20:35:00.839Z"}
{"level":"info","message":"Ping successful: 200 - 2026-04-28T20:35:01.166Z"}
{"level":"info","message":"Running external service ping..."}
{"level":"info","message":"Running external service ping..."}
{"level":"info","message":"Ping successful: 200 - 2026-04-28T20:40:01.226Z"}
{"level":"info","message":"Ping successful: 200 - 2026-04-28T20:40:01.228Z"}
{"level":"info","message":"Running external service ping..."}
{"level":"info","message":"Running external service ping..."}
{"level":"info","message":"Ping successful: 200 - 2026-04-28T20:45:01.277Z"}
{"level":"info","message":"Ping successful: 200 - 2026-04-28T20:45:01.278Z"}
{"level":"info","message":"Running external service ping..."}
{"level":"info","message":"Running external service ping..."}
{"level":"info","message":"Ping successful: 200 - 2026-04-28T20:50:01.224Z"}
{"level":"info","message":"Ping successful: 200 - 2026-04-28T20:50:01.231Z"}
{"level":"info","message":"Cron jobs initialized"}
{"level":"info","message":"Cron jobs initialized"}
{"level":"info","message":"Running external service ping..."}
{"level":"info","message":"Running external service ping..."}
{"level":"info","message":"Ping successful: 200 - 2026-04-28T20:55:00.954Z"}
{"level":"info","message":"Ping successful: 200 - 2026-04-28T20:55:01.208Z"}
{"level":"info","message":"Running external service ping..."}
{"level":"info","message":"Running external service ping..."}
{"level":"info","message":"Ping successful: 200 - 2026-04-28T21:00:00.878Z"}
{"level":"info","message":"Ping successful: 200 - 2026-04-28T21:00:01.160Z"}
{"level":"info","message":"Running external service ping..."}
{"level":"info","message":"Running external service ping..."}
{"level":"info","message":"Ping successful: 200 - 2026-04-28T21:05:00.818Z"}
{"level":"info","message":"Ping successful: 200 - 2026-04-28T21:05:00.838Z"}
{"level":"info","message":"Running external service ping..."}
{"level":"info","message":"Running external service ping..."}
{"level":"info","message":"Ping successful: 200 - 2026-04-28T21:10:00.819Z"}
{"level":"info","message":"Ping successful: 200 - 2026-04-28T21:10:01.162Z"}
{"level":"info","message":"Cron jobs initialized"}
{"level":"info","message":"Cron jobs initialized"}
{"level":"info","message":"Running external service ping..."}
{"level":"info","message":"Running external service ping..."}
{"level":"info","message":"Ping successful: 200 - 2026-04-28T21:15:01.221Z"}
{"level":"info","message":"Ping successful: 200 - 2026-04-28T21:15:01.230Z"}
{"level":"info","message":"Running external service ping..."}
{"level":"info","message":"Running external service ping..."}
{"level":"info","message":"Ping successful: 200 - 2026-04-28T21:20:01.135Z"}
{"level":"info","message":"Ping successful: 200 - 2026-04-28T21:20:01.141Z"}
{"level":"info","message":"Running external service ping..."}
{"level":"info","message":"Running external service ping..."}
{"level":"info","message":"Ping successful: 200 - 2026-04-28T21:25:00.821Z"}
{"level":"info","message":"Ping successful: 200 - 2026-04-28T21:25:01.161Z"}
{"level":"info","message":"Running external service ping..."}
{"level":"info","message":"Running external service ping..."}
{"level":"info","message":"Running hourly email journey cron..."}
{"level":"info","message":"Running hourly email journey cron..."}
{"level":"info","message":"Ping successful: 200 - 2026-04-28T21:30:00.940Z"}
{"level":"info","message":"Ping successful: 200 - 2026-04-28T21:30:01.187Z"}
{"level":"info","message":"Running external service ping..."}
{"level":"info","message":"Running external service ping..."}
{"level":"info","message":"Ping successful: 200 - 2026-04-28T21:35:00.847Z"}
{"level":"info","message":"Ping successful: 200 - 2026-04-28T21:35:01.173Z"}
{"level":"info","message":"Running external service ping..."}
{"level":"info","message":"Running external service ping..."}
{"level":"info","message":"Ping successful: 200 - 2026-04-28T21:40:01.032Z"}
{"level":"info","message":"Ping successful: 200 - 2026-04-28T21:40:01.162Z"}
{"level":"info","message":"Cron jobs initialized"}
{"level":"info","message":"Cron jobs initialized"}
{"level":"info","message":"Running external service ping..."}
{"level":"info","message":"Running external service ping..."}
{"level":"info","message":"Ping successful: 200 - 2026-04-28T22:05:00.906Z"}
{"level":"info","message":"Ping successful: 200 - 2026-04-28T22:05:01.295Z"}
{"level":"info","message":"Running external service ping..."}
{"level":"info","message":"Running external service ping..."}
{"level":"info","message":"Ping successful: 200 - 2026-04-28T22:10:01.142Z"}
{"level":"info","message":"Ping successful: 200 - 2026-04-28T22:10:01.149Z"}
{"level":"info","message":"Running external service ping..."}
{"level":"info","message":"Ping successful: 200 - 2026-04-28T22:15:01.215Z"}
{"level":"info","message":"Running external service ping..."}
{"level":"info","message":"Ping successful: 200 - 2026-04-28T22:20:01.150Z"}
{"level":"info","message":"Running external service ping..."}
{"level":"info","message":"Ping successful: 200 - 2026-04-28T22:25:01.198Z"}
{"level":"info","message":"Running external service ping..."}
{"level":"error","message":"Ping failed: timeout of 10000ms exceeded - 2026-04-28T23:20:06.374Z"}
{"level":"info","message":"Running hourly email journey cron..."}
{"level":"info","message":"Running external service ping..."}
{"level":"error","message":"Ping failed: timeout of 10000ms exceeded - 2026-04-29T01:40:13.430Z"}
{"level":"info","message":"Running external service ping..."}
{"level":"info","message":"Running hourly email journey cron..."}
{"level":"info","message":"Ping successful: 200 - 2026-04-29T04:30:02.513Z"}
{"level":"info","message":"Running external service ping..."}
{"level":"info","message":"Ping successful: 200 - 2026-04-29T05:25:00.963Z"}
{"level":"info","message":"Running external service ping..."}
{"level":"info","message":"Ping successful: 200 - 2026-04-29T05:50:01.215Z"}
{"level":"info","message":"Running external service ping..."}
{"level":"info","message":"Ping successful: 200 - 2026-04-29T05:55:01.168Z"}
{"level":"info","message":"Running external service ping..."}
{"level":"info","message":"Ping successful: 200 - 2026-04-29T06:40:01.463Z"}
{"level":"info","message":"Running external service ping..."}
{"level":"info","message":"Ping successful: 200 - 2026-04-29T07:05:01.172Z"}
{"level":"info","message":"Running external service ping..."}
{"level":"info","message":"Ping successful: 200 - 2026-04-29T07:10:01.286Z"}
{"level":"info","message":"Running external service ping..."}
{"level":"info","message":"Ping successful: 200 - 2026-04-29T08:55:01.217Z"}
{"level":"info","message":"Running external service ping..."}
{"level":"info","message":"Ping successful: 200 - 2026-04-29T11:00:00.829Z"}
{"level":"info","message":"Running external service ping..."}
{"level":"info","message":"Running hourly email journey cron..."}
{"level":"error","message":"Ping failed: getaddrinfo ENOTFOUND mnkhan.onrender.com - 2026-04-29T12:30:01.414Z"}
{"level":"info","message":"Running external service ping..."}
{"level":"info","message":"Ping successful: 200 - 2026-04-29T13:55:01.276Z"}
{"level":"info","message":"Running external service ping..."}
{"level":"info","message":"Running hourly email journey cron..."}
{"level":"info","message":"Ping successful: 200 - 2026-04-29T14:30:01.540Z"}
{"level":"info","message":"Running external service ping..."}
{"level":"info","message":"Ping successful: 200 - 2026-04-29T14:35:01.188Z"}
{"level":"info","message":"Cron jobs initialized"}
{"level":"info","message":"Running external service ping..."}
{"level":"info","message":"Ping successful: 200 - 2026-04-29T14:40:01.220Z"}
{"level":"info","message":"Running external service ping..."}
{"level":"info","message":"Ping successful: 200 - 2026-04-29T14:45:01.233Z"}
{"level":"info","message":"Cron jobs initialized"}
{"level":"info","message":"Cron jobs initialized"}
{"level":"info","message":"Running external service ping..."}
{"level":"info","message":"Ping successful: 200 - 2026-04-29T14:50:01.251Z"}
{"level":"info","message":"Running external service ping..."}
{"level":"info","message":"Ping successful: 200 - 2026-04-29T14:55:01.202Z"}
{"level":"info","message":"Running external service ping..."}
{"level":"info","message":"Ping successful: 200 - 2026-04-29T15:00:00.855Z"}
{"level":"info","message":"Running external service ping..."}
{"level":"info","message":"Ping successful: 200 - 2026-04-29T15:05:00.848Z"}
{"level":"info","message":"Running external service ping..."}
{"level":"info","message":"Ping successful: 200 - 2026-04-29T15:10:01.167Z"}
{"level":"info","message":"Running external service ping..."}
{"level":"info","message":"Ping successful: 200 - 2026-04-29T15:15:00.853Z"}
{"level":"info","message":"Cron jobs initialized"}
{"level":"info","message":"Running external service ping..."}
{"level":"info","message":"Ping successful: 200 - 2026-04-29T17:10:01.320Z"}
{"level":"info","message":"Running external service ping..."}
{"level":"info","message":"Ping successful: 200 - 2026-04-29T17:15:01.217Z"}
{"level":"info","message":"Running external service ping..."}
{"level":"info","message":"Ping successful: 200 - 2026-04-29T17:20:01.198Z"}
{"level":"info","message":"Running external service ping..."}
{"level":"info","message":"Ping successful: 200 - 2026-04-29T17:25:01.334Z"}
{"level":"info","message":"Running external service ping..."}
{"level":"info","message":"Running hourly email journey cron..."}
{"level":"info","message":"Ping successful: 200 - 2026-04-29T17:30:01.173Z"}
{"level":"info","message":"Running external service ping..."}
{"level":"info","message":"Ping successful: 200 - 2026-04-29T17:35:01.305Z"}
{"level":"info","message":"Running external service ping..."}
{"level":"info","message":"Ping successful: 200 - 2026-04-29T17:40:00.944Z"}
{"level":"info","message":"Running external service ping..."}
{"level":"info","message":"Ping successful: 200 - 2026-04-29T17:45:01.291Z"}
{"level":"info","message":"Running external service ping..."}
{"level":"info","message":"Ping successful: 200 - 2026-04-29T17:50:01.332Z"}
{"level":"info","message":"Running external service ping..."}
{"level":"info","message":"Ping successful: 200 - 2026-04-29T17:55:01.073Z"}
{"level":"info","message":"Running external service ping..."}
{"level":"info","message":"Ping successful: 200 - 2026-04-29T18:00:01.222Z"}
{"level":"info","message":"Running external service ping..."}
{"level":"info","message":"Ping successful: 200 - 2026-04-29T18:05:01.231Z"}
{"level":"info","message":"Running external service ping..."}
{"level":"info","message":"Ping successful: 200 - 2026-04-29T18:10:01.298Z"}
{"level":"info","message":"Running external service ping..."}
{"level":"info","message":"Ping successful: 200 - 2026-04-29T18:15:00.884Z"}
{"level":"info","message":"Running external service ping..."}
{"level":"info","message":"Ping successful: 200 - 2026-04-29T18:20:00.966Z"}
{"level":"info","message":"Running external service ping..."}
{"level":"info","message":"Ping successful: 200 - 2026-04-29T18:25:00.880Z"}
{"level":"info","message":"Running external service ping..."}
{"level":"info","message":"Running hourly email journey cron..."}
{"level":"info","message":"Ping successful: 200 - 2026-04-29T18:30:00.950Z"}
{"level":"info","message":"Running external service ping..."}
{"level":"info","message":"Ping successful: 200 - 2026-04-29T18:35:00.893Z"}
{"level":"info","message":"Running external service ping..."}
{"level":"info","message":"Ping successful: 200 - 2026-04-29T18:40:01.241Z"}
{"level":"info","message":"Running external service ping..."}
{"level":"info","message":"Ping successful: 200 - 2026-04-29T18:45:00.877Z"}
{"level":"info","message":"Running external service ping..."}
{"level":"info","message":"Ping successful: 200 - 2026-04-29T18:55:01.270Z"}
{"level":"info","message":"Running external service ping..."}
{"level":"info","message":"Ping successful: 200 - 2026-04-29T19:15:01.440Z"}
{"level":"info","message":"Running external service ping..."}
{"level":"info","message":"Ping successful: 200 - 2026-04-29T19:25:00.823Z"}
{"level":"info","message":"Running external service ping..."}
{"level":"info","message":"Running hourly email journey cron..."}
{"level":"info","message":"Ping successful: 200 - 2026-04-29T19:30:01.267Z"}
{"level":"info","message":"Running external service ping..."}
{"level":"info","message":"Ping successful: 200 - 2026-04-29T19:35:00.876Z"}
{"level":"info","message":"Running external service ping..."}
{"level":"info","message":"Ping successful: 200 - 2026-04-29T19:40:01.175Z"}
{"level":"info","message":"Running external service ping..."}
{"level":"info","message":"Ping successful: 200 - 2026-04-29T19:45:00.981Z"}
{"level":"info","message":"Running external service ping..."}
{"level":"error","message":"Ping failed: timeout of 10000ms exceeded - 2026-04-29T20:50:08.757Z"}
{"level":"info","message":"Running external service ping..."}
{"level":"info","message":"Ping successful: 200 - 2026-04-29T21:00:01.339Z"}
{"level":"info","message":"Running external service ping..."}
{"level":"info","message":"Ping successful: 200 - 2026-04-29T21:05:01.277Z"}
{"level":"info","message":"Running external service ping..."}
{"level":"info","message":"Ping successful: 200 - 2026-04-29T21:10:01.181Z"}
{"level":"info","message":"Running external service ping..."}
{"level":"info","message":"Ping successful: 200 - 2026-04-29T21:15:01.307Z"}
{"level":"info","message":"Running external service ping..."}
{"level":"info","message":"Ping successful: 200 - 2026-04-29T21:20:01.029Z"}
{"level":"info","message":"Running external service ping..."}
{"level":"info","message":"Ping successful: 200 - 2026-04-29T21:25:00.956Z"}
{"level":"info","message":"Running external service ping..."}
{"level":"info","message":"Running hourly email journey cron..."}
{"level":"info","message":"Ping successful: 200 - 2026-04-29T21:30:00.897Z"}
{"level":"info","message":"Running external service ping..."}
{"level":"info","message":"Ping successful: 200 - 2026-04-29T21:35:01.266Z"}
{"level":"info","message":"Running external service ping..."}
{"level":"info","message":"Ping successful: 200 - 2026-04-29T21:40:01.205Z"}
{"level":"info","message":"Running external service ping..."}
{"level":"info","message":"Ping successful: 200 - 2026-04-29T21:45:01.194Z"}
{"level":"info","message":"Running external service ping..."}
{"level":"info","message":"Ping successful: 200 - 2026-04-29T21:50:00.914Z"}
{"level":"info","message":"Running external service ping..."}
{"level":"info","message":"Ping successful: 200 - 2026-04-29T21:55:00.943Z"}
{"level":"info","message":"Running external service ping..."}
{"level":"info","message":"Ping successful: 200 - 2026-04-29T22:00:00.978Z"}
{"level":"info","message":"Running external service ping..."}
{"level":"info","message":"Ping successful: 200 - 2026-04-29T22:05:01.238Z"}
{"level":"info","message":"Running external service ping..."}
{"level":"info","message":"Ping successful: 200 - 2026-04-29T22:10:00.837Z"}
{"level":"info","message":"Running external service ping..."}
{"level":"info","message":"Ping successful: 200 - 2026-04-29T22:15:00.912Z"}
{"level":"info","message":"Running external service ping..."}
{"level":"info","message":"Ping successful: 200 - 2026-04-29T22:20:00.839Z"}
{"level":"info","message":"Running external service ping..."}
{"level":"info","message":"Ping successful: 200 - 2026-04-29T22:25:00.900Z"}
{"level":"info","message":"Running external service ping..."}
{"level":"info","message":"Running hourly email journey cron..."}
{"level":"info","message":"Ping successful: 200 - 2026-04-29T22:30:00.962Z"}
{"level":"info","message":"Running external service ping..."}
{"level":"info","message":"Ping successful: 200 - 2026-04-29T22:35:01.191Z"}
{"level":"info","message":"Running external service ping..."}
{"level":"info","message":"Ping successful: 200 - 2026-04-29T22:40:01.339Z"}
{"level":"info","message":"Running external service ping..."}
{"level":"info","message":"Ping successful: 200 - 2026-04-29T22:45:01.126Z"}
{"level":"info","message":"Running external service ping..."}
{"level":"info","message":"Ping successful: 200 - 2026-04-29T22:50:01.217Z"}
{"level":"info","message":"Running external service ping..."}
{"level":"error","message":"Ping failed: timeout of 10000ms exceeded - 2026-04-30T01:00:12.140Z"}
{"level":"info","message":"Running external service ping..."}
{"level":"error","message":"Ping failed: timeout of 10000ms exceeded - 2026-04-30T04:25:10.025Z"}
{"level":"info","message":"Running external service ping..."}
{"level":"error","message":"Ping failed: timeout of 10000ms exceeded - 2026-04-30T05:05:10.019Z"}
{"level":"info","message":"Running external service ping..."}
{"level":"error","message":"Ping failed: timeout of 10000ms exceeded - 2026-04-30T05:55:10.074Z"}
{"level":"info","message":"Running external service ping..."}
{"level":"info","message":"Ping successful: 200 - 2026-04-30T06:40:01.607Z"}
{"level":"info","message":"Running external service ping..."}
{"level":"info","message":"Ping successful: 200 - 2026-04-30T07:20:06.449Z"}
{"level":"info","message":"Running external service ping..."}
{"level":"info","message":"Ping successful: 200 - 2026-04-30T07:40:02.909Z"}
{"level":"info","message":"Running external service ping..."}
{"level":"info","message":"Ping successful: 200 - 2026-04-30T08:00:00.967Z"}
{"level":"info","message":"Running external service ping..."}
{"level":"info","message":"Ping successful: 200 - 2026-04-30T08:10:00.955Z"}
{"level":"info","message":"Running external service ping..."}
{"level":"info","message":"Ping successful: 200 - 2026-04-30T08:45:01.265Z"}
{"level":"info","message":"Cron jobs initialized"}
{"level":"info","message":"Running external service ping..."}
{"level":"info","message":"Ping successful: 200 - 2026-04-30T08:50:01.259Z"}
{"level":"info","message":"Running external service ping..."}
{"level":"info","message":"Ping successful: 200 - 2026-04-30T11:20:00.886Z"}
{"level":"info","message":"Running external service ping..."}
{"level":"info","message":"Ping successful: 200 - 2026-04-30T12:15:01.207Z"}
{"level":"info","message":"Running external service ping..."}
{"level":"info","message":"Ping successful: 200 - 2026-04-30T13:55:01.226Z"}
{"level":"info","message":"Running external service ping..."}
{"level":"info","message":"Ping successful: 200 - 2026-04-30T17:00:01.175Z"}
{"level":"info","message":"Running external service ping..."}
{"level":"info","message":"Running hourly email journey cron..."}
{"level":"info","message":"Ping successful: 200 - 2026-04-30T17:30:00.825Z"}
{"level":"info","message":"Running external service ping..."}
{"level":"info","message":"Ping successful: 200 - 2026-04-30T18:20:00.950Z"}
{"level":"info","message":"Running external service ping..."}
{"level":"error","message":"Ping failed: timeout of 10000ms exceeded - 2026-04-30T22:04:59.168Z"}
{"level":"info","message":"Running external service ping..."}
{"level":"info","message":"Ping successful: 200 - 2026-04-30T22:05:01.386Z"}
{"level":"info","message":"Running external service ping..."}
{"level":"info","message":"Ping successful: 200 - 2026-04-30T22:35:00.880Z"}
{"level":"info","message":"Running external service ping..."}
{"level":"info","message":"Ping successful: 200 - 2026-04-30T23:25:01.179Z"}
{"level":"info","message":"Running external service ping..."}
{"level":"info","message":"Ping successful: 200 - 2026-05-01T02:50:01.250Z"}
{"level":"info","message":"Running external service ping..."}
{"level":"error","message":"Ping failed: timeout of 10000ms exceeded - 2026-05-01T03:50:10.022Z"}
{"level":"info","message":"Running external service ping..."}
{"level":"info","message":"Ping successful: 200 - 2026-05-01T04:20:01.220Z"}
{"level":"info","message":"Running external service ping..."}
{"level":"info","message":"Running hourly email journey cron..."}
{"level":"info","message":"Ping successful: 200 - 2026-05-01T04:30:01.580Z"}
{"level":"info","message":"Running external service ping..."}
{"level":"error","message":"Ping failed: timeout of 10000ms exceeded - 2026-05-01T07:22:32.037Z"}
{"level":"info","message":"Running external service ping..."}
{"level":"info","message":"Ping successful: 200 - 2026-05-01T08:20:01.255Z"}
{"level":"info","message":"Running external service ping..."}
{"level":"info","message":"Ping successful: 200 - 2026-05-01T08:35:00.868Z"}
{"level":"info","message":"Running external service ping..."}
{"level":"error","message":"Ping failed: timeout of 10000ms exceeded - 2026-05-01T09:25:10.033Z"}
{"level":"info","message":"Running external service ping..."}
{"level":"info","message":"Running hourly email journey cron..."}
{"level":"info","message":"Ping successful: 200 - 2026-05-01T09:30:01.185Z"}
{"level":"info","message":"Cron jobs initialized"}
{"level":"info","message":"Cron jobs initialized"}
{"level":"info","message":"Running external service ping..."}
{"level":"info","message":"Ping successful: 200 - 2026-05-01T09:35:00.874Z"}
{"level":"info","message":"Running external service ping..."}
{"level":"info","message":"Ping successful: 200 - 2026-05-01T09:40:01.175Z"}
{"level":"info","message":"Running external service ping..."}
{"level":"info","message":"Ping successful: 200 - 2026-05-01T09:45:01.137Z"}
{"level":"info","message":"Running external service ping..."}
{"level":"info","message":"Ping successful: 200 - 2026-05-01T09:50:01.148Z"}
{"level":"info","message":"Running external service ping..."}
{"level":"info","message":"Ping successful: 200 - 2026-05-01T09:55:01.211Z"}
{"level":"info","message":"Running external service ping..."}
{"level":"info","message":"Ping successful: 200 - 2026-05-01T10:00:00.814Z"}
{"level":"info","message":"Running external service ping..."}
{"level":"info","message":"Ping successful: 200 - 2026-05-01T10:05:01.136Z"}
{"level":"info","message":"Running external service ping..."}
{"level":"info","message":"Ping successful: 200 - 2026-05-01T10:10:01.154Z"}
{"level":"info","message":"Running external service ping..."}
{"level":"info","message":"Ping successful: 200 - 2026-05-01T10:15:00.864Z"}
{"level":"info","message":"Running external service ping..."}
{"level":"info","message":"Ping successful: 200 - 2026-05-01T10:20:01.155Z"}
{"level":"info","message":"Running external service ping..."}
{"level":"info","message":"Ping successful: 200 - 2026-05-01T10:25:01.180Z"}
{"level":"info","message":"Running cleanup job at 2026-05-01T10:30:00.031Z"}
{"level":"info","message":"Running hourly email journey cron..."}
{"level":"info","message":"Running external service ping..."}
{"level":"info","message":"Updated 4 events to 'past' status"}
{"level":"info","message":"Updated 0 bookings to 'expired' status"}
{"level":"info","message":"Ping successful: 200 - 2026-05-01T10:30:01.185Z"}
{"level":"info","message":"Running external service ping..."}
{"level":"info","message":"Ping successful: 200 - 2026-05-01T10:35:01.777Z"}
{"level":"info","message":"Running external service ping..."}
{"level":"info","message":"Ping successful: 200 - 2026-05-01T10:40:01.193Z"}
{"level":"info","message":"Cron jobs initialized"}
{"level":"info","message":"Cron jobs initialized"}
{"level":"info","message":"Cron jobs initialized"}
{"level":"info","message":"Cron jobs initialized"}
{"level":"info","message":"Running external service ping..."}
{"level":"info","message":"Ping successful: 200 - 2026-05-01T10:45:01.217Z"}
{"level":"info","message":"Running external service ping..."}
{"level":"info","message":"Ping successful: 200 - 2026-05-01T10:50:01.149Z"}
{"level":"info","message":"Running external service ping..."}
{"level":"info","message":"Ping successful: 200 - 2026-05-01T11:00:01.268Z"}
{"level":"info","message":"Running external service ping..."}
{"level":"info","message":"Ping successful: 200 - 2026-05-01T11:05:01.186Z"}
{"level":"info","message":"Cron jobs initialized"}
{"level":"info","message":"Cron jobs initialized"}
{"level":"info","message":"Cron jobs initialized"}
{"level":"info","message":"Cron jobs initialized"}
{"level":"info","message":"Cron jobs initialized"}
{"level":"info","message":"Cron jobs initialized"}
{"level":"info","message":"Running cleanup job at 2026-05-01T15:30:00.024Z"}
{"level":"info","message":"Running hourly email journey cron..."}
{"level":"info","message":"Running external service ping..."}
{"level":"info","message":"Updated 0 non-recurring events to 'past' status"}
{"level":"info","message":"Updated 0 recurring events to 'past' status"}
{"level":"info","message":"Restored 1 recurring events from 'past' to 'published' status"}
{"level":"info","message":"Updated 0 bookings to 'expired' status"}
{"level":"info","message":"Ping successful: 200 - 2026-05-01T15:30:01.211Z"}
{"level":"info","message":"Running external service ping..."}
{"level":"info","message":"Ping successful: 200 - 2026-05-01T15:35:01.144Z"}
{"level":"info","message":"Running external service ping..."}
{"level":"info","message":"Ping successful: 200 - 2026-05-01T15:40:01.170Z"}
{"level":"info","message":"Running external service ping..."}
{"level":"info","message":"Ping successful: 200 - 2026-05-01T15:45:01.155Z"}
{"level":"info","message":"Running external service ping..."}
{"level":"info","message":"Ping successful: 200 - 2026-05-01T15:50:01.410Z"}
{"level":"info","message":"Running external service ping..."}
{"level":"info","message":"Ping successful: 200 - 2026-05-01T15:55:01.138Z"}
{"level":"info","message":"Running external service ping..."}
{"level":"info","message":"Ping successful: 200 - 2026-05-01T16:00:00.878Z"}
{"level":"info","message":"Running external service ping..."}
{"level":"info","message":"Ping successful: 200 - 2026-05-01T16:05:01.224Z"}
{"level":"info","message":"Running external service ping..."}
{"level":"info","message":"Ping successful: 200 - 2026-05-01T16:10:01.134Z"}
{"level":"info","message":"Running external service ping..."}
{"level":"info","message":"Ping successful: 200 - 2026-05-01T16:40:01.408Z"}
{"level":"info","message":"Running external service ping..."}
{"level":"error","message":"Ping failed: timeout of 10000ms exceeded - 2026-05-01T17:05:10.024Z"}
{"level":"info","message":"Running external service ping..."}
{"level":"info","message":"Ping successful: 200 - 2026-05-01T17:10:01.194Z"}
{"level":"info","message":"Running external service ping..."}
{"level":"info","message":"Ping successful: 200 - 2026-05-01T17:15:00.804Z"}
{"level":"info","message":"Running external service ping..."}
{"level":"error","message":"Ping failed: timeout of 10000ms exceeded - 2026-05-01T18:25:10.021Z"}
{"level":"info","message":"Cron jobs initialized"}
{"level":"info","message":"Cron jobs initialized"}
{"level":"info","message":"Cron jobs initialized"}
{"level":"info","message":"Cron jobs initialized"}
{"level":"info","message":"Running external service ping..."}
{"level":"info","message":"Ping successful: 200 - 2026-05-01T18:35:01.246Z"}
{"level":"info","message":"Running external service ping..."}
{"level":"info","message":"Ping successful: 200 - 2026-05-01T18:40:01.218Z"}
{"level":"info","message":"Running external service ping..."}
{"level":"info","message":"Ping successful: 200 - 2026-05-01T18:45:01.256Z"}
{"level":"info","message":"Running external service ping..."}
{"level":"info","message":"Ping successful: 200 - 2026-05-01T18:50:01.189Z"}
{"level":"info","message":"Running external service ping..."}
{"level":"info","message":"Ping successful: 200 - 2026-05-01T18:55:01.258Z"}
{"level":"info","message":"Running external service ping..."}
{"level":"info","message":"Ping successful: 200 - 2026-05-01T19:00:00.871Z"}
{"level":"info","message":"Cron jobs initialized"}
{"level":"info","message":"Cron jobs initialized"}
{"level":"info","message":"Cron jobs initialized"}
{"level":"info","message":"Cron jobs initialized"}
{"level":"info","message":"Running external service ping..."}
{"level":"info","message":"Ping successful: 200 - 2026-05-01T19:05:01.027Z"}
{"level":"info","message":"Running external service ping..."}
{"level":"info","message":"Ping successful: 200 - 2026-05-01T19:10:01.268Z"}
{"level":"info","message":"Cron jobs initialized"}
{"level":"info","message":"Cron jobs initialized"}
{"level":"info","message":"Running external service ping..."}
{"level":"info","message":"Ping successful: 200 - 2026-05-01T19:15:00.923Z"}
{"level":"info","message":"Running external service ping..."}
{"level":"info","message":"Ping successful: 200 - 2026-05-01T19:20:00.805Z"}
{"level":"info","message":"Running external service ping..."}
{"level":"info","message":"Ping successful: 200 - 2026-05-01T19:25:01.103Z"}
{"level":"info","message":"Cron jobs initialized"}
{"level":"info","message":"Running external service ping..."}
{"level":"info","message":"Running cleanup job at 2026-05-01T19:30:00.037Z"}
{"level":"info","message":"Running hourly email journey cron..."}
{"level":"info","message":"Updated 0 non-recurring events to 'past' status"}
{"level":"info","message":"Updated 0 recurring events to 'past' status"}
{"level":"info","message":"Updated 0 bookings to 'expired' status"}
{"level":"info","message":"Ping successful: 200 - 2026-05-01T19:30:00.952Z"}
{"level":"info","message":"Running external service ping..."}
{"level":"info","message":"Ping successful: 200 - 2026-05-01T19:35:00.795Z"}
{"level":"info","message":"Running external service ping..."}
{"level":"info","message":"Ping successful: 200 - 2026-05-01T19:40:00.907Z"}
{"level":"info","message":"Running external service ping..."}
{"level":"info","message":"Ping successful: 200 - 2026-05-01T19:45:00.842Z"}
{"level":"info","message":"Running external service ping..."}
{"level":"info","message":"Ping successful: 200 - 2026-05-01T19:50:01.213Z"}
{"level":"info","message":"Running external service ping..."}
{"level":"info","message":"Ping successful: 200 - 2026-05-01T19:55:00.852Z"}
{"level":"info","message":"Cron jobs initialized"}
{"level":"info","message":"Running external service ping..."}
{"level":"info","message":"Ping successful: 200 - 2026-05-01T20:00:01.186Z"}
{"level":"info","message":"Running external service ping..."}
{"level":"info","message":"Ping successful: 200 - 2026-05-01T20:05:01.327Z"}
{"level":"info","message":"Cron jobs initialized"}
{"level":"info","message":"Cron jobs initialized"}
{"level":"info","message":"Running external service ping..."}
{"level":"info","message":"Ping successful: 200 - 2026-05-01T20:10:00.936Z"}
{"level":"info","message":"Running external service ping..."}
{"level":"info","message":"Ping successful: 200 - 2026-05-01T20:15:01.303Z"}
{"level":"info","message":"Running external service ping..."}
{"level":"info","message":"Ping successful: 200 - 2026-05-01T20:20:01.185Z"}
{"level":"info","message":"Running external service ping..."}
{"level":"info","message":"Ping successful: 200 - 2026-05-01T20:25:01.371Z"}
{"level":"info","message":"Running external service ping..."}
{"level":"info","message":"Running cleanup job at 2026-05-01T20:30:00.033Z"}
{"level":"info","message":"Running hourly email journey cron..."}
{"level":"info","message":"Updated 0 non-recurring events to 'past' status"}
{"level":"info","message":"Updated 0 recurring events to 'past' status"}
{"level":"info","message":"Updated 0 bookings to 'expired' status"}
{"level":"info","message":"Ping successful: 200 - 2026-05-01T20:30:01.274Z"}
{"level":"info","message":"Running external service ping..."}
{"level":"info","message":"Ping successful: 200 - 2026-05-01T20:35:00.887Z"}
{"level":"info","message":"Running external service ping..."}
{"level":"info","message":"Ping successful: 200 - 2026-05-01T20:40:01.313Z"}
{"level":"info","message":"Running external service ping..."}
{"level":"info","message":"Ping successful: 200 - 2026-05-01T20:45:00.941Z"}
{"level":"info","message":"Running external service ping..."}
{"level":"info","message":"Ping successful: 200 - 2026-05-01T20:50:01.191Z"}
{"level":"info","message":"Running external service ping..."}
{"level":"info","message":"Ping successful: 200 - 2026-05-01T20:55:00.794Z"}
{"level":"info","message":"Running external service ping..."}
{"level":"error","message":"Ping failed: timeout of 10000ms exceeded - 2026-05-01T21:15:10.028Z"}
{"level":"info","message":"Running external service ping..."}
{"level":"info","message":"Ping successful: 200 - 2026-05-01T21:20:01.263Z"}
{"level":"info","message":"Running external service ping..."}
{"level":"info","message":"Ping successful: 200 - 2026-05-01T21:25:01.286Z"}
{"level":"info","message":"Running external service ping..."}
{"level":"info","message":"Running cleanup job at 2026-05-01T21:30:00.026Z"}
{"level":"info","message":"Running hourly email journey cron..."}
{"level":"info","message":"Updated 0 non-recurring events to 'past' status"}
{"level":"info","message":"Updated 0 recurring events to 'past' status"}
{"level":"info","message":"Updated 0 bookings to 'expired' status"}
{"level":"info","message":"Ping successful: 200 - 2026-05-01T21:30:00.849Z"}
{"level":"info","message":"Running external service ping..."}
{"level":"info","message":"Ping successful: 200 - 2026-05-01T21:35:00.958Z"}
{"level":"info","message":"Running external service ping..."}
{"level":"info","message":"Ping successful: 200 - 2026-05-01T21:40:01.163Z"}
{"level":"info","message":"Running external service ping..."}
{"level":"info","message":"Ping successful: 200 - 2026-05-01T21:45:01.249Z"}
{"level":"info","message":"Running external service ping..."}
{"level":"info","message":"Ping successful: 200 - 2026-05-01T21:50:01.293Z"}
{"level":"info","message":"Running external service ping..."}
{"level":"info","message":"Ping successful: 200 - 2026-05-01T21:55:01.195Z"}
{"level":"info","message":"Running external service ping..."}
{"level":"info","message":"Ping successful: 200 - 2026-05-01T22:00:01.334Z"}
{"level":"info","message":"Running external service ping..."}
{"level":"info","message":"Ping successful: 200 - 2026-05-01T22:05:00.905Z"}
{"level":"info","message":"Running external service ping..."}
{"level":"info","message":"Ping successful: 200 - 2026-05-01T22:10:01.255Z"}
{"level":"info","message":"Running external service ping..."}
{"level":"info","message":"Ping successful: 200 - 2026-05-01T22:15:00.843Z"}
{"level":"info","message":"Running external service ping..."}
{"level":"info","message":"Ping successful: 200 - 2026-05-01T22:20:01.181Z"}
{"level":"info","message":"Running external service ping..."}
{"level":"info","message":"Ping successful: 200 - 2026-05-01T22:25:01.287Z"}
{"level":"info","message":"Running external service ping..."}
{"level":"info","message":"Running cleanup job at 2026-05-01T22:30:00.034Z"}
{"level":"info","message":"Running hourly email journey cron..."}
{"level":"info","message":"Updated 0 non-recurring events to 'past' status"}
{"level":"info","message":"Updated 0 recurring events to 'past' status"}
{"level":"info","message":"Updated 0 bookings to 'expired' status"}
{"level":"info","message":"Ping successful: 200 - 2026-05-01T22:30:01.328Z"}
{"level":"info","message":"Running external service ping..."}
{"level":"info","message":"Ping successful: 200 - 2026-05-01T22:35:00.960Z"}
{"level":"info","message":"Running external service ping..."}
{"level":"info","message":"Ping successful: 200 - 2026-05-01T22:40:01.205Z"}
{"level":"info","message":"Running external service ping..."}
{"level":"info","message":"Ping successful: 200 - 2026-05-01T22:45:01.249Z"}
{"level":"info","message":"Running external service ping..."}
{"level":"info","message":"Ping successful: 200 - 2026-05-01T22:50:00.889Z"}
{"level":"info","message":"Running external service ping..."}
{"level":"info","message":"Ping successful: 200 - 2026-05-01T22:55:01.187Z"}
{"level":"info","message":"Running external service ping..."}
{"level":"info","message":"Running cleanup job at 2026-05-01T23:30:00.032Z"}
{"level":"info","message":"Running hourly email journey cron..."}
{"level":"info","message":"Updated 0 non-recurring events to 'past' status"}
{"level":"info","message":"Updated 0 recurring events to 'past' status"}
{"level":"info","message":"Updated 0 bookings to 'expired' status"}
{"level":"error","message":"Ping failed: timeout of 10000ms exceeded - 2026-05-01T23:30:10.035Z"}
{"level":"info","message":"Running external service ping..."}
{"level":"error","message":"Ping failed: timeout of 10000ms exceeded - 2026-05-02T00:25:10.021Z"}
{"level":"info","message":"Running external service ping..."}
{"level":"error","message":"Ping failed: timeout of 10000ms exceeded - 2026-05-02T01:00:10.017Z"}
{"level":"info","message":"Running external service ping..."}
{"level":"info","message":"Ping successful: 200 - 2026-05-02T03:55:01.111Z"}
{"level":"info","message":"Running external service ping..."}
{"level":"error","message":"Ping failed: timeout of 10000ms exceeded - 2026-05-02T05:25:10.024Z"}
{"level":"info","message":"Running external service ping..."}
{"level":"error","message":"Ping failed: timeout of 10000ms exceeded - 2026-05-02T06:05:10.021Z"}
{"level":"info","message":"Running external service ping..."}
{"level":"error","message":"Ping failed: timeout of 10000ms exceeded - 2026-05-02T07:25:10.023Z"}
{"level":"info","message":"Running external service ping..."}
{"level":"info","message":"Running hourly email journey cron..."}
{"level":"info","message":"Running cleanup job at 2026-05-02T07:30:00.032Z"}
{"level":"error","message":"Ping failed: timeout of 10000ms exceeded - 2026-05-02T07:30:10.030Z"}
{"cause":{"beforeHandshake":false,"errorLabelSet":{}},"errorLabelSet":{},"level":"error","message":"Error sending reminders: Socket 'secureConnect' timed out after 30012ms (connectTimeoutMS: 30000)","reason":{"commonWireVersion":0,"compatible":true,"heartbeatFrequencyMS":10000,"localThresholdMS":15,"logicalSessionTimeoutMinutes":null,"maxElectionId":{"$oid":"7fffffff00000000000000bf"},"maxSetVersion":196,"servers":{"ac-ghzgoxq-shard-00-00.cqtywk8.mongodb.net:27017":{"$clusterTime":null,"address":"ac-ghzgoxq-shard-00-00.cqtywk8.mongodb.net:27017","arbiters":[],"electionId":null,"error":{"beforeHandshake":false,"errorLabelSet":{}},"hosts":[],"iscryptd":false,"lastUpdateTime":2300153357,"lastWriteDate":0,"logicalSessionTimeoutMinutes":null,"maxBsonObjectSize":null,"maxMessageSizeBytes":null,"maxWireVersion":0,"maxWriteBatchSize":null,"me":null,"minRoundTripTime":0,"minWireVersion":0,"passives":[],"primary":null,"roundTripTime":-1,"setName":null,"setVersion":null,"tags":{},"topologyVersion":null,"type":"Unknown"},"ac-ghzgoxq-shard-00-01.cqtywk8.mongodb.net:27017":{"$clusterTime":null,"address":"ac-ghzgoxq-shard-00-01.cqtywk8.mongodb.net:27017","arbiters":[],"electionId":null,"error":{"beforeHandshake":false,"errorLabelSet":{}},"hosts":[],"iscryptd":false,"lastUpdateTime":2300153218,"lastWriteDate":0,"logicalSessionTimeoutMinutes":null,"maxBsonObjectSize":null,"maxMessageSizeBytes":null,"maxWireVersion":0,"maxWriteBatchSize":null,"me":null,"minRoundTripTime":0,"minWireVersion":0,"passives":[],"primary":null,"roundTripTime":-1,"setName":null,"setVersion":null,"tags":{},"topologyVersion":null,"type":"Unknown"},"ac-ghzgoxq-shard-00-02.cqtywk8.mongodb.net:27017":{"$clusterTime":null,"address":"ac-ghzgoxq-shard-00-02.cqtywk8.mongodb.net:27017","arbiters":[],"electionId":null,"error":{"beforeHandshake":false,"errorLabelSet":{}},"hosts":[],"iscryptd":false,"lastUpdateTime":2300153220,"lastWriteDate":0,"logicalSessionTimeoutMinutes":null,"maxBsonObjectSize":null,"maxMessageSizeBytes":null,"maxWireVersion":0,"maxWriteBatchSize":null,"me":null,"minRoundTripTime":0,"minWireVersion":0,"passives":[],"primary":null,"roundTripTime":-1,"setName":null,"setVersion":null,"tags":{},"topologyVersion":null,"type":"Unknown"}},"setName":"atlas-v9tktt-shard-0","stale":false,"type":"ReplicaSetNoPrimary"},"stack":"MongoServerSelectionError: Socket 'secureConnect' timed out after 30012ms (connectTimeoutMS: 30000)\n    at Topology.selectServer (/Users/hashirsheikh/Documents/dev/event-sphere/backend/node_modules/mongodb/src/sdam/topology.ts:630:30)\n    at runNextTicks (node:internal/process/task_queues:65:5)\n    at listOnTimeout (node:internal/timers:567:9)\n    at process.processTimers (node:internal/timers:541:7)\n    at async tryOperation (/Users/hashirsheikh/Documents/dev/event-sphere/backend/node_modules/mongodb/src/operations/execute_operation.ts:206:16)\n    at async executeOperation (/Users/hashirsheikh/Documents/dev/event-sphere/backend/node_modules/mongodb/src/operations/execute_operation.ts:123:12)\n    at async FindCursor._initialize (/Users/hashirsheikh/Documents/dev/event-sphere/backend/node_modules/mongodb/src/cursor/find_cursor.ts:92:22)\n    at async FindCursor.cursorInit (/Users/hashirsheikh/Documents/dev/event-sphere/backend/node_modules/mongodb/src/cursor/abstract_cursor.ts:917:21)\n    at async FindCursor.fetchBatch (/Users/hashirsheikh/Documents/dev/event-sphere/backend/node_modules/mongodb/src/cursor/abstract_cursor.ts:955:7)\n    at async FindCursor.next (/Users/hashirsheikh/Documents/dev/event-sphere/backend/node_modules/mongodb/src/cursor/abstract_cursor.ts:573:9)"}
{"cause":{"beforeHandshake":false,"errorLabelSet":{}},"errorLabelSet":{},"level":"error","message":"Error sending review requests: Socket 'secureConnect' timed out after 30012ms (connectTimeoutMS: 30000)","reason":{"commonWireVersion":0,"compatible":true,"heartbeatFrequencyMS":10000,"localThresholdMS":15,"logicalSessionTimeoutMinutes":null,"maxElectionId":{"$oid":"7fffffff00000000000000bf"},"maxSetVersion":196,"servers":{"ac-ghzgoxq-shard-00-00.cqtywk8.mongodb.net:27017":{"$clusterTime":null,"address":"ac-ghzgoxq-shard-00-00.cqtywk8.mongodb.net:27017","arbiters":[],"electionId":null,"error":{"beforeHandshake":false,"errorLabelSet":{}},"hosts":[],"iscryptd":false,"lastUpdateTime":2300153357,"lastWriteDate":0,"logicalSessionTimeoutMinutes":null,"maxBsonObjectSize":null,"maxMessageSizeBytes":null,"maxWireVersion":0,"maxWriteBatchSize":null,"me":null,"minRoundTripTime":0,"minWireVersion":0,"passives":[],"primary":null,"roundTripTime":-1,"setName":null,"setVersion":null,"tags":{},"topologyVersion":null,"type":"Unknown"},"ac-ghzgoxq-shard-00-01.cqtywk8.mongodb.net:27017":{"$clusterTime":null,"address":"ac-ghzgoxq-shard-00-01.cqtywk8.mongodb.net:27017","arbiters":[],"electionId":null,"error":{"beforeHandshake":false,"errorLabelSet":{}},"hosts":[],"iscryptd":false,"lastUpdateTime":2300153218,"lastWriteDate":0,"logicalSessionTimeoutMinutes":null,"maxBsonObjectSize":null,"maxMessageSizeBytes":null,"maxWireVersion":0,"maxWriteBatchSize":null,"me":null,"minRoundTripTime":0,"minWireVersion":0,"passives":[],"primary":null,"roundTripTime":-1,"setName":null,"setVersion":null,"tags":{},"topologyVersion":null,"type":"Unknown"},"ac-ghzgoxq-shard-00-02.cqtywk8.mongodb.net:27017":{"$clusterTime":null,"address":"ac-ghzgoxq-shard-00-02.cqtywk8.mongodb.net:27017","arbiters":[],"electionId":null,"error":{"beforeHandshake":false,"errorLabelSet":{}},"hosts":[],"iscryptd":false,"lastUpdateTime":2300153220,"lastWriteDate":0,"logicalSessionTimeoutMinutes":null,"maxBsonObjectSize":null,"maxMessageSizeBytes":null,"maxWireVersion":0,"maxWriteBatchSize":null,"me":null,"minRoundTripTime":0,"minWireVersion":0,"passives":[],"primary":null,"roundTripTime":-1,"setName":null,"setVersion":null,"tags":{},"topologyVersion":null,"type":"Unknown"}},"setName":"atlas-v9tktt-shard-0","stale":false,"type":"ReplicaSetNoPrimary"},"stack":"MongoServerSelectionError: Socket 'secureConnect' timed out after 30012ms (connectTimeoutMS: 30000)\n    at Topology.selectServer (/Users/hashirsheikh/Documents/dev/event-sphere/backend/node_modules/mongodb/src/sdam/topology.ts:630:30)\n    at runNextTicks (node:internal/process/task_queues:65:5)\n    at listOnTimeout (node:internal/timers:567:9)\n    at process.processTimers (node:internal/timers:541:7)\n    at async tryOperation (/Users/hashirsheikh/Documents/dev/event-sphere/backend/node_modules/mongodb/src/operations/execute_operation.ts:206:16)\n    at async executeOperation (/Users/hashirsheikh/Documents/dev/event-sphere/backend/node_modules/mongodb/src/operations/execute_operation.ts:123:12)\n    at async FindCursor._initialize (/Users/hashirsheikh/Documents/dev/event-sphere/backend/node_modules/mongodb/src/cursor/find_cursor.ts:92:22)\n    at async FindCursor.cursorInit (/Users/hashirsheikh/Documents/dev/event-sphere/backend/node_modules/mongodb/src/cursor/abstract_cursor.ts:917:21)\n    at async FindCursor.fetchBatch (/Users/hashirsheikh/Documents/dev/event-sphere/backend/node_modules/mongodb/src/cursor/abstract_cursor.ts:955:7)\n    at async FindCursor.next (/Users/hashirsheikh/Documents/dev/event-sphere/backend/node_modules/mongodb/src/cursor/abstract_cursor.ts:573:9)"}
{"cause":{"beforeHandshake":false,"errorLabelSet":{}},"errorLabelSet":{},"level":"error","message":"Error during cleanup job: Socket 'secureConnect' timed out after 30012ms (connectTimeoutMS: 30000)","reason":{"commonWireVersion":0,"compatible":true,"heartbeatFrequencyMS":10000,"localThresholdMS":15,"logicalSessionTimeoutMinutes":null,"maxElectionId":{"$oid":"7fffffff00000000000000bf"},"maxSetVersion":196,"servers":{"ac-ghzgoxq-shard-00-00.cqtywk8.mongodb.net:27017":{"$clusterTime":null,"address":"ac-ghzgoxq-shard-00-00.cqtywk8.mongodb.net:27017","arbiters":[],"electionId":null,"error":{"beforeHandshake":false,"errorLabelSet":{}},"hosts":[],"iscryptd":false,"lastUpdateTime":2300153357,"lastWriteDate":0,"logicalSessionTimeoutMinutes":null,"maxBsonObjectSize":null,"maxMessageSizeBytes":null,"maxWireVersion":0,"maxWriteBatchSize":null,"me":null,"minRoundTripTime":0,"minWireVersion":0,"passives":[],"primary":null,"roundTripTime":-1,"setName":null,"setVersion":null,"tags":{},"topologyVersion":null,"type":"Unknown"},"ac-ghzgoxq-shard-00-01.cqtywk8.mongodb.net:27017":{"$clusterTime":null,"address":"ac-ghzgoxq-shard-00-01.cqtywk8.mongodb.net:27017","arbiters":[],"electionId":null,"error":{"beforeHandshake":false,"errorLabelSet":{}},"hosts":[],"iscryptd":false,"lastUpdateTime":2300153218,"lastWriteDate":0,"logicalSessionTimeoutMinutes":null,"maxBsonObjectSize":null,"maxMessageSizeBytes":null,"maxWireVersion":0,"maxWriteBatchSize":null,"me":null,"minRoundTripTime":0,"minWireVersion":0,"passives":[],"primary":null,"roundTripTime":-1,"setName":null,"setVersion":null,"tags":{},"topologyVersion":null,"type":"Unknown"},"ac-ghzgoxq-shard-00-02.cqtywk8.mongodb.net:27017":{"$clusterTime":null,"address":"ac-ghzgoxq-shard-00-02.cqtywk8.mongodb.net:27017","arbiters":[],"electionId":null,"error":{"beforeHandshake":false,"errorLabelSet":{}},"hosts":[],"iscryptd":false,"lastUpdateTime":2300153220,"lastWriteDate":0,"logicalSessionTimeoutMinutes":null,"maxBsonObjectSize":null,"maxMessageSizeBytes":null,"maxWireVersion":0,"maxWriteBatchSize":null,"me":null,"minRoundTripTime":0,"minWireVersion":0,"passives":[],"primary":null,"roundTripTime":-1,"setName":null,"setVersion":null,"tags":{},"topologyVersion":null,"type":"Unknown"}},"setName":"atlas-v9tktt-shard-0","stale":false,"type":"ReplicaSetNoPrimary"},"stack":"MongoServerSelectionError: Socket 'secureConnect' timed out after 30012ms (connectTimeoutMS: 30000)\n    at Topology.selectServer (/Users/hashirsheikh/Documents/dev/event-sphere/backend/node_modules/mongodb/src/sdam/topology.ts:630:30)\n    at async tryOperation (/Users/hashirsheikh/Documents/dev/event-sphere/backend/node_modules/mongodb/src/operations/execute_operation.ts:206:16)\n    at async executeOperation (/Users/hashirsheikh/Documents/dev/event-sphere/backend/node_modules/mongodb/src/operations/execute_operation.ts:123:12)\n    at async Collection.updateMany (/Users/hashirsheikh/Documents/dev/event-sphere/backend/node_modules/mongodb/src/collection.ts:450:12)\n    at async model.Query.exec (/Users/hashirsheikh/Documents/dev/event-sphere/backend/node_modules/mongoose/lib/query.js:4652:63)\n    at async cleanupPastEventsAndTickets (/Users/hashirsheikh/Documents/dev/event-sphere/backend/src/utils/cronJobs.ts:24:32)"}
{"level":"info","message":"Running external service ping..."}
{"level":"error","message":"Ping failed: timeout of 10000ms exceeded - 2026-05-02T07:35:10.026Z"}
{"level":"info","message":"Running external service ping..."}
{"level":"error","message":"Ping failed: timeout of 10000ms exceeded - 2026-05-02T07:40:10.020Z"}
{"level":"info","message":"Running external service ping..."}
{"level":"info","message":"Ping successful: 200 - 2026-05-02T07:45:00.898Z"}
{"level":"info","message":"Running external service ping..."}
{"level":"info","message":"Ping successful: 200 - 2026-05-02T07:50:01.169Z"}
{"level":"info","message":"Running external service ping..."}
{"level":"info","message":"Ping successful: 200 - 2026-05-02T07:55:01.196Z"}
{"level":"info","message":"Running external service ping..."}
{"level":"info","message":"Ping successful: 200 - 2026-05-02T08:00:01.246Z"}
{"level":"info","message":"Running external service ping..."}
{"level":"info","message":"Ping successful: 200 - 2026-05-02T08:05:01.699Z"}
{"level":"info","message":"Running external service ping..."}
{"level":"info","message":"Ping successful: 200 - 2026-05-02T08:10:01.229Z"}
{"level":"info","message":"Running external service ping..."}
{"level":"info","message":"Ping successful: 200 - 2026-05-02T08:15:00.965Z"}
{"level":"info","message":"Running external service ping..."}
{"level":"info","message":"Ping successful: 200 - 2026-05-02T08:20:01.212Z"}
{"level":"info","message":"Running external service ping..."}
{"level":"info","message":"Ping successful: 200 - 2026-05-02T08:25:01.262Z"}
{"level":"info","message":"Running external service ping..."}
{"level":"info","message":"Running hourly email journey cron..."}
{"level":"info","message":"Running cleanup job at 2026-05-02T08:30:00.036Z"}
{"level":"info","message":"Updated 0 non-recurring events to 'past' status"}
{"level":"info","message":"Updated 0 recurring events to 'past' status"}
{"level":"info","message":"Updated 0 bookings to 'expired' status"}
{"level":"info","message":"Ping successful: 200 - 2026-05-02T08:30:01.156Z"}
{"level":"info","message":"Running external service ping..."}
{"level":"info","message":"Ping successful: 200 - 2026-05-02T08:35:00.932Z"}
{"level":"info","message":"Running external service ping..."}
{"level":"info","message":"Ping successful: 200 - 2026-05-02T08:40:01.283Z"}
{"level":"info","message":"Running external service ping..."}
{"level":"info","message":"Ping successful: 200 - 2026-05-02T08:45:01.223Z"}
{"level":"info","message":"Running external service ping..."}
{"level":"info","message":"Ping successful: 200 - 2026-05-02T08:50:01.113Z"}
{"level":"info","message":"Running external service ping..."}
{"level":"info","message":"Ping successful: 200 - 2026-05-02T08:55:01.206Z"}
{"level":"info","message":"Running external service ping..."}
{"level":"info","message":"Ping successful: 200 - 2026-05-02T09:00:01.353Z"}
{"level":"info","message":"Running external service ping..."}
{"level":"info","message":"Ping successful: 200 - 2026-05-02T09:05:01.293Z"}
{"level":"info","message":"Running external service ping..."}
{"level":"info","message":"Ping successful: 200 - 2026-05-02T09:10:01.234Z"}
{"level":"info","message":"Running external service ping..."}
{"level":"info","message":"Ping successful: 200 - 2026-05-02T09:15:01.277Z"}
{"level":"info","message":"Running external service ping..."}
{"level":"info","message":"Ping successful: 200 - 2026-05-02T09:20:01.220Z"}
{"level":"info","message":"Running external service ping..."}
{"level":"info","message":"Ping successful: 200 - 2026-05-02T09:25:00.963Z"}
{"level":"info","message":"Running external service ping..."}
{"level":"info","message":"Running hourly email journey cron..."}
{"level":"info","message":"Running cleanup job at 2026-05-02T09:30:00.028Z"}
{"level":"info","message":"Updated 0 non-recurring events to 'past' status"}
{"level":"info","message":"Updated 0 recurring events to 'past' status"}
{"level":"info","message":"Updated 0 bookings to 'expired' status"}
{"level":"info","message":"Ping successful: 200 - 2026-05-02T09:30:01.202Z"}
{"level":"info","message":"Running external service ping..."}
{"level":"info","message":"Ping successful: 200 - 2026-05-02T09:35:01.246Z"}
{"level":"info","message":"Running external service ping..."}
{"level":"info","message":"Ping successful: 200 - 2026-05-02T09:40:00.879Z"}
{"level":"info","message":"Running external service ping..."}
{"level":"info","message":"Ping successful: 200 - 2026-05-02T09:45:01.231Z"}
{"level":"info","message":"Running external service ping..."}
{"level":"info","message":"Ping successful: 200 - 2026-05-02T09:50:00.866Z"}
{"level":"info","message":"Running external service ping..."}
{"level":"info","message":"Ping successful: 200 - 2026-05-02T09:55:01.214Z"}
{"level":"info","message":"Running external service ping..."}
{"level":"info","message":"Ping successful: 200 - 2026-05-02T10:00:01.363Z"}
{"level":"info","message":"Running external service ping..."}
{"level":"info","message":"Ping successful: 200 - 2026-05-02T10:05:01.159Z"}
{"level":"info","message":"Running external service ping..."}
{"level":"info","message":"Ping successful: 200 - 2026-05-02T10:10:01.237Z"}
{"level":"info","message":"Running external service ping..."}
{"level":"info","message":"Ping successful: 200 - 2026-05-02T10:15:00.856Z"}
{"level":"info","message":"Running external service ping..."}
{"level":"info","message":"Ping successful: 200 - 2026-05-02T10:20:01.221Z"}
{"level":"info","message":"Running external service ping..."}
{"level":"info","message":"Ping successful: 200 - 2026-05-02T10:25:01.075Z"}
{"level":"info","message":"Running external service ping..."}
{"level":"info","message":"Running cleanup job at 2026-05-02T10:30:00.030Z"}
{"level":"info","message":"Running hourly email journey cron..."}
{"level":"info","message":"Updated 0 non-recurring events to 'past' status"}
{"level":"info","message":"Updated 0 recurring events to 'past' status"}
{"level":"info","message":"Updated 0 bookings to 'expired' status"}
{"level":"info","message":"Ping successful: 200 - 2026-05-02T10:30:01.306Z"}
{"level":"info","message":"Running external service ping..."}
{"level":"info","message":"Ping successful: 200 - 2026-05-02T10:35:01.246Z"}
{"level":"info","message":"Running external service ping..."}
{"level":"info","message":"Ping successful: 200 - 2026-05-02T10:40:01.126Z"}
{"level":"info","message":"Running external service ping..."}
{"level":"info","message":"Ping successful: 200 - 2026-05-02T10:45:00.974Z"}
{"level":"info","message":"Running external service ping..."}
{"level":"info","message":"Ping successful: 200 - 2026-05-02T10:50:01.161Z"}
{"level":"info","message":"Cron jobs initialized"}
{"level":"info","message":"Running external service ping..."}
{"level":"info","message":"Ping successful: 200 - 2026-05-02T11:15:00.897Z"}
{"level":"info","message":"Running external service ping..."}
{"level":"info","message":"Ping successful: 200 - 2026-05-02T11:35:01.193Z"}
{"level":"info","message":"Running cleanup job at 2026-05-02T12:30:00.024Z"}
{"level":"info","message":"Running hourly email journey cron..."}
{"level":"info","message":"Running external service ping..."}
{"level":"info","message":"Updated 0 non-recurring events to 'past' status"}
{"level":"info","message":"Updated 0 recurring events to 'past' status"}
{"level":"info","message":"Updated 0 bookings to 'expired' status"}
{"level":"info","message":"Ping successful: 200 - 2026-05-02T12:30:01.302Z"}
{"level":"info","message":"Cron jobs initialized"}
{"level":"info","message":"Cron jobs initialized"}
{"level":"info","message":"Cron jobs initialized"}
{"level":"info","message":"Running external service ping..."}
{"level":"info","message":"Ping successful: 200 - 2026-05-02T12:35:01.251Z"}
{"level":"info","message":"Cron jobs initialized"}
{"level":"info","message":"Running external service ping..."}
{"level":"info","message":"Ping successful: 200 - 2026-05-02T12:40:01.182Z"}
{"level":"info","message":"Cron jobs initialized"}
{"level":"info","message":"Cron jobs initialized"}
{"level":"info","message":"Cron jobs initialized"}
{"level":"info","message":"Cron jobs initialized"}
{"level":"info","message":"Cron jobs initialized"}
{"level":"info","message":"Running external service ping..."}
{"level":"info","message":"Ping successful: 200 - 2026-05-02T12:45:01.200Z"}
{"level":"info","message":"Running external service ping..."}
{"level":"info","message":"Ping successful: 200 - 2026-05-02T12:50:00.846Z"}
{"level":"info","message":"Running external service ping..."}
{"level":"info","message":"Ping successful: 200 - 2026-05-02T12:55:01.762Z"}
{"level":"info","message":"Running external service ping..."}
{"level":"info","message":"Ping successful: 200 - 2026-05-02T13:00:01.651Z"}
{"level":"info","message":"Running external service ping..."}
{"level":"info","message":"Ping successful: 200 - 2026-05-02T13:05:01.491Z"}
{"level":"info","message":"Running external service ping..."}
{"level":"info","message":"Ping successful: 200 - 2026-05-02T13:10:01.610Z"}
{"level":"info","message":"Running external service ping..."}
{"level":"info","message":"Ping successful: 200 - 2026-05-02T13:15:01.632Z"}
{"level":"info","message":"Running external service ping..."}
{"level":"info","message":"Ping successful: 200 - 2026-05-02T13:20:01.424Z"}
{"level":"info","message":"Running external service ping..."}
{"level":"info","message":"Ping successful: 200 - 2026-05-02T13:25:01.454Z"}
{"level":"info","message":"Running external service ping..."}
{"level":"info","message":"Running cleanup job at 2026-05-02T13:30:00.068Z"}
{"level":"info","message":"Running hourly email journey cron..."}
{"level":"info","message":"Updated 0 non-recurring events to 'past' status"}
{"level":"info","message":"Updated 0 recurring events to 'past' status"}
{"level":"info","message":"Updated 0 bookings to 'expired' status"}
{"level":"info","message":"Ping successful: 200 - 2026-05-02T13:30:01.121Z"}
{"level":"info","message":"Running external service ping..."}
{"level":"info","message":"Ping successful: 200 - 2026-05-02T13:35:01.898Z"}
{"level":"info","message":"Running external service ping..."}
{"level":"info","message":"Ping successful: 200 - 2026-05-02T13:40:01.507Z"}
{"level":"info","message":"Running external service ping..."}
{"level":"info","message":"Ping successful: 200 - 2026-05-02T13:45:01.464Z"}
{"level":"info","message":"Running external service ping..."}
{"level":"info","message":"Ping successful: 200 - 2026-05-02T13:50:01.508Z"}
{"level":"info","message":"Running external service ping..."}
{"level":"info","message":"Ping successful: 200 - 2026-05-02T13:55:01.352Z"}
{"level":"info","message":"Running external service ping..."}
{"level":"info","message":"Ping successful: 200 - 2026-05-02T14:00:01.511Z"}
{"level":"info","message":"Running external service ping..."}
{"level":"info","message":"Ping successful: 200 - 2026-05-02T14:05:01.539Z"}
{"level":"info","message":"Running external service ping..."}
{"level":"info","message":"Ping successful: 200 - 2026-05-02T14:10:01.549Z"}
{"level":"info","message":"Running external service ping..."}
{"level":"info","message":"Ping successful: 200 - 2026-05-02T14:15:02.314Z"}
{"level":"info","message":"Running external service ping..."}
{"level":"info","message":"Ping successful: 200 - 2026-05-02T14:20:01.483Z"}
{"level":"info","message":"Running external service ping..."}
{"level":"info","message":"Ping successful: 200 - 2026-05-02T14:25:01.039Z"}
{"level":"info","message":"Running hourly email journey cron..."}
{"level":"info","message":"Running cleanup job at 2026-05-02T14:30:00.024Z"}
{"level":"info","message":"Running external service ping..."}
{"level":"info","message":"Updated 0 non-recurring events to 'past' status"}
{"level":"info","message":"Updated 0 recurring events to 'past' status"}
{"level":"info","message":"Updated 0 bookings to 'expired' status"}
{"level":"info","message":"Ping successful: 200 - 2026-05-02T14:30:02.817Z"}
{"level":"info","message":"Running external service ping..."}
{"level":"info","message":"Ping successful: 200 - 2026-05-02T14:35:01.190Z"}
{"level":"info","message":"Running external service ping..."}
{"level":"info","message":"Ping successful: 200 - 2026-05-02T14:40:01.314Z"}
{"level":"info","message":"Running external service ping..."}
{"level":"info","message":"Ping successful: 200 - 2026-05-02T14:45:01.510Z"}
{"level":"info","message":"Running external service ping..."}
{"level":"info","message":"Ping successful: 200 - 2026-05-02T14:50:01.313Z"}
{"level":"info","message":"Running external service ping..."}
{"level":"info","message":"Ping successful: 200 - 2026-05-02T14:55:02.104Z"}
{"level":"info","message":"Running external service ping..."}
{"level":"info","message":"Ping successful: 200 - 2026-05-02T15:00:01.399Z"}
{"level":"info","message":"Running external service ping..."}
{"level":"info","message":"Ping successful: 200 - 2026-05-02T15:05:01.150Z"}
{"level":"info","message":"Running external service ping..."}
{"level":"info","message":"Ping successful: 200 - 2026-05-02T15:10:01.460Z"}
{"level":"info","message":"Running external service ping..."}
{"level":"info","message":"Ping successful: 200 - 2026-05-02T15:15:01.503Z"}
{"level":"info","message":"Running external service ping..."}
{"level":"info","message":"Ping successful: 200 - 2026-05-02T15:20:02.278Z"}
{"level":"info","message":"Running external service ping..."}
{"level":"info","message":"Ping successful: 200 - 2026-05-02T15:25:01.493Z"}
{"level":"info","message":"Running external service ping..."}
{"level":"info","message":"Running cleanup job at 2026-05-02T15:30:00.035Z"}
{"level":"info","message":"Running hourly email journey cron..."}
{"level":"info","message":"Updated 0 non-recurring events to 'past' status"}
{"level":"info","message":"Updated 0 recurring events to 'past' status"}
{"level":"info","message":"Updated 0 bookings to 'expired' status"}
{"level":"info","message":"Ping successful: 200 - 2026-05-02T15:30:01.218Z"}
{"level":"info","message":"Running external service ping..."}
{"level":"info","message":"Ping successful: 200 - 2026-05-02T15:35:01.487Z"}
{"level":"info","message":"Running external service ping..."}
{"level":"info","message":"Ping successful: 200 - 2026-05-02T15:40:01.479Z"}
{"level":"info","message":"Running external service ping..."}
{"level":"info","message":"Ping successful: 200 - 2026-05-02T15:45:01.404Z"}
{"level":"info","message":"Running external service ping..."}
{"level":"info","message":"Ping successful: 200 - 2026-05-02T15:50:01.109Z"}
{"level":"info","message":"Running external service ping..."}
{"level":"info","message":"Ping successful: 200 - 2026-05-02T15:55:01.425Z"}
{"level":"info","message":"Running external service ping..."}
{"level":"info","message":"Ping successful: 200 - 2026-05-02T16:00:01.542Z"}
{"level":"info","message":"Running external service ping..."}
{"level":"info","message":"Ping successful: 200 - 2026-05-02T16:05:01.156Z"}
{"level":"info","message":"Running external service ping..."}
{"level":"info","message":"Ping successful: 200 - 2026-05-02T16:10:00.843Z"}
{"level":"info","message":"Running external service ping..."}
{"level":"info","message":"Ping successful: 200 - 2026-05-02T16:15:01.388Z"}
{"level":"info","message":"Running external service ping..."}
{"level":"info","message":"Ping successful: 200 - 2026-05-02T16:20:01.454Z"}
{"level":"info","message":"Running external service ping..."}
{"level":"info","message":"Ping successful: 200 - 2026-05-02T16:25:01.307Z"}
{"level":"info","message":"Running external service ping..."}
{"level":"info","message":"Running cleanup job at 2026-05-02T16:30:00.033Z"}
{"level":"info","message":"Running hourly email journey cron..."}
{"level":"info","message":"Updated 0 non-recurring events to 'past' status"}
{"level":"info","message":"Updated 0 recurring events to 'past' status"}
{"level":"info","message":"Updated 0 bookings to 'expired' status"}
{"level":"info","message":"Ping successful: 200 - 2026-05-02T16:30:01.508Z"}
{"level":"info","message":"Running external service ping..."}
{"level":"info","message":"Ping successful: 200 - 2026-05-02T16:35:01.700Z"}
{"level":"info","message":"Running external service ping..."}
{"level":"info","message":"Ping successful: 200 - 2026-05-02T16:40:01.553Z"}
{"level":"info","message":"Running external service ping..."}
{"level":"info","message":"Ping successful: 200 - 2026-05-02T16:45:01.153Z"}
{"level":"info","message":"Running external service ping..."}
{"level":"info","message":"Ping successful: 200 - 2026-05-02T16:50:01.481Z"}
{"level":"info","message":"Running external service ping..."}
{"level":"info","message":"Ping successful: 200 - 2026-05-02T16:55:00.821Z"}
{"level":"info","message":"Running external service ping..."}
{"level":"info","message":"Ping successful: 200 - 2026-05-02T17:00:01.119Z"}
{"level":"info","message":"Running external service ping..."}
{"level":"info","message":"Ping successful: 200 - 2026-05-02T17:05:00.873Z"}
{"level":"info","message":"Running external service ping..."}
{"level":"info","message":"Ping successful: 200 - 2026-05-02T17:10:01.141Z"}
{"level":"info","message":"Running external service ping..."}
{"level":"info","message":"Ping successful: 200 - 2026-05-02T17:15:01.905Z"}
{"level":"info","message":"Running external service ping..."}
{"level":"info","message":"Ping successful: 200 - 2026-05-02T17:20:01.147Z"}
{"level":"info","message":"Running external service ping..."}
{"level":"info","message":"Ping successful: 200 - 2026-05-02T17:25:01.366Z"}
{"level":"info","message":"Running hourly email journey cron..."}
{"level":"info","message":"Running external service ping..."}
{"level":"info","message":"Running cleanup job at 2026-05-02T17:30:00.029Z"}
{"level":"info","message":"Updated 0 non-recurring events to 'past' status"}
{"level":"info","message":"Updated 0 recurring events to 'past' status"}
{"level":"info","message":"Ping successful: 200 - 2026-05-02T17:30:01.160Z"}
{"level":"info","message":"Updated 0 bookings to 'expired' status"}
{"level":"info","message":"Running external service ping..."}
{"level":"info","message":"Ping successful: 200 - 2026-05-02T17:35:01.518Z"}
{"level":"info","message":"Running external service ping..."}
{"level":"info","message":"Ping successful: 200 - 2026-05-02T17:40:01.480Z"}
{"level":"info","message":"Running external service ping..."}
{"level":"info","message":"Ping successful: 200 - 2026-05-02T17:45:01.416Z"}
{"level":"info","message":"Running external service ping..."}
{"level":"info","message":"Ping successful: 200 - 2026-05-02T17:50:01.009Z"}
{"level":"info","message":"Running external service ping..."}
{"level":"info","message":"Ping successful: 200 - 2026-05-02T17:55:02.104Z"}
{"level":"info","message":"Running external service ping..."}
{"level":"info","message":"Ping successful: 200 - 2026-05-02T18:00:01.200Z"}
{"level":"info","message":"Running external service ping..."}
{"level":"info","message":"Ping successful: 200 - 2026-05-02T18:05:01.141Z"}
{"level":"info","message":"Running external service ping..."}
{"level":"info","message":"Ping successful: 200 - 2026-05-02T18:10:01.832Z"}
{"level":"info","message":"Running external service ping..."}
{"level":"info","message":"Ping successful: 200 - 2026-05-02T18:15:01.707Z"}
{"level":"info","message":"Running external service ping..."}
{"level":"info","message":"Ping successful: 200 - 2026-05-02T18:20:01.099Z"}
{"level":"info","message":"Running external service ping..."}
{"level":"info","message":"Ping successful: 200 - 2026-05-02T18:25:01.517Z"}
{"level":"info","message":"Running external service ping..."}
{"level":"info","message":"Running hourly email journey cron..."}
{"level":"info","message":"Running cleanup job at 2026-05-02T18:30:00.050Z"}
{"level":"info","message":"Updated 0 non-recurring events to 'past' status"}
{"level":"info","message":"Updated 0 recurring events to 'past' status"}
{"level":"info","message":"Updated 0 bookings to 'expired' status"}
{"level":"info","message":"Ping successful: 200 - 2026-05-02T18:30:00.938Z"}
{"level":"info","message":"Running external service ping..."}
{"level":"info","message":"Ping successful: 200 - 2026-05-02T18:35:01.502Z"}
{"level":"info","message":"Running external service ping..."}
{"level":"info","message":"Ping successful: 200 - 2026-05-02T18:40:01.229Z"}
{"level":"info","message":"Running external service ping..."}
{"level":"info","message":"Ping successful: 200 - 2026-05-02T18:45:01.601Z"}
{"level":"info","message":"Running external service ping..."}
{"level":"info","message":"Ping successful: 200 - 2026-05-02T18:50:01.248Z"}
{"level":"info","message":"Running external service ping..."}
{"level":"info","message":"Ping successful: 200 - 2026-05-02T18:55:02.567Z"}
{"level":"info","message":"Running external service ping..."}
{"level":"info","message":"Ping successful: 200 - 2026-05-02T19:00:01.316Z"}
{"level":"info","message":"Running external service ping..."}
{"level":"info","message":"Ping successful: 200 - 2026-05-02T19:05:01.370Z"}
{"level":"info","message":"Running external service ping..."}
{"level":"info","message":"Ping successful: 200 - 2026-05-02T19:10:01.196Z"}
{"level":"info","message":"Running external service ping..."}
{"level":"info","message":"Ping successful: 200 - 2026-05-02T19:15:01.610Z"}
{"level":"info","message":"Running external service ping..."}
{"level":"info","message":"Ping successful: 200 - 2026-05-02T19:20:02.534Z"}
{"level":"info","message":"Running external service ping..."}
{"level":"info","message":"Ping successful: 200 - 2026-05-02T19:25:00.968Z"}
{"level":"info","message":"Running cleanup job at 2026-05-02T19:30:00.031Z"}
{"level":"info","message":"Running hourly email journey cron..."}
{"level":"info","message":"Running external service ping..."}
{"level":"info","message":"Updated 0 non-recurring events to 'past' status"}
{"level":"info","message":"Updated 0 recurring events to 'past' status"}
{"level":"info","message":"Updated 0 bookings to 'expired' status"}
{"level":"info","message":"Ping successful: 200 - 2026-05-02T19:30:02.278Z"}
{"level":"info","message":"Running external service ping..."}
{"level":"info","message":"Ping successful: 200 - 2026-05-02T19:35:01.158Z"}
{"level":"info","message":"Running external service ping..."}
{"level":"info","message":"Ping successful: 200 - 2026-05-02T19:40:01.918Z"}
{"level":"info","message":"Running external service ping..."}
{"level":"info","message":"Ping successful: 200 - 2026-05-02T19:45:02.298Z"}
{"level":"info","message":"Running external service ping..."}
{"level":"info","message":"Ping successful: 200 - 2026-05-02T20:10:02.997Z"}
{"level":"info","message":"Running external service ping..."}
{"level":"info","message":"Ping successful: 200 - 2026-05-02T21:45:01.535Z"}
{"level":"info","message":"Running external service ping..."}
{"level":"info","message":"Ping successful: 200 - 2026-05-02T21:50:01.564Z"}
{"level":"info","message":"Running external service ping..."}
{"level":"info","message":"Ping successful: 200 - 2026-05-02T21:55:01.272Z"}
{"level":"info","message":"Running external service ping..."}
{"level":"info","message":"Ping successful: 200 - 2026-05-02T22:00:01.318Z"}
{"level":"info","message":"Running external service ping..."}
{"level":"info","message":"Ping successful: 200 - 2026-05-02T22:05:01.226Z"}
{"level":"info","message":"Running external service ping..."}
{"level":"info","message":"Ping successful: 200 - 2026-05-02T22:10:00.844Z"}
{"level":"info","message":"Running external service ping..."}
{"level":"info","message":"Ping successful: 200 - 2026-05-02T22:15:00.810Z"}
{"level":"info","message":"Running external service ping..."}
{"level":"info","message":"Ping successful: 200 - 2026-05-02T22:20:01.165Z"}
{"level":"info","message":"Running external service ping..."}
{"level":"info","message":"Ping successful: 200 - 2026-05-02T22:25:01.142Z"}
{"level":"info","message":"Running external service ping..."}
{"level":"info","message":"Running cleanup job at 2026-05-02T22:30:00.016Z"}
{"level":"info","message":"Running hourly email journey cron..."}
{"level":"info","message":"Updated 0 non-recurring events to 'past' status"}
{"level":"info","message":"Updated 0 recurring events to 'past' status"}
{"level":"info","message":"Updated 0 bookings to 'expired' status"}
{"level":"info","message":"Ping successful: 200 - 2026-05-02T22:30:00.803Z"}
{"level":"info","message":"Running external service ping..."}
{"level":"info","message":"Ping successful: 200 - 2026-05-02T22:35:01.226Z"}
{"level":"info","message":"Running external service ping..."}
{"level":"info","message":"Ping successful: 200 - 2026-05-02T22:40:01.284Z"}
{"level":"info","message":"Running external service ping..."}
{"level":"info","message":"Ping successful: 200 - 2026-05-02T22:45:01.228Z"}
{"level":"info","message":"Running external service ping..."}
{"level":"info","message":"Ping successful: 200 - 2026-05-02T22:50:01.172Z"}
{"level":"info","message":"Running external service ping..."}
{"level":"info","message":"Ping successful: 200 - 2026-05-02T22:55:01.275Z"}
{"level":"info","message":"Running external service ping..."}
{"level":"info","message":"Ping successful: 200 - 2026-05-02T23:00:01.153Z"}
{"level":"info","message":"Running external service ping..."}
{"level":"info","message":"Ping successful: 200 - 2026-05-02T23:05:01.215Z"}
{"level":"info","message":"Running external service ping..."}
{"level":"info","message":"Ping successful: 200 - 2026-05-02T23:10:01.044Z"}
{"level":"info","message":"Running external service ping..."}
{"level":"info","message":"Ping successful: 200 - 2026-05-02T23:15:00.869Z"}
{"level":"info","message":"Running external service ping..."}
{"level":"info","message":"Ping successful: 200 - 2026-05-02T23:20:01.191Z"}
{"level":"info","message":"Running external service ping..."}
{"level":"info","message":"Ping successful: 200 - 2026-05-02T23:25:00.971Z"}
{"level":"info","message":"Running external service ping..."}
{"level":"info","message":"Running cleanup job at 2026-05-02T23:30:00.056Z"}
{"level":"info","message":"Running hourly email journey cron..."}
{"level":"info","message":"Updated 0 non-recurring events to 'past' status"}
{"level":"info","message":"Updated 0 recurring events to 'past' status"}
{"level":"info","message":"Updated 0 bookings to 'expired' status"}
{"level":"info","message":"Ping successful: 200 - 2026-05-02T23:30:01.164Z"}
{"level":"info","message":"Running external service ping..."}
{"level":"info","message":"Ping successful: 200 - 2026-05-02T23:35:01.261Z"}
{"level":"info","message":"Running external service ping..."}
{"level":"info","message":"Ping successful: 200 - 2026-05-02T23:40:01.201Z"}
{"level":"info","message":"Running external service ping..."}
{"level":"info","message":"Ping successful: 200 - 2026-05-02T23:45:01.181Z"}
{"level":"info","message":"Running external service ping..."}
{"level":"info","message":"Ping successful: 200 - 2026-05-02T23:50:00.840Z"}
{"level":"info","message":"Running external service ping..."}
{"level":"info","message":"Ping successful: 200 - 2026-05-02T23:55:00.933Z"}
{"level":"info","message":"Running external service ping..."}
{"level":"info","message":"Ping successful: 200 - 2026-05-03T00:00:01.274Z"}
{"level":"info","message":"Running external service ping..."}
{"level":"info","message":"Ping successful: 200 - 2026-05-03T00:05:01.163Z"}
{"level":"info","message":"Running external service ping..."}
{"level":"error","message":"Ping failed: timeout of 10000ms exceeded - 2026-05-03T00:30:07.696Z"}
{"level":"info","message":"Running external service ping..."}
{"level":"error","message":"Ping failed: timeout of 10000ms exceeded - 2026-05-03T01:25:10.021Z"}
{"level":"info","message":"Running external service ping..."}
{"level":"error","message":"Ping failed: timeout of 10000ms exceeded - 2026-05-03T04:00:10.023Z"}
{"level":"info","message":"Running external service ping..."}
{"level":"info","message":"Ping successful: 200 - 2026-05-03T04:15:01.323Z"}
{"level":"info","message":"Running external service ping..."}
{"level":"error","message":"Ping failed: timeout of 10000ms exceeded - 2026-05-03T04:50:10.023Z"}
{"level":"info","message":"Running external service ping..."}
{"level":"error","message":"Ping failed: timeout of 10000ms exceeded - 2026-05-03T05:45:10.020Z"}
{"level":"info","message":"Running external service ping..."}
{"level":"error","message":"Ping failed: timeout of 10000ms exceeded - 2026-05-03T06:45:10.015Z"}
{"level":"info","message":"Running external service ping..."}
{"level":"info","message":"Ping successful: 200 - 2026-05-03T07:35:00.893Z"}
{"level":"info","message":"Running external service ping..."}
{"level":"error","message":"Ping failed: timeout of 10000ms exceeded - 2026-05-03T08:25:06.304Z"}
{"level":"info","message":"Running external service ping..."}
{"level":"info","message":"Running cleanup job at 2026-05-03T11:30:00.053Z"}
{"level":"info","message":"Running hourly email journey cron..."}
{"level":"info","message":"Updated 0 non-recurring events to 'past' status"}
{"level":"info","message":"Updated 0 recurring events to 'past' status"}
{"level":"info","message":"Updated 0 bookings to 'expired' status"}
{"level":"error","message":"Ping failed: timeout of 10000ms exceeded - 2026-05-03T11:30:10.027Z"}
{"level":"info","message":"Running external service ping..."}
{"level":"info","message":"Ping successful: 200 - 2026-05-03T12:05:00.915Z"}
{"level":"info","message":"Running external service ping..."}
{"level":"error","message":"Ping failed: timeout of 10000ms exceeded - 2026-05-03T13:36:57.246Z"}
{"level":"info","message":"Running external service ping..."}
{"level":"error","message":"Ping failed: timeout of 10000ms exceeded - 2026-05-03T18:42:51.088Z"}
{"level":"info","message":"Running external service ping..."}
{"level":"info","message":"Ping successful: 200 - 2026-05-03T19:50:00.915Z"}
{"level":"info","message":"Running external service ping..."}
{"level":"info","message":"Ping successful: 200 - 2026-05-03T19:55:00.956Z"}
{"level":"info","message":"Running external service ping..."}
{"level":"info","message":"Ping successful: 200 - 2026-05-03T20:00:01.230Z"}
{"level":"info","message":"Running external service ping..."}
{"level":"info","message":"Ping successful: 200 - 2026-05-03T20:05:00.861Z"}
{"level":"info","message":"Running external service ping..."}
{"level":"info","message":"Ping successful: 200 - 2026-05-03T20:10:01.212Z"}
{"level":"info","message":"Running external service ping..."}
{"level":"info","message":"Ping successful: 200 - 2026-05-03T20:15:01.248Z"}
{"level":"info","message":"Running external service ping..."}
{"level":"info","message":"Ping successful: 200 - 2026-05-03T20:20:01.181Z"}
{"level":"info","message":"Running external service ping..."}
{"level":"info","message":"Ping successful: 200 - 2026-05-03T20:25:01.237Z"}
{"level":"info","message":"Running external service ping..."}
{"level":"info","message":"Running hourly email journey cron..."}
{"level":"info","message":"Running cleanup job at 2026-05-03T20:30:00.082Z"}
{"level":"info","message":"Updated 0 non-recurring events to 'past' status"}
{"level":"info","message":"Updated 0 recurring events to 'past' status"}
{"level":"info","message":"Updated 0 bookings to 'expired' status"}
{"level":"info","message":"Ping successful: 200 - 2026-05-03T20:30:01.203Z"}
{"level":"info","message":"Running external service ping..."}
{"level":"info","message":"Ping successful: 200 - 2026-05-03T20:35:01.214Z"}
{"level":"info","message":"Running external service ping..."}
{"level":"info","message":"Ping successful: 200 - 2026-05-03T20:40:01.267Z"}
{"level":"info","message":"Running external service ping..."}
{"level":"info","message":"Ping successful: 200 - 2026-05-03T20:45:00.901Z"}
{"level":"info","message":"Running external service ping..."}
{"level":"info","message":"Ping successful: 200 - 2026-05-03T20:50:00.947Z"}
{"level":"info","message":"Running external service ping..."}
{"level":"info","message":"Ping successful: 200 - 2026-05-03T20:55:00.889Z"}
{"level":"info","message":"Running external service ping..."}
{"level":"info","message":"Ping successful: 200 - 2026-05-03T21:00:01.235Z"}
{"level":"info","message":"Running external service ping..."}
{"level":"info","message":"Ping successful: 200 - 2026-05-03T21:05:01.276Z"}
{"level":"info","message":"Running external service ping..."}
{"level":"info","message":"Ping successful: 200 - 2026-05-03T21:10:00.838Z"}
{"level":"info","message":"Running external service ping..."}
{"level":"info","message":"Ping successful: 200 - 2026-05-03T21:15:01.175Z"}
{"level":"info","message":"Running external service ping..."}
{"level":"info","message":"Ping successful: 200 - 2026-05-03T21:20:00.998Z"}
{"level":"info","message":"Running external service ping..."}
{"level":"info","message":"Ping successful: 200 - 2026-05-03T21:25:01.039Z"}
{"level":"info","message":"Running external service ping..."}
{"level":"info","message":"Running hourly email journey cron..."}
{"level":"info","message":"Running cleanup job at 2026-05-03T21:30:00.032Z"}
{"level":"info","message":"Updated 0 non-recurring events to 'past' status"}
{"level":"info","message":"Updated 0 recurring events to 'past' status"}
{"level":"info","message":"Updated 0 bookings to 'expired' status"}
{"level":"info","message":"Ping successful: 200 - 2026-05-03T21:30:00.981Z"}
{"level":"info","message":"Running external service ping..."}
{"level":"info","message":"Ping successful: 200 - 2026-05-03T21:35:01.330Z"}
{"level":"info","message":"Running external service ping..."}
{"level":"info","message":"Ping successful: 200 - 2026-05-03T21:40:00.964Z"}
{"level":"info","message":"Running external service ping..."}
{"level":"info","message":"Ping successful: 200 - 2026-05-03T21:45:01.181Z"}
{"level":"info","message":"Running external service ping..."}
{"level":"info","message":"Ping successful: 200 - 2026-05-03T21:50:01.251Z"}
{"level":"info","message":"Running external service ping..."}
{"level":"info","message":"Ping successful: 200 - 2026-05-03T21:55:01.190Z"}
{"level":"info","message":"Running external service ping..."}
{"level":"info","message":"Ping successful: 200 - 2026-05-03T22:00:00.880Z"}
{"level":"info","message":"Running external service ping..."}
{"level":"info","message":"Ping successful: 200 - 2026-05-03T22:05:01.275Z"}
{"level":"info","message":"Running external service ping..."}
{"level":"info","message":"Ping successful: 200 - 2026-05-03T22:15:01.255Z"}
{"level":"info","message":"Running external service ping..."}
{"level":"info","message":"Ping successful: 200 - 2026-05-03T22:20:00.816Z"}
{"level":"info","message":"Running external service ping..."}
{"level":"info","message":"Ping successful: 200 - 2026-05-03T22:25:01.195Z"}
{"level":"info","message":"Running cleanup job at 2026-05-03T22:30:00.024Z"}
{"level":"info","message":"Running external service ping..."}
{"level":"info","message":"Running hourly email journey cron..."}
{"level":"info","message":"Updated 0 non-recurring events to 'past' status"}
{"level":"info","message":"Updated 0 recurring events to 'past' status"}
{"level":"info","message":"Updated 0 bookings to 'expired' status"}
{"level":"info","message":"Ping successful: 200 - 2026-05-03T22:30:01.189Z"}
{"level":"info","message":"Running external service ping..."}
{"level":"info","message":"Ping successful: 200 - 2026-05-03T22:35:01.351Z"}
{"level":"info","message":"Running external service ping..."}
{"level":"info","message":"Ping successful: 200 - 2026-05-03T22:40:01.265Z"}
{"level":"info","message":"Running external service ping..."}
{"level":"info","message":"Ping successful: 200 - 2026-05-03T22:45:00.894Z"}
{"level":"info","message":"Running external service ping..."}
{"level":"info","message":"Ping successful: 200 - 2026-05-03T22:50:00.816Z"}
{"level":"info","message":"Running external service ping..."}
{"level":"info","message":"Ping successful: 200 - 2026-05-03T22:55:00.859Z"}
{"level":"info","message":"Running external service ping..."}
{"level":"info","message":"Ping successful: 200 - 2026-05-03T23:00:01.177Z"}
{"level":"info","message":"Running external service ping..."}
{"level":"info","message":"Ping successful: 200 - 2026-05-03T23:05:01.178Z"}
{"level":"info","message":"Running external service ping..."}
{"level":"info","message":"Ping successful: 200 - 2026-05-03T23:10:01.225Z"}
{"level":"info","message":"Running external service ping..."}
{"level":"info","message":"Ping successful: 200 - 2026-05-03T23:15:01.225Z"}
{"level":"info","message":"Running external service ping..."}
{"level":"info","message":"Ping successful: 200 - 2026-05-03T23:20:01.290Z"}
{"level":"info","message":"Running external service ping..."}
{"level":"info","message":"Ping successful: 200 - 2026-05-03T23:25:01.337Z"}
{"level":"info","message":"Running external service ping..."}
{"level":"info","message":"Running hourly email journey cron..."}
{"level":"info","message":"Running cleanup job at 2026-05-03T23:30:00.033Z"}
{"level":"info","message":"Updated 0 non-recurring events to 'past' status"}
{"level":"info","message":"Updated 0 recurring events to 'past' status"}
{"level":"info","message":"Updated 0 bookings to 'expired' status"}
{"level":"info","message":"Ping successful: 200 - 2026-05-03T23:30:00.832Z"}
{"level":"info","message":"Running external service ping..."}
{"level":"error","message":"Ping failed: timeout of 10000ms exceeded - 2026-05-04T02:15:10.034Z"}
{"level":"info","message":"Running external service ping..."}
{"level":"error","message":"Ping failed: timeout of 10000ms exceeded - 2026-05-04T03:05:12.139Z"}
{"level":"info","message":"Running external service ping..."}
{"level":"error","message":"Ping failed: timeout of 10000ms exceeded - 2026-05-04T03:55:11.008Z"}
{"level":"info","message":"Running external service ping..."}
{"level":"info","message":"Running cleanup job at 2026-05-04T04:30:00.043Z"}
{"level":"info","message":"Running hourly email journey cron..."}
{"level":"info","message":"Updated 0 non-recurring events to 'past' status"}
{"level":"info","message":"Updated 0 recurring events to 'past' status"}
{"level":"info","message":"Updated 0 bookings to 'expired' status"}
{"level":"info","message":"Ping successful: 200 - 2026-05-04T04:30:01.222Z"}
{"level":"info","message":"Running external service ping..."}
{"level":"info","message":"Ping successful: 200 - 2026-05-04T04:35:01.474Z"}
{"level":"info","message":"Running external service ping..."}
{"level":"info","message":"Ping successful: 200 - 2026-05-04T06:20:00.967Z"}
{"level":"info","message":"Running external service ping..."}
{"level":"info","message":"Ping successful: 200 - 2026-05-04T07:20:01.209Z"}
{"level":"info","message":"Running external service ping..."}
{"level":"info","message":"Ping successful: 200 - 2026-05-04T08:50:01.216Z"}
{"level":"info","message":"Running external service ping..."}
{"level":"error","message":"Ping failed: timeout of 10000ms exceeded - 2026-05-04T09:40:10.021Z"}
{"level":"info","message":"Running external service ping..."}
{"level":"info","message":"Ping successful: 200 - 2026-05-04T10:35:01.238Z"}
{"level":"info","message":"Running external service ping..."}
{"level":"info","message":"Ping successful: 200 - 2026-05-04T12:10:00.831Z"}
{"level":"info","message":"Running external service ping..."}
{"level":"info","message":"Running hourly email journey cron..."}
{"level":"info","message":"Running cleanup job at 2026-05-04T12:30:00.198Z"}
{"level":"info","message":"Ping successful: 200 - 2026-05-04T12:30:01.746Z"}
{"level":"info","message":"Updated 0 non-recurring events to 'past' status"}
{"level":"info","message":"Updated 0 recurring events to 'past' status"}
{"level":"info","message":"Updated 0 bookings to 'expired' status"}
{"level":"info","message":"Running external service ping..."}
{"level":"info","message":"Ping successful: 200 - 2026-05-04T13:05:01.822Z"}
{"level":"info","message":"Running external service ping..."}
{"level":"info","message":"Ping successful: 200 - 2026-05-04T14:25:01.255Z"}
{"level":"info","message":"Running external service ping..."}
{"level":"info","message":"Ping successful: 200 - 2026-05-04T14:35:01.152Z"}
{"level":"info","message":"Cron jobs initialized"}
{"level":"info","message":"Running external service ping..."}
{"level":"info","message":"Running external service ping..."}
{"level":"info","message":"Ping successful: 200 - 2026-05-04T14:40:01.091Z"}
{"level":"info","message":"Ping successful: 200 - 2026-05-04T14:40:01.398Z"}
{"level":"info","message":"Running external service ping..."}
{"level":"info","message":"Running external service ping..."}
{"level":"info","message":"Ping successful: 200 - 2026-05-04T14:45:01.142Z"}
{"level":"info","message":"Ping successful: 200 - 2026-05-04T14:45:01.186Z"}
{"level":"info","message":"Cron jobs initialized"}
{"level":"info","message":"Cron jobs initialized"}
{"level":"info","message":"Cron jobs initialized"}
{"level":"info","message":"Cron jobs initialized"}
{"level":"info","message":"Cron jobs initialized"}
{"level":"info","message":"Cron jobs initialized"}
{"level":"info","message":"Cron jobs initialized"}
{"level":"info","message":"Cron jobs initialized"}
{"level":"info","message":"Running external service ping..."}
{"level":"info","message":"Running external service ping..."}
{"level":"info","message":"Ping successful: 200 - 2026-05-04T14:50:01.173Z"}
{"level":"info","message":"Ping successful: 200 - 2026-05-04T14:50:01.178Z"}
{"level":"info","message":"Running external service ping..."}
{"level":"info","message":"Running external service ping..."}
{"level":"info","message":"Ping successful: 200 - 2026-05-04T14:55:00.820Z"}
{"level":"info","message":"Ping successful: 200 - 2026-05-04T14:55:01.145Z"}
{"level":"info","message":"Cron jobs initialized"}
{"level":"info","message":"Cron jobs initialized"}
{"level":"info","message":"Cron jobs initialized"}
{"level":"info","message":"Cron jobs initialized"}
{"level":"info","message":"Cron jobs initialized"}
{"level":"info","message":"Cron jobs initialized"}
{"level":"info","message":"Cron jobs initialized"}
{"level":"info","message":"Cron jobs initialized"}
{"level":"info","message":"Running external service ping..."}
{"level":"info","message":"Running external service ping..."}
{"level":"info","message":"Ping successful: 200 - 2026-05-04T15:00:00.878Z"}
{"level":"info","message":"Ping successful: 200 - 2026-05-04T15:00:01.200Z"}
{"level":"info","message":"Cron jobs initialized"}
{"level":"info","message":"Cron jobs initialized"}
{"level":"info","message":"Cron jobs initialized"}
{"level":"info","message":"Cron jobs initialized"}
{"level":"info","message":"Cron jobs initialized"}
{"level":"info","message":"Cron jobs initialized"}
{"level":"info","message":"Cron jobs initialized"}
{"level":"info","message":"Cron jobs initialized"}
{"level":"info","message":"Cron jobs initialized"}
{"level":"info","message":"Cron jobs initialized"}
{"level":"info","message":"Running external service ping..."}
{"level":"info","message":"Running external service ping..."}
{"level":"info","message":"Ping successful: 200 - 2026-05-04T15:05:00.845Z"}
{"level":"info","message":"Ping successful: 200 - 2026-05-04T15:05:00.849Z"}
{"level":"info","message":"Cron jobs initialized"}
{"level":"info","message":"Cron jobs initialized"}
{"level":"info","message":"Cron jobs initialized"}
{"level":"info","message":"Cron jobs initialized"}
{"level":"info","message":"Cron jobs initialized"}
{"level":"info","message":"Cron jobs initialized"}
{"level":"info","message":"Cron jobs initialized"}
{"level":"info","message":"Cron jobs initialized"}
{"level":"info","message":"Running external service ping..."}
{"level":"info","message":"Running external service ping..."}
{"level":"info","message":"Ping successful: 200 - 2026-05-04T15:10:01.170Z"}
{"level":"info","message":"Ping successful: 200 - 2026-05-04T15:10:01.199Z"}
{"level":"info","message":"Cron jobs initialized"}
{"level":"info","message":"Cron jobs initialized"}
{"level":"info","message":"Cron jobs initialized"}
{"level":"info","message":"Cron jobs initialized"}
{"level":"info","message":"Cron jobs initialized"}
{"level":"info","message":"Cron jobs initialized"}
{"level":"info","message":"Running external service ping..."}
{"level":"info","message":"Running external service ping..."}
{"level":"info","message":"Ping successful: 200 - 2026-05-04T15:15:00.812Z"}
{"level":"info","message":"Ping successful: 200 - 2026-05-04T15:15:01.159Z"}
{"level":"info","message":"Cron jobs initialized"}
{"level":"info","message":"Cron jobs initialized"}
{"level":"info","message":"Running external service ping..."}
{"level":"info","message":"Running external service ping..."}
{"level":"info","message":"Ping successful: 200 - 2026-05-04T15:20:00.852Z"}
{"level":"info","message":"Ping successful: 200 - 2026-05-04T15:20:01.201Z"}
{"level":"info","message":"Cron jobs initialized"}
{"level":"info","message":"Cron jobs initialized"}
{"level":"info","message":"Cron jobs initialized"}
{"level":"info","message":"Cron jobs initialized"}
{"level":"info","message":"Running external service ping..."}
{"level":"info","message":"Running external service ping..."}
{"level":"info","message":"Ping successful: 200 - 2026-05-04T15:25:00.858Z"}
{"level":"info","message":"Ping successful: 200 - 2026-05-04T15:25:01.273Z"}
{"level":"info","message":"Cron jobs initialized"}
{"level":"info","message":"Cron jobs initialized"}
{"level":"info","message":"Cron jobs initialized"}
{"level":"info","message":"Cron jobs initialized"}
{"level":"info","message":"Cron jobs initialized"}
{"level":"info","message":"Cron jobs initialized"}
{"level":"info","message":"Cron jobs initialized"}
{"level":"info","message":"Cron jobs initialized"}
{"level":"info","message":"Cron jobs initialized"}
{"level":"info","message":"Cron jobs initialized"}
{"level":"info","message":"Running cleanup job at 2026-05-04T21:00:00.028Z (IST)"}
{"level":"info","message":"Running cleanup job at 2026-05-04T21:00:00.029Z (IST)"}
{"level":"info","message":"Running hourly email journey cron..."}
{"level":"info","message":"Running external service ping..."}
{"level":"info","message":"Running hourly email journey cron..."}
{"level":"info","message":"Running external service ping..."}
{"level":"info","message":"Updated 0 non-recurring events to 'past' status"}
{"level":"info","message":"Updated 0 non-recurring events to 'past' status"}
{"level":"info","message":"Updated 0 recurring events to 'past' status"}
{"level":"info","message":"Updated 0 recurring events to 'past' status"}
{"level":"info","message":"Updated 0 bookings to 'expired' status"}
{"level":"info","message":"Updated 0 bookings to 'expired' status"}
{"level":"info","message":"Ping successful: 200 - 2026-05-04T15:30:00.947Z"}
{"level":"info","message":"Ping successful: 200 - 2026-05-04T15:30:00.947Z"}
{"level":"info","message":"Cron jobs initialized"}
{"level":"info","message":"Cron jobs initialized"}
{"level":"info","message":"Cron jobs initialized"}
{"level":"info","message":"Cron jobs initialized"}
{"level":"info","message":"Cron jobs initialized"}
{"level":"info","message":"Cron jobs initialized"}
{"level":"info","message":"Cron jobs initialized"}
{"level":"info","message":"Cron jobs initialized"}
{"level":"info","message":"Cron jobs initialized"}
{"level":"info","message":"Cron jobs initialized"}
{"level":"info","message":"Running external service ping..."}
{"level":"info","message":"Running external service ping..."}
{"level":"info","message":"Ping successful: 200 - 2026-05-04T15:40:00.957Z"}
{"level":"info","message":"Ping successful: 200 - 2026-05-04T15:40:01.236Z"}
{"level":"info","message":"Running external service ping..."}
{"level":"info","message":"Running external service ping..."}
{"level":"info","message":"Ping successful: 200 - 2026-05-04T15:45:00.865Z"}
{"level":"info","message":"Ping successful: 200 - 2026-05-04T15:45:01.173Z"}
{"level":"info","message":"Running external service ping..."}
{"level":"info","message":"Running external service ping..."}
{"level":"info","message":"Ping successful: 200 - 2026-05-04T15:50:01.201Z"}
{"level":"info","message":"Ping successful: 200 - 2026-05-04T15:50:01.212Z"}
{"level":"info","message":"Running external service ping..."}
{"level":"info","message":"Running external service ping..."}
{"level":"info","message":"Ping successful: 200 - 2026-05-04T15:55:00.848Z"}
{"level":"info","message":"Ping successful: 200 - 2026-05-04T15:55:01.240Z"}
{"level":"info","message":"Running external service ping..."}
{"level":"info","message":"Running external service ping..."}
{"level":"info","message":"Ping successful: 200 - 2026-05-04T16:00:01.191Z"}
{"level":"info","message":"Ping successful: 200 - 2026-05-04T16:00:01.205Z"}
{"level":"info","message":"Running external service ping..."}
{"level":"info","message":"Running external service ping..."}
{"level":"info","message":"Ping successful: 200 - 2026-05-04T16:05:01.162Z"}
{"level":"info","message":"Ping successful: 200 - 2026-05-04T16:05:01.162Z"}
{"level":"info","message":"Running external service ping..."}
{"level":"info","message":"Running external service ping..."}
{"level":"info","message":"Ping successful: 200 - 2026-05-04T16:10:00.854Z"}
{"level":"info","message":"Ping successful: 200 - 2026-05-04T16:10:01.189Z"}
{"level":"info","message":"Running external service ping..."}
{"level":"info","message":"Running external service ping..."}
{"level":"info","message":"Ping successful: 200 - 2026-05-04T16:15:01.140Z"}
{"level":"info","message":"Ping successful: 200 - 2026-05-04T16:15:01.140Z"}
{"level":"info","message":"Running external service ping..."}
{"level":"info","message":"Running external service ping..."}
{"level":"info","message":"Ping successful: 200 - 2026-05-04T16:20:01.177Z"}
{"level":"info","message":"Ping successful: 200 - 2026-05-04T16:20:01.193Z"}
{"level":"info","message":"Running external service ping..."}
{"level":"info","message":"Running external service ping..."}
{"level":"info","message":"Ping successful: 200 - 2026-05-04T16:25:00.828Z"}
{"level":"info","message":"Ping successful: 200 - 2026-05-04T16:25:01.136Z"}
{"level":"info","message":"Running external service ping..."}
{"level":"info","message":"Running external service ping..."}
{"level":"info","message":"Running cleanup job at 2026-05-04T22:00:00.040Z (IST)"}
{"level":"info","message":"Running cleanup job at 2026-05-04T22:00:00.040Z (IST)"}
{"level":"info","message":"Running hourly email journey cron..."}
{"level":"info","message":"Running hourly email journey cron..."}
{"level":"info","message":"Updated 0 non-recurring events to 'past' status"}
{"level":"info","message":"Updated 0 non-recurring events to 'past' status"}
{"level":"info","message":"Updated 0 recurring events to 'past' status"}
{"level":"info","message":"Updated 0 recurring events to 'past' status"}
{"level":"info","message":"Updated 0 bookings to 'expired' status"}
{"level":"info","message":"Updated 0 bookings to 'expired' status"}
{"level":"info","message":"Ping successful: 200 - 2026-05-04T16:30:01.174Z"}
{"level":"info","message":"Ping successful: 200 - 2026-05-04T16:30:01.176Z"}
{"level":"info","message":"Running external service ping..."}
{"level":"info","message":"Running external service ping..."}
{"level":"info","message":"Ping successful: 200 - 2026-05-04T16:35:00.938Z"}
{"level":"info","message":"Ping successful: 200 - 2026-05-04T16:35:01.149Z"}
{"level":"info","message":"Running external service ping..."}
{"level":"info","message":"Running external service ping..."}
{"level":"info","message":"Ping successful: 200 - 2026-05-04T16:40:00.867Z"}
{"level":"info","message":"Ping successful: 200 - 2026-05-04T16:40:01.176Z"}
{"level":"info","message":"Running external service ping..."}
{"level":"info","message":"Running external service ping..."}
{"level":"info","message":"Ping successful: 200 - 2026-05-04T16:45:00.838Z"}
{"level":"info","message":"Ping successful: 200 - 2026-05-04T16:45:01.182Z"}
{"level":"info","message":"Running external service ping..."}
{"level":"info","message":"Running external service ping..."}
{"level":"info","message":"Ping successful: 200 - 2026-05-04T16:50:00.892Z"}
{"level":"info","message":"Ping successful: 200 - 2026-05-04T16:50:01.187Z"}
{"level":"info","message":"Running external service ping..."}
{"level":"info","message":"Running external service ping..."}
{"level":"info","message":"Ping successful: 200 - 2026-05-04T16:55:01.138Z"}
{"level":"info","message":"Ping successful: 200 - 2026-05-04T16:55:01.138Z"}
{"level":"info","message":"Running external service ping..."}
{"level":"info","message":"Running external service ping..."}
{"level":"info","message":"Ping successful: 200 - 2026-05-04T17:00:00.844Z"}
{"level":"info","message":"Ping successful: 200 - 2026-05-04T17:00:01.208Z"}
{"level":"info","message":"Running external service ping..."}
{"level":"info","message":"Running external service ping..."}
{"level":"info","message":"Ping successful: 200 - 2026-05-04T17:05:00.827Z"}
{"level":"info","message":"Ping successful: 200 - 2026-05-04T17:05:01.168Z"}
{"level":"info","message":"Running external service ping..."}
{"level":"info","message":"Running external service ping..."}
{"level":"info","message":"Ping successful: 200 - 2026-05-04T17:10:01.132Z"}
{"level":"info","message":"Ping successful: 200 - 2026-05-04T17:10:01.156Z"}
{"level":"info","message":"Running external service ping..."}
{"level":"info","message":"Running external service ping..."}
{"level":"info","message":"Ping successful: 200 - 2026-05-04T17:15:00.792Z"}
{"level":"info","message":"Ping successful: 200 - 2026-05-04T17:15:01.132Z"}
{"level":"info","message":"Running external service ping..."}
{"level":"info","message":"Running external service ping..."}
{"level":"error","message":"Ping failed: getaddrinfo ENOTFOUND mnkhan.onrender.com - 2026-05-04T17:20:00.031Z"}
{"level":"error","message":"Ping failed: getaddrinfo ENOTFOUND mnkhan.onrender.com - 2026-05-04T17:20:00.031Z"}
{"level":"info","message":"Running external service ping..."}
{"level":"info","message":"Running external service ping..."}
{"level":"info","message":"Ping successful: 200 - 2026-05-04T17:25:01.248Z"}
{"level":"info","message":"Ping successful: 200 - 2026-05-04T17:25:01.249Z"}
{"level":"info","message":"Running external service ping..."}
{"level":"info","message":"Running external service ping..."}
{"level":"info","message":"Running cleanup job at 2026-05-04T23:00:00.032Z (IST)"}
{"level":"info","message":"Running cleanup job at 2026-05-04T23:00:00.034Z (IST)"}
{"level":"info","message":"Running hourly email journey cron..."}
{"level":"info","message":"Running hourly email journey cron..."}
{"level":"info","message":"Updated 0 non-recurring events to 'past' status"}
{"level":"info","message":"Updated 0 non-recurring events to 'past' status"}
{"level":"info","message":"Updated 0 recurring events to 'past' status"}
{"level":"info","message":"Updated 0 recurring events to 'past' status"}
{"level":"info","message":"Updated 0 bookings to 'expired' status"}
{"level":"info","message":"Updated 0 bookings to 'expired' status"}
{"level":"info","message":"Ping successful: 200 - 2026-05-04T17:30:01.195Z"}
{"level":"info","message":"Ping successful: 200 - 2026-05-04T17:30:01.196Z"}
{"level":"info","message":"Running external service ping..."}
{"level":"info","message":"Running external service ping..."}
{"level":"info","message":"Ping successful: 200 - 2026-05-04T17:35:01.228Z"}
{"level":"info","message":"Ping successful: 200 - 2026-05-04T17:35:01.228Z"}
{"level":"info","message":"Running external service ping..."}
{"level":"info","message":"Running external service ping..."}
{"level":"info","message":"Ping successful: 200 - 2026-05-04T17:40:01.274Z"}
{"level":"info","message":"Ping successful: 200 - 2026-05-04T17:40:01.274Z"}
{"level":"info","message":"Running external service ping..."}
{"level":"info","message":"Running external service ping..."}
{"level":"info","message":"Ping successful: 200 - 2026-05-04T17:45:01.216Z"}
{"level":"info","message":"Ping successful: 200 - 2026-05-04T17:45:01.217Z"}
{"level":"info","message":"Running external service ping..."}
{"level":"info","message":"Running external service ping..."}
{"level":"info","message":"Ping successful: 200 - 2026-05-04T17:50:00.845Z"}
{"level":"info","message":"Ping successful: 200 - 2026-05-04T17:50:01.155Z"}
{"level":"info","message":"Running external service ping..."}
{"level":"info","message":"Running external service ping..."}
{"level":"info","message":"Ping successful: 200 - 2026-05-04T17:55:00.796Z"}
{"level":"info","message":"Ping successful: 200 - 2026-05-04T17:55:01.135Z"}
{"level":"info","message":"Running external service ping..."}
{"level":"info","message":"Running external service ping..."}
{"level":"info","message":"Ping successful: 200 - 2026-05-04T18:00:01.250Z"}
{"level":"info","message":"Ping successful: 200 - 2026-05-04T18:00:01.251Z"}
{"level":"info","message":"Running external service ping..."}
{"level":"info","message":"Running external service ping..."}
{"level":"info","message":"Ping successful: 200 - 2026-05-04T18:05:01.178Z"}
{"level":"info","message":"Ping successful: 200 - 2026-05-04T18:05:01.179Z"}
{"level":"info","message":"Running external service ping..."}
{"level":"info","message":"Running external service ping..."}
{"level":"error","message":"Ping failed: getaddrinfo ENOTFOUND mnkhan.onrender.com - 2026-05-04T18:10:00.024Z"}
{"level":"error","message":"Ping failed: getaddrinfo ENOTFOUND mnkhan.onrender.com - 2026-05-04T18:10:00.024Z"}
{"level":"info","message":"Running external service ping..."}
{"level":"info","message":"Running external service ping..."}
{"level":"error","message":"Ping failed: getaddrinfo ENOTFOUND mnkhan.onrender.com - 2026-05-04T18:15:00.020Z"}
{"level":"error","message":"Ping failed: getaddrinfo ENOTFOUND mnkhan.onrender.com - 2026-05-04T18:15:00.020Z"}
{"level":"info","message":"Running external service ping..."}
{"level":"info","message":"Running external service ping..."}
{"level":"error","message":"Ping failed: getaddrinfo ENOTFOUND mnkhan.onrender.com - 2026-05-04T18:20:00.033Z"}
{"level":"error","message":"Ping failed: getaddrinfo ENOTFOUND mnkhan.onrender.com - 2026-05-04T18:20:00.033Z"}
{"level":"info","message":"Running external service ping..."}
{"level":"info","message":"Running external service ping..."}
{"level":"error","message":"Ping failed: getaddrinfo ENOTFOUND mnkhan.onrender.com - 2026-05-04T18:25:00.024Z"}
{"level":"error","message":"Ping failed: getaddrinfo ENOTFOUND mnkhan.onrender.com - 2026-05-04T18:25:00.024Z"}
{"level":"info","message":"Running external service ping..."}
{"level":"info","message":"Running external service ping..."}
{"level":"info","message":"Running cleanup job at 2026-05-05T00:00:00.034Z (IST)"}
{"level":"info","message":"Running cleanup job at 2026-05-05T00:00:00.036Z (IST)"}
{"level":"info","message":"Running hourly email journey cron..."}
{"level":"info","message":"Running hourly email journey cron..."}
{"level":"error","message":"Ping failed: getaddrinfo ENOTFOUND mnkhan.onrender.com - 2026-05-04T18:30:00.040Z"}
{"level":"error","message":"Ping failed: getaddrinfo ENOTFOUND mnkhan.onrender.com - 2026-05-04T18:30:00.040Z"}
{"cause":{"beforeHandshake":false,"errorLabelSet":{}},"errorLabelSet":{},"level":"error","message":"Error during cleanup job: getaddrinfo ENOTFOUND ac-ghzgoxq-shard-00-02.cqtywk8.mongodb.net","reason":{"commonWireVersion":0,"compatible":true,"heartbeatFrequencyMS":10000,"localThresholdMS":15,"logicalSessionTimeoutMinutes":null,"maxElectionId":{"$oid":"7fffffff00000000000000bf"},"maxSetVersion":196,"servers":{"ac-ghzgoxq-shard-00-00.cqtywk8.mongodb.net:27017":{"$clusterTime":null,"address":"ac-ghzgoxq-shard-00-00.cqtywk8.mongodb.net:27017","arbiters":[],"electionId":null,"error":{"beforeHandshake":false,"errorLabelSet":{}},"hosts":[],"iscryptd":false,"lastUpdateTime":2512558262,"lastWriteDate":0,"logicalSessionTimeoutMinutes":null,"maxBsonObjectSize":null,"maxMessageSizeBytes":null,"maxWireVersion":0,"maxWriteBatchSize":null,"me":null,"minRoundTripTime":0,"minWireVersion":0,"passives":[],"primary":null,"roundTripTime":-1,"setName":null,"setVersion":null,"tags":{},"topologyVersion":null,"type":"Unknown"},"ac-ghzgoxq-shard-00-01.cqtywk8.mongodb.net:27017":{"$clusterTime":null,"address":"ac-ghzgoxq-shard-00-01.cqtywk8.mongodb.net:27017","arbiters":[],"electionId":null,"error":{"beforeHandshake":false,"errorLabelSet":{}},"hosts":[],"iscryptd":false,"lastUpdateTime":2512558264,"lastWriteDate":0,"logicalSessionTimeoutMinutes":null,"maxBsonObjectSize":null,"maxMessageSizeBytes":null,"maxWireVersion":0,"maxWriteBatchSize":null,"me":null,"minRoundTripTime":0,"minWireVersion":0,"passives":[],"primary":null,"roundTripTime":-1,"setName":null,"setVersion":null,"tags":{},"topologyVersion":null,"type":"Unknown"},"ac-ghzgoxq-shard-00-02.cqtywk8.mongodb.net:27017":{"$clusterTime":null,"address":"ac-ghzgoxq-shard-00-02.cqtywk8.mongodb.net:27017","arbiters":[],"electionId":null,"error":{"beforeHandshake":false,"errorLabelSet":{}},"hosts":[],"iscryptd":false,"lastUpdateTime":2512558263,"lastWriteDate":0,"logicalSessionTimeoutMinutes":null,"maxBsonObjectSize":null,"maxMessageSizeBytes":null,"maxWireVersion":0,"maxWriteBatchSize":null,"me":null,"minRoundTripTime":0,"minWireVersion":0,"passives":[],"primary":null,"roundTripTime":-1,"setName":null,"setVersion":null,"tags":{},"topologyVersion":null,"type":"Unknown"}},"setName":"atlas-v9tktt-shard-0","stale":false,"type":"ReplicaSetNoPrimary"},"stack":"MongoServerSelectionError: getaddrinfo ENOTFOUND ac-ghzgoxq-shard-00-02.cqtywk8.mongodb.net\n    at Topology.selectServer (/Users/hashirsheikh/Documents/dev/event-sphere/backend/node_modules/mongodb/src/sdam/topology.ts:630:30)\n    at async tryOperation (/Users/hashirsheikh/Documents/dev/event-sphere/backend/node_modules/mongodb/src/operations/execute_operation.ts:206:16)\n    at async executeOperation (/Users/hashirsheikh/Documents/dev/event-sphere/backend/node_modules/mongodb/src/operations/execute_operation.ts:123:12)\n    at async Collection.updateMany (/Users/hashirsheikh/Documents/dev/event-sphere/backend/node_modules/mongodb/src/collection.ts:450:12)\n    at async model.Query.exec (/Users/hashirsheikh/Documents/dev/event-sphere/backend/node_modules/mongoose/lib/query.js:4652:63)\n    at async cleanupPastEventsAndTickets (/Users/hashirsheikh/Documents/dev/event-sphere/backend/src/utils/cronJobs.ts:29:32)"}
{"cause":{"beforeHandshake":false,"errorLabelSet":{}},"errorLabelSet":{},"level":"error","message":"Error sending reminders: getaddrinfo ENOTFOUND ac-ghzgoxq-shard-00-02.cqtywk8.mongodb.net","reason":{"commonWireVersion":0,"compatible":true,"heartbeatFrequencyMS":10000,"localThresholdMS":15,"logicalSessionTimeoutMinutes":null,"maxElectionId":{"$oid":"7fffffff00000000000000bf"},"maxSetVersion":196,"servers":{"ac-ghzgoxq-shard-00-00.cqtywk8.mongodb.net:27017":{"$clusterTime":null,"address":"ac-ghzgoxq-shard-00-00.cqtywk8.mongodb.net:27017","arbiters":[],"electionId":null,"error":{"beforeHandshake":false,"errorLabelSet":{}},"hosts":[],"iscryptd":false,"lastUpdateTime":2512558262,"lastWriteDate":0,"logicalSessionTimeoutMinutes":null,"maxBsonObjectSize":null,"maxMessageSizeBytes":null,"maxWireVersion":0,"maxWriteBatchSize":null,"me":null,"minRoundTripTime":0,"minWireVersion":0,"passives":[],"primary":null,"roundTripTime":-1,"setName":null,"setVersion":null,"tags":{},"topologyVersion":null,"type":"Unknown"},"ac-ghzgoxq-shard-00-01.cqtywk8.mongodb.net:27017":{"$clusterTime":null,"address":"ac-ghzgoxq-shard-00-01.cqtywk8.mongodb.net:27017","arbiters":[],"electionId":null,"error":{"beforeHandshake":false,"errorLabelSet":{}},"hosts":[],"iscryptd":false,"lastUpdateTime":2512558264,"lastWriteDate":0,"logicalSessionTimeoutMinutes":null,"maxBsonObjectSize":null,"maxMessageSizeBytes":null,"maxWireVersion":0,"maxWriteBatchSize":null,"me":null,"minRoundTripTime":0,"minWireVersion":0,"passives":[],"primary":null,"roundTripTime":-1,"setName":null,"setVersion":null,"tags":{},"topologyVersion":null,"type":"Unknown"},"ac-ghzgoxq-shard-00-02.cqtywk8.mongodb.net:27017":{"$clusterTime":null,"address":"ac-ghzgoxq-shard-00-02.cqtywk8.mongodb.net:27017","arbiters":[],"electionId":null,"error":{"beforeHandshake":false,"errorLabelSet":{}},"hosts":[],"iscryptd":false,"lastUpdateTime":2512558263,"lastWriteDate":0,"logicalSessionTimeoutMinutes":null,"maxBsonObjectSize":null,"maxMessageSizeBytes":null,"maxWireVersion":0,"maxWriteBatchSize":null,"me":null,"minRoundTripTime":0,"minWireVersion":0,"passives":[],"primary":null,"roundTripTime":-1,"setName":null,"setVersion":null,"tags":{},"topologyVersion":null,"type":"Unknown"}},"setName":"atlas-v9tktt-shard-0","stale":false,"type":"ReplicaSetNoPrimary"},"stack":"MongoServerSelectionError: getaddrinfo ENOTFOUND ac-ghzgoxq-shard-00-02.cqtywk8.mongodb.net\n    at Topology.selectServer (/Users/hashirsheikh/Documents/dev/event-sphere/backend/node_modules/mongodb/src/sdam/topology.ts:630:30)\n    at runNextTicks (node:internal/process/task_queues:65:5)\n    at listOnTimeout (node:internal/timers:567:9)\n    at process.processTimers (node:internal/timers:541:7)\n    at async tryOperation (/Users/hashirsheikh/Documents/dev/event-sphere/backend/node_modules/mongodb/src/operations/execute_operation.ts:206:16)\n    at async executeOperation (/Users/hashirsheikh/Documents/dev/event-sphere/backend/node_modules/mongodb/src/operations/execute_operation.ts:123:12)\n    at async FindCursor._initialize (/Users/hashirsheikh/Documents/dev/event-sphere/backend/node_modules/mongodb/src/cursor/find_cursor.ts:92:22)\n    at async FindCursor.cursorInit (/Users/hashirsheikh/Documents/dev/event-sphere/backend/node_modules/mongodb/src/cursor/abstract_cursor.ts:917:21)\n    at async FindCursor.fetchBatch (/Users/hashirsheikh/Documents/dev/event-sphere/backend/node_modules/mongodb/src/cursor/abstract_cursor.ts:955:7)\n    at async FindCursor.next (/Users/hashirsheikh/Documents/dev/event-sphere/backend/node_modules/mongodb/src/cursor/abstract_cursor.ts:573:9)"}
{"cause":{"beforeHandshake":false,"errorLabelSet":{}},"errorLabelSet":{},"level":"error","message":"Error sending review requests: getaddrinfo ENOTFOUND ac-ghzgoxq-shard-00-02.cqtywk8.mongodb.net","reason":{"commonWireVersion":0,"compatible":true,"heartbeatFrequencyMS":10000,"localThresholdMS":15,"logicalSessionTimeoutMinutes":null,"maxElectionId":{"$oid":"7fffffff00000000000000bf"},"maxSetVersion":196,"servers":{"ac-ghzgoxq-shard-00-00.cqtywk8.mongodb.net:27017":{"$clusterTime":null,"address":"ac-ghzgoxq-shard-00-00.cqtywk8.mongodb.net:27017","arbiters":[],"electionId":null,"error":{"beforeHandshake":false,"errorLabelSet":{}},"hosts":[],"iscryptd":false,"lastUpdateTime":2512558262,"lastWriteDate":0,"logicalSessionTimeoutMinutes":null,"maxBsonObjectSize":null,"maxMessageSizeBytes":null,"maxWireVersion":0,"maxWriteBatchSize":null,"me":null,"minRoundTripTime":0,"minWireVersion":0,"passives":[],"primary":null,"roundTripTime":-1,"setName":null,"setVersion":null,"tags":{},"topologyVersion":null,"type":"Unknown"},"ac-ghzgoxq-shard-00-01.cqtywk8.mongodb.net:27017":{"$clusterTime":null,"address":"ac-ghzgoxq-shard-00-01.cqtywk8.mongodb.net:27017","arbiters":[],"electionId":null,"error":{"beforeHandshake":false,"errorLabelSet":{}},"hosts":[],"iscryptd":false,"lastUpdateTime":2512558264,"lastWriteDate":0,"logicalSessionTimeoutMinutes":null,"maxBsonObjectSize":null,"maxMessageSizeBytes":null,"maxWireVersion":0,"maxWriteBatchSize":null,"me":null,"minRoundTripTime":0,"minWireVersion":0,"passives":[],"primary":null,"roundTripTime":-1,"setName":null,"setVersion":null,"tags":{},"topologyVersion":null,"type":"Unknown"},"ac-ghzgoxq-shard-00-02.cqtywk8.mongodb.net:27017":{"$clusterTime":null,"address":"ac-ghzgoxq-shard-00-02.cqtywk8.mongodb.net:27017","arbiters":[],"electionId":null,"error":{"beforeHandshake":false,"errorLabelSet":{}},"hosts":[],"iscryptd":false,"lastUpdateTime":2512558263,"lastWriteDate":0,"logicalSessionTimeoutMinutes":null,"maxBsonObjectSize":null,"maxMessageSizeBytes":null,"maxWireVersion":0,"maxWriteBatchSize":null,"me":null,"minRoundTripTime":0,"minWireVersion":0,"passives":[],"primary":null,"roundTripTime":-1,"setName":null,"setVersion":null,"tags":{},"topologyVersion":null,"type":"Unknown"}},"setName":"atlas-v9tktt-shard-0","stale":false,"type":"ReplicaSetNoPrimary"},"stack":"MongoServerSelectionError: getaddrinfo ENOTFOUND ac-ghzgoxq-shard-00-02.cqtywk8.mongodb.net\n    at Topology.selectServer (/Users/hashirsheikh/Documents/dev/event-sphere/backend/node_modules/mongodb/src/sdam/topology.ts:630:30)\n    at async tryOperation (/Users/hashirsheikh/Documents/dev/event-sphere/backend/node_modules/mongodb/src/operations/execute_operation.ts:206:16)\n    at async executeOperation (/Users/hashirsheikh/Documents/dev/event-sphere/backend/node_modules/mongodb/src/operations/execute_operation.ts:123:12)\n    at async FindCursor._initialize (/Users/hashirsheikh/Documents/dev/event-sphere/backend/node_modules/mongodb/src/cursor/find_cursor.ts:92:22)\n    at async FindCursor.cursorInit (/Users/hashirsheikh/Documents/dev/event-sphere/backend/node_modules/mongodb/src/cursor/abstract_cursor.ts:917:21)\n    at async FindCursor.fetchBatch (/Users/hashirsheikh/Documents/dev/event-sphere/backend/node_modules/mongodb/src/cursor/abstract_cursor.ts:955:7)\n    at async FindCursor.next (/Users/hashirsheikh/Documents/dev/event-sphere/backend/node_modules/mongodb/src/cursor/abstract_cursor.ts:573:9)\n    at async FindCursor.[Symbol.asyncIterator] (/Users/hashirsheikh/Documents/dev/event-sphere/backend/node_modules/mongodb/src/cursor/abstract_cursor.ts:492:26)\n    at async FindCursor.toArray (/Users/hashirsheikh/Documents/dev/event-sphere/backend/node_modules/mongodb/src/cursor/abstract_cursor.ts:661:22)\n    at async model.Query._find (/Users/hashirsheikh/Documents/dev/event-sphere/backend/node_modules/mongoose/lib/query.js:2432:14)"}
{"cause":{"beforeHandshake":false,"errorLabelSet":{}},"errorLabelSet":{},"level":"error","message":"Error during cleanup job: getaddrinfo ENOTFOUND ac-ghzgoxq-shard-00-00.cqtywk8.mongodb.net","reason":{"commonWireVersion":0,"compatible":true,"heartbeatFrequencyMS":10000,"localThresholdMS":15,"logicalSessionTimeoutMinutes":null,"maxElectionId":{"$oid":"7fffffff00000000000000bf"},"maxSetVersion":196,"servers":{"ac-ghzgoxq-shard-00-00.cqtywk8.mongodb.net:27017":{"$clusterTime":null,"address":"ac-ghzgoxq-shard-00-00.cqtywk8.mongodb.net:27017","arbiters":[],"electionId":null,"error":{"beforeHandshake":false,"errorLabelSet":{}},"hosts":[],"iscryptd":false,"lastUpdateTime":2512558263,"lastWriteDate":0,"logicalSessionTimeoutMinutes":null,"maxBsonObjectSize":null,"maxMessageSizeBytes":null,"maxWireVersion":0,"maxWriteBatchSize":null,"me":null,"minRoundTripTime":0,"minWireVersion":0,"passives":[],"primary":null,"roundTripTime":-1,"setName":null,"setVersion":null,"tags":{},"topologyVersion":null,"type":"Unknown"},"ac-ghzgoxq-shard-00-01.cqtywk8.mongodb.net:27017":{"$clusterTime":null,"address":"ac-ghzgoxq-shard-00-01.cqtywk8.mongodb.net:27017","arbiters":[],"electionId":null,"error":{"beforeHandshake":false,"errorLabelSet":{}},"hosts":[],"iscryptd":false,"lastUpdateTime":2512558262,"lastWriteDate":0,"logicalSessionTimeoutMinutes":null,"maxBsonObjectSize":null,"maxMessageSizeBytes":null,"maxWireVersion":0,"maxWriteBatchSize":null,"me":null,"minRoundTripTime":0,"minWireVersion":0,"passives":[],"primary":null,"roundTripTime":-1,"setName":null,"setVersion":null,"tags":{},"topologyVersion":null,"type":"Unknown"},"ac-ghzgoxq-shard-00-02.cqtywk8.mongodb.net:27017":{"$clusterTime":null,"address":"ac-ghzgoxq-shard-00-02.cqtywk8.mongodb.net:27017","arbiters":[],"electionId":null,"error":{"beforeHandshake":false,"errorLabelSet":{}},"hosts":[],"iscryptd":false,"lastUpdateTime":2512558264,"lastWriteDate":0,"logicalSessionTimeoutMinutes":null,"maxBsonObjectSize":null,"maxMessageSizeBytes":null,"maxWireVersion":0,"maxWriteBatchSize":null,"me":null,"minRoundTripTime":0,"minWireVersion":0,"passives":[],"primary":null,"roundTripTime":-1,"setName":null,"setVersion":null,"tags":{},"topologyVersion":null,"type":"Unknown"}},"setName":"atlas-v9tktt-shard-0","stale":false,"type":"ReplicaSetNoPrimary"},"stack":"MongoServerSelectionError: getaddrinfo ENOTFOUND ac-ghzgoxq-shard-00-00.cqtywk8.mongodb.net\n    at Topology.selectServer (/Users/hashirsheikh/Documents/dev/event-sphere/backend/node_modules/mongodb/src/sdam/topology.ts:630:30)\n    at runNextTicks (node:internal/process/task_queues:65:5)\n    at listOnTimeout (node:internal/timers:567:9)\n    at process.processTimers (node:internal/timers:541:7)\n    at async tryOperation (/Users/hashirsheikh/Documents/dev/event-sphere/backend/node_modules/mongodb/src/operations/execute_operation.ts:206:16)\n    at async executeOperation (/Users/hashirsheikh/Documents/dev/event-sphere/backend/node_modules/mongodb/src/operations/execute_operation.ts:123:12)\n    at async Collection.updateMany (/Users/hashirsheikh/Documents/dev/event-sphere/backend/node_modules/mongodb/src/collection.ts:450:12)\n    at async model.Query.exec (/Users/hashirsheikh/Documents/dev/event-sphere/backend/node_modules/mongoose/lib/query.js:4652:63)\n    at async cleanupPastEventsAndTickets (/Users/hashirsheikh/Documents/dev/event-sphere/backend/src/utils/cronJobs.ts:29:32)"}
{"cause":{"beforeHandshake":false,"errorLabelSet":{}},"errorLabelSet":{},"level":"error","message":"Error sending reminders: getaddrinfo ENOTFOUND ac-ghzgoxq-shard-00-00.cqtywk8.mongodb.net","reason":{"commonWireVersion":0,"compatible":true,"heartbeatFrequencyMS":10000,"localThresholdMS":15,"logicalSessionTimeoutMinutes":null,"maxElectionId":{"$oid":"7fffffff00000000000000bf"},"maxSetVersion":196,"servers":{"ac-ghzgoxq-shard-00-00.cqtywk8.mongodb.net:27017":{"$clusterTime":null,"address":"ac-ghzgoxq-shard-00-00.cqtywk8.mongodb.net:27017","arbiters":[],"electionId":null,"error":{"beforeHandshake":false,"errorLabelSet":{}},"hosts":[],"iscryptd":false,"lastUpdateTime":2512558263,"lastWriteDate":0,"logicalSessionTimeoutMinutes":null,"maxBsonObjectSize":null,"maxMessageSizeBytes":null,"maxWireVersion":0,"maxWriteBatchSize":null,"me":null,"minRoundTripTime":0,"minWireVersion":0,"passives":[],"primary":null,"roundTripTime":-1,"setName":null,"setVersion":null,"tags":{},"topologyVersion":null,"type":"Unknown"},"ac-ghzgoxq-shard-00-01.cqtywk8.mongodb.net:27017":{"$clusterTime":null,"address":"ac-ghzgoxq-shard-00-01.cqtywk8.mongodb.net:27017","arbiters":[],"electionId":null,"error":{"beforeHandshake":false,"errorLabelSet":{}},"hosts":[],"iscryptd":false,"lastUpdateTime":2512558262,"lastWriteDate":0,"logicalSessionTimeoutMinutes":null,"maxBsonObjectSize":null,"maxMessageSizeBytes":null,"maxWireVersion":0,"maxWriteBatchSize":null,"me":null,"minRoundTripTime":0,"minWireVersion":0,"passives":[],"primary":null,"roundTripTime":-1,"setName":null,"setVersion":null,"tags":{},"topologyVersion":null,"type":"Unknown"},"ac-ghzgoxq-shard-00-02.cqtywk8.mongodb.net:27017":{"$clusterTime":null,"address":"ac-ghzgoxq-shard-00-02.cqtywk8.mongodb.net:27017","arbiters":[],"electionId":null,"error":{"beforeHandshake":false,"errorLabelSet":{}},"hosts":[],"iscryptd":false,"lastUpdateTime":2512558264,"lastWriteDate":0,"logicalSessionTimeoutMinutes":null,"maxBsonObjectSize":null,"maxMessageSizeBytes":null,"maxWireVersion":0,"maxWriteBatchSize":null,"me":null,"minRoundTripTime":0,"minWireVersion":0,"passives":[],"primary":null,"roundTripTime":-1,"setName":null,"setVersion":null,"tags":{},"topologyVersion":null,"type":"Unknown"}},"setName":"atlas-v9tktt-shard-0","stale":false,"type":"ReplicaSetNoPrimary"},"stack":"MongoServerSelectionError: getaddrinfo ENOTFOUND ac-ghzgoxq-shard-00-00.cqtywk8.mongodb.net\n    at Topology.selectServer (/Users/hashirsheikh/Documents/dev/event-sphere/backend/node_modules/mongodb/src/sdam/topology.ts:630:30)\n    at runNextTicks (node:internal/process/task_queues:65:5)\n    at listOnTimeout (node:internal/timers:567:9)\n    at process.processTimers (node:internal/timers:541:7)\n    at async tryOperation (/Users/hashirsheikh/Documents/dev/event-sphere/backend/node_modules/mongodb/src/operations/execute_operation.ts:206:16)\n    at async executeOperation (/Users/hashirsheikh/Documents/dev/event-sphere/backend/node_modules/mongodb/src/operations/execute_operation.ts:123:12)\n    at async FindCursor._initialize (/Users/hashirsheikh/Documents/dev/event-sphere/backend/node_modules/mongodb/src/cursor/find_cursor.ts:92:22)\n    at async FindCursor.cursorInit (/Users/hashirsheikh/Documents/dev/event-sphere/backend/node_modules/mongodb/src/cursor/abstract_cursor.ts:917:21)\n    at async FindCursor.fetchBatch (/Users/hashirsheikh/Documents/dev/event-sphere/backend/node_modules/mongodb/src/cursor/abstract_cursor.ts:955:7)\n    at async FindCursor.next (/Users/hashirsheikh/Documents/dev/event-sphere/backend/node_modules/mongodb/src/cursor/abstract_cursor.ts:573:9)"}
{"cause":{"beforeHandshake":false,"errorLabelSet":{}},"errorLabelSet":{},"level":"error","message":"Error sending review requests: getaddrinfo ENOTFOUND ac-ghzgoxq-shard-00-00.cqtywk8.mongodb.net","reason":{"commonWireVersion":0,"compatible":true,"heartbeatFrequencyMS":10000,"localThresholdMS":15,"logicalSessionTimeoutMinutes":null,"maxElectionId":{"$oid":"7fffffff00000000000000bf"},"maxSetVersion":196,"servers":{"ac-ghzgoxq-shard-00-00.cqtywk8.mongodb.net:27017":{"$clusterTime":null,"address":"ac-ghzgoxq-shard-00-00.cqtywk8.mongodb.net:27017","arbiters":[],"electionId":null,"error":{"beforeHandshake":false,"errorLabelSet":{}},"hosts":[],"iscryptd":false,"lastUpdateTime":2512558263,"lastWriteDate":0,"logicalSessionTimeoutMinutes":null,"maxBsonObjectSize":null,"maxMessageSizeBytes":null,"maxWireVersion":0,"maxWriteBatchSize":null,"me":null,"minRoundTripTime":0,"minWireVersion":0,"passives":[],"primary":null,"roundTripTime":-1,"setName":null,"setVersion":null,"tags":{},"topologyVersion":null,"type":"Unknown"},"ac-ghzgoxq-shard-00-01.cqtywk8.mongodb.net:27017":{"$clusterTime":null,"address":"ac-ghzgoxq-shard-00-01.cqtywk8.mongodb.net:27017","arbiters":[],"electionId":null,"error":{"beforeHandshake":false,"errorLabelSet":{}},"hosts":[],"iscryptd":false,"lastUpdateTime":2512558262,"lastWriteDate":0,"logicalSessionTimeoutMinutes":null,"maxBsonObjectSize":null,"maxMessageSizeBytes":null,"maxWireVersion":0,"maxWriteBatchSize":null,"me":null,"minRoundTripTime":0,"minWireVersion":0,"passives":[],"primary":null,"roundTripTime":-1,"setName":null,"setVersion":null,"tags":{},"topologyVersion":null,"type":"Unknown"},"ac-ghzgoxq-shard-00-02.cqtywk8.mongodb.net:27017":{"$clusterTime":null,"address":"ac-ghzgoxq-shard-00-02.cqtywk8.mongodb.net:27017","arbiters":[],"electionId":null,"error":{"beforeHandshake":false,"errorLabelSet":{}},"hosts":[],"iscryptd":false,"lastUpdateTime":2512558264,"lastWriteDate":0,"logicalSessionTimeoutMinutes":null,"maxBsonObjectSize":null,"maxMessageSizeBytes":null,"maxWireVersion":0,"maxWriteBatchSize":null,"me":null,"minRoundTripTime":0,"minWireVersion":0,"passives":[],"primary":null,"roundTripTime":-1,"setName":null,"setVersion":null,"tags":{},"topologyVersion":null,"type":"Unknown"}},"setName":"atlas-v9tktt-shard-0","stale":false,"type":"ReplicaSetNoPrimary"},"stack":"MongoServerSelectionError: getaddrinfo ENOTFOUND ac-ghzgoxq-shard-00-00.cqtywk8.mongodb.net\n    at Topology.selectServer (/Users/hashirsheikh/Documents/dev/event-sphere/backend/node_modules/mongodb/src/sdam/topology.ts:630:30)\n    at async tryOperation (/Users/hashirsheikh/Documents/dev/event-sphere/backend/node_modules/mongodb/src/operations/execute_operation.ts:206:16)\n    at async executeOperation (/Users/hashirsheikh/Documents/dev/event-sphere/backend/node_modules/mongodb/src/operations/execute_operation.ts:123:12)\n    at async FindCursor._initialize (/Users/hashirsheikh/Documents/dev/event-sphere/backend/node_modules/mongodb/src/cursor/find_cursor.ts:92:22)\n    at async FindCursor.cursorInit (/Users/hashirsheikh/Documents/dev/event-sphere/backend/node_modules/mongodb/src/cursor/abstract_cursor.ts:917:21)\n    at async FindCursor.fetchBatch (/Users/hashirsheikh/Documents/dev/event-sphere/backend/node_modules/mongodb/src/cursor/abstract_cursor.ts:955:7)\n    at async FindCursor.next (/Users/hashirsheikh/Documents/dev/event-sphere/backend/node_modules/mongodb/src/cursor/abstract_cursor.ts:573:9)\n    at async FindCursor.[Symbol.asyncIterator] (/Users/hashirsheikh/Documents/dev/event-sphere/backend/node_modules/mongodb/src/cursor/abstract_cursor.ts:492:26)\n    at async FindCursor.toArray (/Users/hashirsheikh/Documents/dev/event-sphere/backend/node_modules/mongodb/src/cursor/abstract_cursor.ts:661:22)\n    at async model.Query._find (/Users/hashirsheikh/Documents/dev/event-sphere/backend/node_modules/mongoose/lib/query.js:2432:14)"}
{"level":"info","message":"Running external service ping..."}
{"level":"info","message":"Running external service ping..."}
{"level":"error","message":"Ping failed: getaddrinfo ENOTFOUND mnkhan.onrender.com - 2026-05-04T18:35:00.019Z"}
{"level":"error","message":"Ping failed: getaddrinfo ENOTFOUND mnkhan.onrender.com - 2026-05-04T18:35:00.019Z"}
{"level":"info","message":"Running external service ping..."}
{"level":"info","message":"Running external service ping..."}
{"level":"error","message":"Ping failed: getaddrinfo ENOTFOUND mnkhan.onrender.com - 2026-05-04T18:40:00.019Z"}
{"level":"error","message":"Ping failed: getaddrinfo ENOTFOUND mnkhan.onrender.com - 2026-05-04T18:40:00.019Z"}
{"level":"info","message":"Running external service ping..."}
{"level":"info","message":"Running external service ping..."}
{"level":"error","message":"Ping failed: getaddrinfo ENOTFOUND mnkhan.onrender.com - 2026-05-04T18:45:00.021Z"}
{"level":"error","message":"Ping failed: getaddrinfo ENOTFOUND mnkhan.onrender.com - 2026-05-04T18:45:00.021Z"}
{"level":"info","message":"Running external service ping..."}
{"level":"info","message":"Running external service ping..."}
{"level":"error","message":"Ping failed: getaddrinfo ENOTFOUND mnkhan.onrender.com - 2026-05-04T18:50:00.021Z"}
{"level":"error","message":"Ping failed: getaddrinfo ENOTFOUND mnkhan.onrender.com - 2026-05-04T18:50:00.021Z"}
{"level":"info","message":"Running external service ping..."}
{"level":"info","message":"Running external service ping..."}
{"level":"error","message":"Ping failed: getaddrinfo ENOTFOUND mnkhan.onrender.com - 2026-05-04T18:55:00.019Z"}
{"level":"error","message":"Ping failed: getaddrinfo ENOTFOUND mnkhan.onrender.com - 2026-05-04T18:55:00.019Z"}
{"level":"info","message":"Running external service ping..."}
{"level":"info","message":"Running external service ping..."}
{"level":"error","message":"Ping failed: timeout of 10000ms exceeded - 2026-05-04T19:00:10.024Z"}
{"level":"error","message":"Ping failed: timeout of 10000ms exceeded - 2026-05-04T19:00:10.024Z"}
{"level":"info","message":"Running external service ping..."}
{"level":"info","message":"Running external service ping..."}
{"level":"info","message":"Ping successful: 200 - 2026-05-04T19:05:01.186Z"}
{"level":"info","message":"Ping successful: 200 - 2026-05-04T19:05:01.192Z"}
{"level":"info","message":"Cron jobs initialized"}
{"level":"info","message":"Cron jobs initialized"}
{"level":"info","message":"Cron jobs initialized"}
{"level":"info","message":"Cron jobs initialized"}
{"level":"info","message":"Running external service ping..."}
{"level":"info","message":"Running external service ping..."}
{"level":"info","message":"Ping successful: 200 - 2026-05-04T19:10:02.327Z"}
{"level":"info","message":"Ping successful: 200 - 2026-05-04T19:10:03.767Z"}
{"level":"info","message":"Running external service ping..."}
{"level":"info","message":"Running external service ping..."}
{"level":"info","message":"Ping successful: 200 - 2026-05-04T19:15:00.836Z"}
{"level":"info","message":"Ping successful: 200 - 2026-05-04T19:15:01.169Z"}
{"level":"info","message":"Running external service ping..."}
{"level":"info","message":"Running external service ping..."}
{"level":"info","message":"Ping successful: 200 - 2026-05-04T19:20:00.840Z"}
{"level":"info","message":"Ping successful: 200 - 2026-05-04T19:20:01.146Z"}
{"level":"info","message":"Running external service ping..."}
{"level":"info","message":"Running external service ping..."}
{"level":"info","message":"Ping successful: 200 - 2026-05-04T19:25:01.161Z"}
{"level":"info","message":"Ping successful: 200 - 2026-05-04T19:25:01.178Z"}
{"level":"info","message":"Running external service ping..."}
{"level":"info","message":"Running external service ping..."}
{"level":"info","message":"Running cleanup job at 2026-05-05T01:00:00.046Z (IST)"}
{"level":"info","message":"Running cleanup job at 2026-05-05T01:00:00.045Z (IST)"}
{"level":"info","message":"Running hourly email journey cron..."}
{"level":"info","message":"Running hourly email journey cron..."}
{"level":"info","message":"Updated 0 non-recurring events to 'past' status"}
{"level":"info","message":"Updated 0 non-recurring events to 'past' status"}
{"level":"info","message":"Updated 0 recurring events to 'past' status"}
{"level":"info","message":"Updated 0 recurring events to 'past' status"}
{"level":"info","message":"Updated 0 bookings to 'expired' status"}
{"level":"info","message":"Updated 0 bookings to 'expired' status"}
{"level":"info","message":"Ping successful: 200 - 2026-05-04T19:30:00.838Z"}
{"level":"info","message":"Ping successful: 200 - 2026-05-04T19:30:01.215Z"}
{"level":"info","message":"Running external service ping..."}
{"level":"info","message":"Running external service ping..."}
{"level":"info","message":"Ping successful: 200 - 2026-05-04T19:35:00.814Z"}
{"level":"info","message":"Ping successful: 200 - 2026-05-04T19:35:00.824Z"}
{"level":"info","message":"Running external service ping..."}
{"level":"info","message":"Running external service ping..."}
{"level":"info","message":"Ping successful: 200 - 2026-05-04T19:40:01.215Z"}
{"level":"info","message":"Ping successful: 200 - 2026-05-04T19:40:01.219Z"}
{"level":"info","message":"Running external service ping..."}
{"level":"info","message":"Running external service ping..."}
{"level":"info","message":"Ping successful: 200 - 2026-05-04T19:45:01.174Z"}
{"level":"info","message":"Ping successful: 200 - 2026-05-04T19:45:01.176Z"}
{"level":"info","message":"Running external service ping..."}
{"level":"info","message":"Running external service ping..."}
{"level":"info","message":"Ping successful: 200 - 2026-05-04T19:50:01.889Z"}
{"level":"info","message":"Ping successful: 200 - 2026-05-04T19:50:02.192Z"}
{"level":"info","message":"Running external service ping..."}
{"level":"info","message":"Running external service ping..."}
{"level":"info","message":"Ping successful: 200 - 2026-05-04T19:55:00.840Z"}
{"level":"info","message":"Ping successful: 200 - 2026-05-04T19:55:01.165Z"}
{"level":"info","message":"Running external service ping..."}
{"level":"info","message":"Running external service ping..."}
{"level":"error","message":"Ping failed: getaddrinfo ENOTFOUND mnkhan.onrender.com - 2026-05-04T20:00:00.032Z"}
{"level":"error","message":"Ping failed: getaddrinfo ENOTFOUND mnkhan.onrender.com - 2026-05-04T20:00:00.034Z"}
{"level":"info","message":"Running external service ping..."}
{"level":"info","message":"Running external service ping..."}
{"level":"error","message":"Ping failed: getaddrinfo ENOTFOUND mnkhan.onrender.com - 2026-05-04T20:05:00.033Z"}
{"level":"error","message":"Ping failed: getaddrinfo ENOTFOUND mnkhan.onrender.com - 2026-05-04T20:05:00.033Z"}
{"level":"info","message":"Running external service ping..."}
{"level":"info","message":"Running external service ping..."}
{"level":"info","message":"Ping successful: 200 - 2026-05-04T20:10:01.653Z"}
{"level":"info","message":"Ping successful: 200 - 2026-05-04T20:10:01.958Z"}
{"level":"info","message":"Running external service ping..."}
{"level":"info","message":"Running external service ping..."}
{"level":"info","message":"Ping successful: 200 - 2026-05-04T20:15:01.006Z"}
{"level":"info","message":"Ping successful: 200 - 2026-05-04T20:15:01.346Z"}
{"level":"info","message":"Running external service ping..."}
{"level":"info","message":"Running external service ping..."}
{"level":"info","message":"Ping successful: 200 - 2026-05-04T20:20:01.316Z"}
{"level":"info","message":"Ping successful: 200 - 2026-05-04T20:20:01.317Z"}
{"level":"info","message":"Running external service ping..."}
{"level":"info","message":"Running external service ping..."}
{"level":"info","message":"Ping successful: 200 - 2026-05-04T20:25:01.063Z"}
{"level":"info","message":"Ping successful: 200 - 2026-05-04T20:25:01.063Z"}
{"level":"info","message":"Running external service ping..."}
{"level":"info","message":"Running external service ping..."}
{"level":"info","message":"Running hourly email journey cron..."}
{"level":"info","message":"Running hourly email journey cron..."}
{"level":"info","message":"Running cleanup job at 2026-05-05T02:00:00.051Z (IST)"}
{"level":"info","message":"Running cleanup job at 2026-05-05T02:00:00.052Z (IST)"}
{"level":"info","message":"Updated 0 non-recurring events to 'past' status"}
{"level":"info","message":"Updated 0 recurring events to 'past' status"}
{"level":"info","message":"Updated 0 bookings to 'expired' status"}
{"level":"info","message":"Updated 0 non-recurring events to 'past' status"}
{"level":"info","message":"Updated 0 recurring events to 'past' status"}
{"level":"info","message":"Ping successful: 200 - 2026-05-04T20:30:00.983Z"}
{"level":"info","message":"Updated 0 bookings to 'expired' status"}
{"level":"info","message":"Ping successful: 200 - 2026-05-04T20:30:01.341Z"}
{"level":"info","message":"Running external service ping..."}
{"level":"info","message":"Running external service ping..."}
{"level":"info","message":"Ping successful: 200 - 2026-05-04T20:35:01.012Z"}
{"level":"info","message":"Ping successful: 200 - 2026-05-04T20:35:01.028Z"}
{"level":"info","message":"Running external service ping..."}
{"level":"info","message":"Running external service ping..."}
{"level":"info","message":"Ping successful: 200 - 2026-05-04T20:40:01.666Z"}
{"level":"info","message":"Ping successful: 200 - 2026-05-04T20:40:01.666Z"}
{"level":"info","message":"Running external service ping..."}
{"level":"info","message":"Running external service ping..."}
{"level":"info","message":"Ping successful: 200 - 2026-05-04T20:45:00.971Z"}
{"level":"info","message":"Ping successful: 200 - 2026-05-04T20:45:00.976Z"}
{"level":"info","message":"Running external service ping..."}
{"level":"info","message":"Running external service ping..."}
{"level":"info","message":"Ping successful: 200 - 2026-05-04T20:50:00.910Z"}
{"level":"info","message":"Ping successful: 200 - 2026-05-04T20:50:00.925Z"}
{"level":"info","message":"Running external service ping..."}
{"level":"info","message":"Running external service ping..."}
{"level":"info","message":"Ping successful: 200 - 2026-05-04T20:55:01.207Z"}
{"level":"info","message":"Ping successful: 200 - 2026-05-04T20:55:01.251Z"}
{"level":"info","message":"Running external service ping..."}
{"level":"info","message":"Running external service ping..."}
{"level":"error","message":"Ping failed: getaddrinfo ENOTFOUND mnkhan.onrender.com - 2026-05-04T21:00:00.024Z"}
{"level":"error","message":"Ping failed: getaddrinfo ENOTFOUND mnkhan.onrender.com - 2026-05-04T21:00:00.024Z"}
{"level":"info","message":"Running external service ping..."}
{"level":"info","message":"Running external service ping..."}
{"level":"info","message":"Ping successful: 200 - 2026-05-04T21:05:01.220Z"}
{"level":"info","message":"Ping successful: 200 - 2026-05-04T21:05:01.222Z"}
{"level":"info","message":"Running external service ping..."}
{"level":"info","message":"Running external service ping..."}
{"level":"info","message":"Ping successful: 200 - 2026-05-04T21:10:03.929Z"}
{"level":"info","message":"Ping successful: 200 - 2026-05-04T21:10:03.932Z"}
{"level":"info","message":"Running external service ping..."}
{"level":"info","message":"Running external service ping..."}
{"level":"info","message":"Ping successful: 200 - 2026-05-04T21:15:00.942Z"}
{"level":"info","message":"Ping successful: 200 - 2026-05-04T21:15:01.199Z"}
{"level":"info","message":"Running external service ping..."}
{"level":"info","message":"Running external service ping..."}
{"level":"info","message":"Ping successful: 200 - 2026-05-04T21:25:02.399Z"}
{"level":"info","message":"Ping successful: 200 - 2026-05-04T21:25:02.399Z"}
{"level":"info","message":"Running external service ping..."}
{"level":"info","message":"Running external service ping..."}
{"level":"info","message":"Running hourly email journey cron..."}
{"level":"info","message":"Running cleanup job at 2026-05-05T03:00:00.065Z (IST)"}
{"level":"info","message":"Running hourly email journey cron..."}
{"level":"info","message":"Running cleanup job at 2026-05-05T03:00:00.066Z (IST)"}
{"level":"info","message":"Updated 0 non-recurring events to 'past' status"}
{"level":"info","message":"Updated 0 non-recurring events to 'past' status"}
{"level":"info","message":"Updated 0 recurring events to 'past' status"}
{"level":"info","message":"Updated 0 recurring events to 'past' status"}
{"level":"info","message":"Updated 0 bookings to 'expired' status"}
{"level":"info","message":"Updated 0 bookings to 'expired' status"}
{"level":"info","message":"Ping successful: 200 - 2026-05-04T21:30:00.905Z"}
{"level":"info","message":"Ping successful: 200 - 2026-05-04T21:30:01.252Z"}
{"level":"info","message":"Running external service ping..."}
{"level":"info","message":"Running external service ping..."}
{"level":"info","message":"Ping successful: 200 - 2026-05-04T21:35:01.329Z"}
{"level":"info","message":"Ping successful: 200 - 2026-05-04T21:35:07.675Z"}
{"level":"info","message":"Running external service ping..."}
{"level":"info","message":"Running external service ping..."}
{"level":"info","message":"Ping successful: 200 - 2026-05-04T21:40:01.164Z"}
{"level":"info","message":"Ping successful: 200 - 2026-05-04T21:40:01.164Z"}
{"level":"info","message":"Running external service ping..."}
{"level":"info","message":"Running external service ping..."}
{"level":"info","message":"Ping successful: 200 - 2026-05-04T21:45:01.200Z"}
{"level":"info","message":"Ping successful: 200 - 2026-05-04T21:45:01.200Z"}
{"level":"info","message":"Running external service ping..."}
{"level":"info","message":"Running external service ping..."}
{"level":"info","message":"Ping successful: 200 - 2026-05-04T21:50:00.906Z"}
{"level":"info","message":"Ping successful: 200 - 2026-05-04T21:50:01.321Z"}
{"level":"info","message":"Running external service ping..."}
{"level":"info","message":"Running external service ping..."}
{"level":"info","message":"Ping successful: 200 - 2026-05-04T21:55:00.907Z"}
{"level":"info","message":"Ping successful: 200 - 2026-05-04T21:55:01.151Z"}
{"level":"info","message":"Running external service ping..."}
{"level":"info","message":"Running external service ping..."}
{"level":"info","message":"Ping successful: 200 - 2026-05-04T22:00:01.259Z"}
{"level":"info","message":"Ping successful: 200 - 2026-05-04T22:00:01.262Z"}
{"level":"info","message":"Running external service ping..."}
{"level":"info","message":"Running external service ping..."}
{"level":"info","message":"Ping successful: 200 - 2026-05-04T22:05:00.870Z"}
{"level":"info","message":"Ping successful: 200 - 2026-05-04T22:05:00.872Z"}
{"level":"info","message":"Running external service ping..."}
{"level":"info","message":"Running external service ping..."}
{"level":"info","message":"Ping successful: 200 - 2026-05-04T22:10:01.156Z"}
{"level":"info","message":"Ping successful: 200 - 2026-05-04T22:10:01.171Z"}
{"level":"info","message":"Running external service ping..."}
{"level":"info","message":"Running external service ping..."}
{"level":"error","message":"Ping failed: timeout of 10000ms exceeded - 2026-05-04T22:45:11.423Z"}
{"level":"error","message":"Ping failed: timeout of 10000ms exceeded - 2026-05-04T22:45:11.424Z"}
{"level":"info","message":"Running external service ping..."}
{"level":"info","message":"Running external service ping..."}
{"level":"error","message":"Ping failed: timeout of 10000ms exceeded - 2026-05-04T23:50:10.020Z"}
{"level":"error","message":"Ping failed: timeout of 10000ms exceeded - 2026-05-04T23:50:10.027Z"}
{"level":"info","message":"Running external service ping..."}
{"level":"info","message":"Running external service ping..."}
{"level":"error","message":"Ping failed: timeout of 10000ms exceeded - 2026-05-05T00:35:10.031Z"}
{"level":"error","message":"Ping failed: timeout of 10000ms exceeded - 2026-05-05T00:35:10.036Z"}
{"level":"info","message":"Running external service ping..."}
{"level":"info","message":"Running external service ping..."}
{"level":"error","message":"Ping failed: timeout of 10000ms exceeded - 2026-05-05T01:30:49.313Z"}
{"level":"error","message":"Ping failed: timeout of 10000ms exceeded - 2026-05-05T01:30:49.313Z"}
{"level":"info","message":"Running external service ping..."}
{"level":"info","message":"Running external service ping..."}
{"level":"error","message":"Ping failed: timeout of 10000ms exceeded - 2026-05-05T01:40:10.017Z"}
{"level":"error","message":"Ping failed: timeout of 10000ms exceeded - 2026-05-05T01:40:10.024Z"}
{"level":"info","message":"Running external service ping..."}
{"level":"info","message":"Running external service ping..."}
{"level":"error","message":"Ping failed: timeout of 10000ms exceeded - 2026-05-05T03:16:19.258Z"}
{"level":"error","message":"Ping failed: timeout of 10000ms exceeded - 2026-05-05T03:16:19.258Z"}
{"level":"info","message":"Running external service ping..."}
{"level":"info","message":"Running external service ping..."}
{"level":"error","message":"Ping failed: timeout of 10000ms exceeded - 2026-05-05T04:10:10.031Z"}
{"level":"error","message":"Ping failed: timeout of 10000ms exceeded - 2026-05-05T04:10:10.031Z"}
{"level":"info","message":"Running external service ping..."}
{"level":"info","message":"Running external service ping..."}
{"level":"info","message":"Running hourly email journey cron..."}
{"level":"info","message":"Running cleanup job at 2026-05-05T10:00:00.303Z (IST)"}
{"level":"info","message":"Running cleanup job at 2026-05-05T10:00:00.298Z (IST)"}
{"level":"info","message":"Running hourly email journey cron..."}
{"level":"info","message":"Updated 0 non-recurring events to 'past' status"}
{"level":"info","message":"Updated 0 recurring events to 'past' status"}
{"level":"info","message":"Updated 0 bookings to 'expired' status"}
{"level":"info","message":"Updated 0 non-recurring events to 'past' status"}
{"level":"info","message":"Updated 0 recurring events to 'past' status"}
{"level":"info","message":"Updated 0 bookings to 'expired' status"}
{"level":"info","message":"Ping successful: 200 - 2026-05-05T04:30:02.000Z"}
{"level":"info","message":"Ping successful: 200 - 2026-05-05T04:30:02.002Z"}
{"level":"info","message":"Running external service ping..."}
{"level":"info","message":"Running external service ping..."}
{"level":"info","message":"Ping successful: 200 - 2026-05-05T06:20:01.176Z"}
{"level":"info","message":"Ping successful: 200 - 2026-05-05T06:20:01.177Z"}
{"level":"info","message":"Running external service ping..."}
{"level":"info","message":"Running external service ping..."}
{"level":"info","message":"Ping successful: 200 - 2026-05-05T08:15:01.917Z"}
{"level":"info","message":"Ping successful: 200 - 2026-05-05T08:15:02.239Z"}
{"level":"info","message":"Running external service ping..."}
{"level":"info","message":"Running external service ping..."}
{"level":"info","message":"Ping successful: 200 - 2026-05-05T09:55:01.213Z"}
{"level":"info","message":"Ping successful: 200 - 2026-05-05T09:55:01.252Z"}
{"level":"info","message":"Cron jobs initialized"}
{"level":"info","message":"Running external service ping..."}
{"level":"info","message":"Ping successful: 200 - 2026-05-05T14:40:01.295Z"}
{"level":"info","message":"Running external service ping..."}
{"level":"info","message":"Ping successful: 200 - 2026-05-05T14:45:01.297Z"}
{"level":"info","message":"Running external service ping..."}
{"level":"info","message":"Ping successful: 200 - 2026-05-05T14:50:01.165Z"}
{"level":"info","message":"Running external service ping..."}
{"level":"info","message":"Ping successful: 200 - 2026-05-05T14:55:01.133Z"}
{"level":"info","message":"Running external service ping..."}
{"level":"info","message":"Ping successful: 200 - 2026-05-05T15:00:01.189Z"}
{"level":"info","message":"Running external service ping..."}
{"level":"info","message":"Ping successful: 200 - 2026-05-05T15:10:00.818Z"}
{"level":"info","message":"Running external service ping..."}
{"level":"info","message":"Ping successful: 200 - 2026-05-05T15:55:01.223Z"}
{"level":"info","message":"Running external service ping..."}
{"level":"info","message":"Ping successful: 200 - 2026-05-05T16:40:01.336Z"}
{"level":"info","message":"Running external service ping..."}
{"level":"info","message":"Ping successful: 200 - 2026-05-05T17:15:01.137Z"}
{"level":"info","message":"Running external service ping..."}
{"level":"info","message":"Ping successful: 200 - 2026-05-05T18:05:00.843Z"}
{"level":"info","message":"Running external service ping..."}
{"level":"info","message":"Ping successful: 200 - 2026-05-05T19:50:00.854Z"}
{"level":"info","message":"Running external service ping..."}
{"level":"info","message":"Ping successful: 200 - 2026-05-05T20:20:00.911Z"}
{"level":"info","message":"Running external service ping..."}
{"level":"error","message":"Ping failed: getaddrinfo ENOTFOUND mnkhan.onrender.com - 2026-05-05T21:10:00.027Z"}
{"level":"info","message":"Running external service ping..."}
{"level":"info","message":"Ping successful: 200 - 2026-05-05T21:45:01.717Z"}
{"level":"info","message":"Running external service ping..."}
{"level":"info","message":"Ping successful: 200 - 2026-05-05T22:20:00.882Z"}
{"level":"info","message":"Running external service ping..."}
{"level":"info","message":"Ping successful: 200 - 2026-05-05T23:10:00.968Z"}
{"level":"info","message":"Running external service ping..."}
{"level":"error","message":"Ping failed: timeout of 10000ms exceeded - 2026-05-06T01:05:10.046Z"}
{"level":"info","message":"Running external service ping..."}
{"level":"error","message":"Ping failed: timeout of 10000ms exceeded - 2026-05-06T01:45:10.020Z"}
{"level":"info","message":"Running external service ping..."}
{"level":"info","message":"Ping successful: 200 - 2026-05-06T02:35:01.147Z"}
{"level":"info","message":"Running external service ping..."}
{"level":"error","message":"Ping failed: timeout of 10000ms exceeded - 2026-05-06T03:25:10.020Z"}
{"level":"info","message":"Running external service ping..."}
{"level":"info","message":"Ping successful: 200 - 2026-05-06T04:15:01.199Z"}
{"level":"info","message":"Running hourly email journey cron..."}
{"level":"info","message":"Running cleanup job at 2026-05-06T10:00:00.317Z (IST)"}
{"level":"info","message":"Running external service ping..."}
{"level":"info","message":"Updated 0 non-recurring events to 'past' status"}
{"level":"info","message":"Updated 0 recurring events to 'past' status"}
{"level":"info","message":"Updated 0 bookings to 'expired' status"}
{"level":"info","message":"Ping successful: 200 - 2026-05-06T04:30:01.854Z"}
{"level":"info","message":"Running external service ping..."}
{"level":"info","message":"Ping successful: 200 - 2026-05-06T05:40:01.179Z"}
{"level":"info","message":"Running external service ping..."}
{"level":"info","message":"Ping successful: 200 - 2026-05-06T06:50:01.199Z"}
{"level":"info","message":"Running external service ping..."}
{"level":"info","message":"Ping successful: 200 - 2026-05-06T07:40:00.974Z"}
{"level":"info","message":"Running external service ping..."}
{"level":"info","message":"Ping successful: 200 - 2026-05-06T08:40:00.842Z"}
{"level":"info","message":"Running external service ping..."}
{"level":"info","message":"Ping successful: 200 - 2026-05-06T09:20:01.568Z"}
{"level":"info","message":"Running external service ping..."}
{"level":"info","message":"Ping successful: 200 - 2026-05-06T11:10:01.109Z"}
{"level":"info","message":"Running external service ping..."}
{"level":"info","message":"Ping successful: 200 - 2026-05-06T11:15:01.028Z"}
{"level":"info","message":"Running external service ping..."}
{"level":"info","message":"Ping successful: 200 - 2026-05-06T11:20:01.023Z"}
{"level":"info","message":"Running external service ping..."}
{"level":"info","message":"Ping successful: 200 - 2026-05-06T11:25:01.641Z"}
{"level":"info","message":"Running external service ping..."}
{"level":"info","message":"Running hourly email journey cron..."}
{"level":"info","message":"Running cleanup job at 2026-05-06T17:00:00.078Z (IST)"}
{"level":"info","message":"Updated 0 non-recurring events to 'past' status"}
{"level":"info","message":"Updated 0 recurring events to 'past' status"}
{"level":"info","message":"Ping successful: 200 - 2026-05-06T11:30:01.187Z"}
{"level":"info","message":"Updated 0 bookings to 'expired' status"}
{"level":"info","message":"Running external service ping..."}
{"level":"info","message":"Ping successful: 200 - 2026-05-06T11:35:01.050Z"}
{"level":"info","message":"Running external service ping..."}
{"level":"info","message":"Ping successful: 200 - 2026-05-06T11:40:01.192Z"}
{"level":"info","message":"Running external service ping..."}
{"level":"info","message":"Ping successful: 200 - 2026-05-06T11:45:01.627Z"}
{"level":"info","message":"Running external service ping..."}
{"level":"info","message":"Ping successful: 200 - 2026-05-06T11:50:01.260Z"}
{"level":"info","message":"Running external service ping..."}
{"level":"info","message":"Ping successful: 200 - 2026-05-06T11:55:01.035Z"}
{"level":"info","message":"Running external service ping..."}
{"level":"info","message":"Ping successful: 200 - 2026-05-06T12:00:01.218Z"}
{"level":"info","message":"Running external service ping..."}
{"level":"info","message":"Ping successful: 200 - 2026-05-06T12:05:01.171Z"}
{"level":"info","message":"Running external service ping..."}
{"level":"info","message":"Ping successful: 200 - 2026-05-06T12:10:01.285Z"}
{"level":"info","message":"Running external service ping..."}
{"level":"info","message":"Ping successful: 200 - 2026-05-06T12:15:01.226Z"}
{"level":"info","message":"Running external service ping..."}
{"level":"info","message":"Ping successful: 200 - 2026-05-06T12:20:01.209Z"}
{"level":"info","message":"Running external service ping..."}
{"level":"info","message":"Ping successful: 200 - 2026-05-06T12:25:01.205Z"}
{"level":"info","message":"Running external service ping..."}
{"level":"info","message":"Running hourly email journey cron..."}
{"level":"info","message":"Running cleanup job at 2026-05-06T18:00:00.062Z (IST)"}
{"level":"info","message":"Updated 0 non-recurring events to 'past' status"}
{"level":"info","message":"Updated 0 recurring events to 'past' status"}
{"level":"info","message":"Updated 0 bookings to 'expired' status"}
{"level":"info","message":"Ping successful: 200 - 2026-05-06T12:30:01.280Z"}
{"level":"info","message":"Running external service ping..."}
{"level":"info","message":"Ping successful: 200 - 2026-05-06T12:35:01.195Z"}
{"level":"info","message":"Running external service ping..."}
{"level":"info","message":"Ping successful: 200 - 2026-05-06T12:40:01.096Z"}
{"level":"info","message":"Running external service ping..."}
{"level":"info","message":"Ping successful: 200 - 2026-05-06T12:45:00.878Z"}
{"level":"info","message":"Running external service ping..."}
{"level":"info","message":"Ping successful: 200 - 2026-05-06T12:50:00.927Z"}
{"level":"info","message":"Running external service ping..."}
{"level":"info","message":"Ping successful: 200 - 2026-05-06T12:55:01.179Z"}
{"level":"info","message":"Running external service ping..."}
{"level":"info","message":"Ping successful: 200 - 2026-05-06T13:00:01.221Z"}
{"level":"info","message":"Running external service ping..."}
{"level":"info","message":"Ping successful: 200 - 2026-05-06T13:55:01.219Z"}
{"level":"info","message":"Running external service ping..."}
{"level":"info","message":"Ping successful: 200 - 2026-05-06T15:00:00.976Z"}
{"level":"info","message":"Running external service ping..."}
{"level":"info","message":"Ping successful: 200 - 2026-05-06T15:25:00.875Z"}
{"level":"info","message":"Running external service ping..."}
{"level":"info","message":"Running hourly email journey cron..."}
{"level":"info","message":"Running cleanup job at 2026-05-06T23:00:00.096Z (IST)"}
{"level":"info","message":"Updated 0 non-recurring events to 'past' status"}
{"level":"info","message":"Updated 0 recurring events to 'past' status"}
{"level":"info","message":"Updated 0 bookings to 'expired' status"}
{"level":"error","message":"Ping failed: timeout of 10000ms exceeded - 2026-05-06T17:30:10.041Z"}
{"level":"info","message":"Running external service ping..."}
{"level":"info","message":"Ping successful: 200 - 2026-05-06T17:35:00.844Z"}
{"level":"info","message":"Running external service ping..."}
{"level":"info","message":"Ping successful: 200 - 2026-05-06T17:40:00.843Z"}
{"level":"info","message":"Running external service ping..."}
{"level":"info","message":"Ping successful: 200 - 2026-05-06T17:45:01.230Z"}
{"level":"info","message":"Running external service ping..."}
{"level":"info","message":"Ping successful: 200 - 2026-05-06T17:50:01.155Z"}
{"level":"info","message":"Running external service ping..."}
{"level":"info","message":"Ping successful: 200 - 2026-05-06T17:55:01.268Z"}
{"level":"info","message":"Running external service ping..."}
{"level":"info","message":"Ping successful: 200 - 2026-05-06T18:00:01.184Z"}
{"level":"info","message":"Running external service ping..."}
{"level":"info","message":"Ping successful: 200 - 2026-05-06T18:05:01.488Z"}
{"level":"info","message":"Running external service ping..."}
{"level":"info","message":"Ping successful: 200 - 2026-05-06T18:10:01.136Z"}
{"level":"info","message":"Running external service ping..."}
{"level":"info","message":"Ping successful: 200 - 2026-05-06T18:15:01.137Z"}
{"level":"info","message":"Running external service ping..."}
{"level":"info","message":"Ping successful: 200 - 2026-05-06T18:20:01.723Z"}
{"level":"info","message":"Running external service ping..."}
{"level":"info","message":"Ping successful: 200 - 2026-05-06T18:25:00.997Z"}
{"level":"info","message":"Running external service ping..."}
{"level":"info","message":"Running hourly email journey cron..."}
{"level":"info","message":"Running cleanup job at 2026-05-07T00:00:00.057Z (IST)"}
{"level":"info","message":"Updated 0 non-recurring events to 'past' status"}
{"level":"info","message":"Updated 0 recurring events to 'past' status"}
{"level":"info","message":"Updated 0 bookings to 'expired' status"}
{"level":"info","message":"Ping successful: 200 - 2026-05-06T18:30:01.342Z"}
{"level":"info","message":"Running external service ping..."}
{"level":"info","message":"Ping successful: 200 - 2026-05-06T18:35:01.176Z"}
{"level":"info","message":"Running external service ping..."}
{"level":"info","message":"Ping successful: 200 - 2026-05-06T18:40:01.215Z"}
{"level":"info","message":"Running external service ping..."}
{"level":"info","message":"Ping successful: 200 - 2026-05-06T18:45:01.073Z"}
{"level":"info","message":"Running external service ping..."}
{"level":"info","message":"Ping successful: 200 - 2026-05-06T19:00:00.857Z"}
{"level":"info","message":"Running external service ping..."}
{"level":"info","message":"Ping successful: 200 - 2026-05-06T19:10:01.353Z"}
{"level":"info","message":"Running external service ping..."}
{"level":"info","message":"Ping successful: 200 - 2026-05-06T20:20:01.217Z"}
{"level":"info","message":"Running external service ping..."}
{"level":"info","message":"Ping successful: 200 - 2026-05-06T20:25:01.289Z"}
{"level":"info","message":"Running hourly email journey cron..."}
{"level":"info","message":"Running external service ping..."}
{"level":"info","message":"Running cleanup job at 2026-05-07T02:00:00.037Z (IST)"}
{"level":"info","message":"Updated 0 non-recurring events to 'past' status"}
{"level":"info","message":"Updated 0 recurring events to 'past' status"}
{"level":"info","message":"Updated 0 bookings to 'expired' status"}
{"level":"info","message":"Ping successful: 200 - 2026-05-06T20:30:01.227Z"}
{"level":"info","message":"Running external service ping..."}
{"level":"info","message":"Ping successful: 200 - 2026-05-06T20:35:01.192Z"}
{"level":"info","message":"Running external service ping..."}
{"level":"info","message":"Ping successful: 200 - 2026-05-06T20:40:01.184Z"}
{"level":"info","message":"Running external service ping..."}
{"level":"info","message":"Ping successful: 200 - 2026-05-06T20:45:01.165Z"}
{"level":"info","message":"Running external service ping..."}
{"level":"info","message":"Ping successful: 200 - 2026-05-06T20:50:00.826Z"}
{"level":"info","message":"Running external service ping..."}
{"level":"info","message":"Ping successful: 200 - 2026-05-06T20:55:01.154Z"}
{"level":"info","message":"Running external service ping..."}
{"level":"info","message":"Ping successful: 200 - 2026-05-06T21:00:01.164Z"}
{"level":"info","message":"Running external service ping..."}
{"level":"info","message":"Ping successful: 200 - 2026-05-06T21:05:01.527Z"}
{"level":"info","message":"Running external service ping..."}
{"level":"info","message":"Ping successful: 200 - 2026-05-06T21:10:01.148Z"}
{"level":"info","message":"Running external service ping..."}
{"level":"info","message":"Ping successful: 200 - 2026-05-06T21:15:01.229Z"}
{"level":"info","message":"Running external service ping..."}
{"level":"info","message":"Ping successful: 200 - 2026-05-06T21:20:01.352Z"}
{"level":"info","message":"Running external service ping..."}
{"level":"info","message":"Ping successful: 200 - 2026-05-06T21:25:01.277Z"}
{"level":"info","message":"Running external service ping..."}
{"level":"info","message":"Running hourly email journey cron..."}
{"level":"info","message":"Running cleanup job at 2026-05-07T03:00:00.034Z (IST)"}
{"level":"info","message":"Updated 0 non-recurring events to 'past' status"}
{"level":"info","message":"Updated 0 recurring events to 'past' status"}
{"level":"info","message":"Updated 0 bookings to 'expired' status"}
{"level":"info","message":"Ping successful: 200 - 2026-05-06T21:30:01.175Z"}
{"level":"info","message":"Running external service ping..."}
{"level":"info","message":"Ping successful: 200 - 2026-05-06T21:35:01.271Z"}
{"level":"info","message":"Running external service ping..."}
{"level":"info","message":"Ping successful: 200 - 2026-05-06T21:40:01.177Z"}
{"level":"info","message":"Running external service ping..."}
{"level":"info","message":"Ping successful: 200 - 2026-05-06T21:45:01.220Z"}
{"level":"info","message":"Running external service ping..."}
{"level":"info","message":"Ping successful: 200 - 2026-05-06T21:50:00.895Z"}
{"level":"info","message":"Running external service ping..."}
{"level":"info","message":"Ping successful: 200 - 2026-05-06T21:55:01.180Z"}
{"level":"info","message":"Running external service ping..."}
{"level":"info","message":"Ping successful: 200 - 2026-05-06T22:00:01.006Z"}
{"level":"info","message":"Running external service ping..."}
{"level":"info","message":"Ping successful: 200 - 2026-05-06T22:05:01.196Z"}
{"level":"info","message":"Running external service ping..."}
{"level":"info","message":"Ping successful: 200 - 2026-05-06T22:10:01.258Z"}
{"level":"info","message":"Running external service ping..."}
{"level":"info","message":"Ping successful: 200 - 2026-05-06T22:15:01.191Z"}
{"level":"info","message":"Running external service ping..."}
{"level":"info","message":"Ping successful: 200 - 2026-05-06T22:20:01.204Z"}
{"level":"info","message":"Running external service ping..."}
{"level":"info","message":"Ping successful: 200 - 2026-05-06T22:25:01.775Z"}
{"level":"info","message":"Running external service ping..."}
{"level":"info","message":"Running hourly email journey cron..."}
{"level":"info","message":"Running cleanup job at 2026-05-07T04:00:00.035Z (IST)"}
{"level":"info","message":"Updated 0 non-recurring events to 'past' status"}
{"level":"info","message":"Updated 0 recurring events to 'past' status"}
{"level":"info","message":"Updated 0 bookings to 'expired' status"}
{"level":"info","message":"Ping successful: 200 - 2026-05-06T22:30:01.200Z"}
{"level":"info","message":"Running external service ping..."}
{"level":"error","message":"Ping failed: timeout of 10000ms exceeded - 2026-05-06T22:55:10.021Z"}
{"level":"info","message":"Running external service ping..."}
{"level":"info","message":"Ping successful: 200 - 2026-05-07T00:00:00.890Z"}
{"level":"info","message":"Running external service ping..."}
{"level":"error","message":"Ping failed: timeout of 10000ms exceeded - 2026-05-07T00:35:10.022Z"}
{"level":"info","message":"Running external service ping..."}
{"level":"info","message":"Running cleanup job at 2026-05-07T07:00:00.047Z (IST)"}
{"level":"info","message":"Running hourly email journey cron..."}
{"level":"info","message":"Updated 0 non-recurring events to 'past' status"}
{"level":"info","message":"Updated 0 recurring events to 'past' status"}
{"level":"info","message":"Updated 0 bookings to 'expired' status"}
{"level":"error","message":"Ping failed: timeout of 10000ms exceeded - 2026-05-07T01:33:07.096Z"}
{"level":"info","message":"Running external service ping..."}
{"level":"error","message":"Ping failed: timeout of 10000ms exceeded - 2026-05-07T02:10:10.023Z"}
{"level":"info","message":"Running external service ping..."}
{"level":"error","message":"Ping failed: timeout of 10000ms exceeded - 2026-05-07T03:15:10.025Z"}
{"level":"info","message":"Running external service ping..."}
{"level":"info","message":"Running cleanup job at 2026-05-07T10:00:00.190Z (IST)"}
{"level":"info","message":"Running hourly email journey cron..."}
{"level":"info","message":"Updated 0 non-recurring events to 'past' status"}
{"level":"info","message":"Updated 0 recurring events to 'past' status"}
{"level":"info","message":"Updated 0 bookings to 'expired' status"}
{"level":"info","message":"Ping successful: 200 - 2026-05-07T04:30:01.766Z"}
{"level":"info","message":"Running external service ping..."}
{"level":"error","message":"Ping failed: timeout of 10000ms exceeded - 2026-05-07T05:35:04.056Z"}
{"level":"info","message":"Running external service ping..."}
{"level":"info","message":"Ping successful: 200 - 2026-05-07T06:45:00.925Z"}
{"level":"info","message":"Running external service ping..."}
{"level":"error","message":"Ping failed: timeout of 10000ms exceeded - 2026-05-07T08:25:10.023Z"}
{"level":"info","message":"Running external service ping..."}
{"level":"error","message":"Ping failed: timeout of 10000ms exceeded - 2026-05-07T09:15:10.021Z"}
{"level":"info","message":"Running external service ping..."}
{"level":"error","message":"Ping failed: timeout of 10000ms exceeded - 2026-05-07T11:55:10.018Z"}
{"level":"info","message":"Running hourly email journey cron..."}
{"level":"info","message":"Running cleanup job at 2026-05-07T18:00:00.361Z (IST)"}
{"level":"info","message":"Running external service ping..."}
{"level":"info","message":"Updated 0 non-recurring events to 'past' status"}
{"level":"info","message":"Updated 0 recurring events to 'past' status"}
{"level":"info","message":"Updated 0 bookings to 'expired' status"}
{"level":"error","message":"Ping failed: timeout of 10000ms exceeded - 2026-05-07T12:30:10.366Z"}
{"level":"info","message":"Running external service ping..."}
{"level":"error","message":"Ping failed: timeout of 10000ms exceeded - 2026-05-07T13:40:10.020Z"}
{"level":"info","message":"Running external service ping..."}
{"level":"info","message":"Running hourly email journey cron..."}
{"level":"info","message":"Running cleanup job at 2026-05-07T20:00:00.048Z (IST)"}
{"level":"info","message":"Updated 0 non-recurring events to 'past' status"}
{"level":"info","message":"Updated 0 recurring events to 'past' status"}
{"level":"info","message":"Updated 0 bookings to 'expired' status"}
{"level":"info","message":"Ping successful: 200 - 2026-05-07T14:30:01.273Z"}
{"level":"info","message":"Running external service ping..."}
{"level":"error","message":"Ping failed: timeout of 10000ms exceeded - 2026-05-07T15:20:10.018Z"}
{"level":"info","message":"Running external service ping..."}
{"level":"error","message":"Ping failed: timeout of 10000ms exceeded - 2026-05-07T17:55:10.044Z"}
{"level":"info","message":"Running external service ping..."}
{"level":"error","message":"Ping failed: timeout of 10000ms exceeded - 2026-05-07T18:45:10.018Z"}
{"level":"info","message":"Running external service ping..."}
{"level":"error","message":"Ping failed: timeout of 10000ms exceeded - 2026-05-07T19:35:10.027Z"}
{"level":"info","message":"Running external service ping..."}
{"level":"error","message":"Ping failed: timeout of 10000ms exceeded - 2026-05-07T20:05:10.054Z"}
{"level":"info","message":"Running external service ping..."}
{"level":"info","message":"Ping successful: 200 - 2026-05-07T20:10:00.877Z"}
{"level":"info","message":"Running external service ping..."}
{"level":"info","message":"Ping successful: 200 - 2026-05-07T20:15:01.240Z"}
{"level":"info","message":"Running external service ping..."}
{"level":"info","message":"Ping successful: 200 - 2026-05-07T20:20:01.182Z"}
{"level":"info","message":"Running external service ping..."}
{"level":"info","message":"Ping successful: 200 - 2026-05-07T20:25:01.307Z"}
{"level":"info","message":"Running external service ping..."}
{"level":"info","message":"Running hourly email journey cron..."}
{"level":"info","message":"Running cleanup job at 2026-05-08T02:00:00.035Z (IST)"}
{"level":"info","message":"Updated 0 non-recurring events to 'past' status"}
{"level":"info","message":"Updated 0 recurring events to 'past' status"}
{"level":"info","message":"Updated 0 bookings to 'expired' status"}
{"level":"info","message":"Ping successful: 200 - 2026-05-07T20:30:01.296Z"}
{"level":"info","message":"Running external service ping..."}
{"level":"error","message":"Ping failed: timeout of 10000ms exceeded - 2026-05-07T22:31:18.366Z"}
{"level":"info","message":"Running external service ping..."}
{"level":"error","message":"Ping failed: timeout of 10000ms exceeded - 2026-05-07T23:25:10.824Z"}
{"level":"info","message":"Running external service ping..."}
{"level":"error","message":"Ping failed: timeout of 10000ms exceeded - 2026-05-08T02:10:10.024Z"}
{"level":"info","message":"Running external service ping..."}
{"level":"error","message":"Ping failed: timeout of 10000ms exceeded - 2026-05-08T04:10:10.024Z"}
{"level":"info","message":"Running external service ping..."}
{"level":"info","message":"Running hourly email journey cron..."}
{"level":"info","message":"Running cleanup job at 2026-05-08T10:00:00.324Z (IST)"}
{"level":"info","message":"Ping successful: 200 - 2026-05-08T04:30:01.541Z"}
{"level":"info","message":"Updated 0 non-recurring events to 'past' status"}
{"level":"info","message":"Updated 0 recurring events to 'past' status"}
{"level":"info","message":"Updated 0 bookings to 'expired' status"}
{"level":"info","message":"Running external service ping..."}
{"level":"error","message":"Ping failed: timeout of 10000ms exceeded - 2026-05-08T05:22:14.285Z"}
{"level":"info","message":"Running external service ping..."}
{"level":"info","message":"Ping successful: 200 - 2026-05-08T05:55:01.179Z"}
{"level":"info","message":"Running external service ping..."}
{"level":"info","message":"Ping successful: 200 - 2026-05-08T06:35:01.217Z"}
{"level":"info","message":"Running external service ping..."}
{"level":"error","message":"Ping failed: timeout of 10000ms exceeded - 2026-05-08T07:35:04.427Z"}
{"level":"info","message":"Running external service ping..."}
{"level":"info","message":"Ping successful: 200 - 2026-05-08T11:00:01.222Z"}
{"level":"info","message":"Running external service ping..."}
{"level":"info","message":"Ping successful: 200 - 2026-05-08T11:40:01.210Z"}
{"level":"info","message":"Running external service ping..."}
{"level":"info","message":"Running hourly email journey cron..."}
{"level":"info","message":"Running cleanup job at 2026-05-08T18:00:00.029Z (IST)"}
{"level":"info","message":"Updated 0 non-recurring events to 'past' status"}
{"level":"info","message":"Updated 0 recurring events to 'past' status"}
{"level":"info","message":"Updated 0 bookings to 'expired' status"}
{"level":"error","message":"Ping failed: timeout of 10000ms exceeded - 2026-05-08T12:45:12.369Z"}
{"level":"info","message":"Running external service ping..."}
{"level":"info","message":"Running cleanup job at 2026-05-08T19:00:00.049Z (IST)"}
{"level":"info","message":"Running hourly email journey cron..."}
{"level":"info","message":"Updated 0 non-recurring events to 'past' status"}
{"level":"info","message":"Updated 0 recurring events to 'past' status"}
{"level":"info","message":"Updated 0 bookings to 'expired' status"}
{"level":"error","message":"Ping failed: timeout of 10000ms exceeded - 2026-05-08T13:30:10.029Z"}
{"level":"info","message":"Running external service ping..."}
{"level":"info","message":"Ping successful: 200 - 2026-05-08T15:25:02.343Z"}
{"level":"info","message":"Running external service ping..."}
{"level":"error","message":"Ping failed: timeout of 10000ms exceeded - 2026-05-08T16:15:03.915Z"}
{"level":"info","message":"Running external service ping..."}
{"level":"info","message":"Ping successful: 200 - 2026-05-08T16:55:01.275Z"}
{"level":"info","message":"Running external service ping..."}
{"level":"info","message":"Ping successful: 200 - 2026-05-08T17:45:01.247Z"}
{"level":"info","message":"Running external service ping..."}
{"level":"info","message":"Ping successful: 200 - 2026-05-08T18:45:01.195Z"}
{"level":"info","message":"Running external service ping..."}
{"level":"info","message":"Ping successful: 200 - 2026-05-08T19:35:01.216Z"}
{"level":"info","message":"Running external service ping..."}
{"level":"error","message":"Ping failed: timeout of 10000ms exceeded - 2026-05-08T21:05:10.041Z"}
{"level":"info","message":"Cron jobs initialized"}
{"level":"info","message":"Cron jobs initialized"}
{"level":"info","message":"Cron jobs initialized"}
{"level":"info","message":"Cron jobs initialized"}
{"level":"info","message":"Cron jobs initialized"}
{"level":"info","message":"Running external service ping..."}
{"level":"info","message":"Ping successful: 200 - 2026-05-08T21:10:01.265Z"}
{"level":"info","message":"Running external service ping..."}
{"level":"info","message":"Ping successful: 200 - 2026-05-08T21:15:01.379Z"}
{"level":"info","message":"Running external service ping..."}
{"level":"info","message":"Ping successful: 200 - 2026-05-08T21:20:01.221Z"}
{"level":"info","message":"Cron jobs initialized"}
{"level":"info","message":"Running external service ping..."}
{"level":"info","message":"Ping successful: 200 - 2026-05-08T21:25:01.146Z"}
{"level":"info","message":"Running cleanup job at 2026-05-09T03:00:00.031Z (IST)"}
{"level":"info","message":"Running hourly email journey cron..."}
{"level":"info","message":"Running external service ping..."}
{"level":"info","message":"Updated 0 non-recurring events to 'past' status"}
{"level":"info","message":"Updated 0 recurring events to 'past' status"}
{"level":"info","message":"Updated 0 bookings to 'expired' status"}
{"level":"info","message":"Ping successful: 200 - 2026-05-08T21:30:01.270Z"}
{"level":"info","message":"Running external service ping..."}
{"level":"info","message":"Ping successful: 200 - 2026-05-08T21:35:01.157Z"}
{"level":"info","message":"Running external service ping..."}
{"level":"info","message":"Ping successful: 200 - 2026-05-08T21:40:01.564Z"}
{"level":"info","message":"Running external service ping..."}
{"level":"info","message":"Ping successful: 200 - 2026-05-08T21:45:01.249Z"}
{"level":"info","message":"Running external service ping..."}
{"level":"info","message":"Ping successful: 200 - 2026-05-08T21:50:01.143Z"}
{"level":"info","message":"Running external service ping..."}
{"level":"info","message":"Ping successful: 200 - 2026-05-08T21:55:02.186Z"}
{"level":"info","message":"Running external service ping..."}
{"level":"info","message":"Ping successful: 200 - 2026-05-08T22:00:01.216Z"}
{"level":"info","message":"Running external service ping..."}
{"level":"info","message":"Ping successful: 200 - 2026-05-08T22:05:01.167Z"}
{"level":"info","message":"Running external service ping..."}
{"level":"info","message":"Ping successful: 200 - 2026-05-08T22:10:01.155Z"}
{"level":"info","message":"Running external service ping..."}
{"level":"info","message":"Ping successful: 200 - 2026-05-08T22:15:01.178Z"}
{"level":"info","message":"Running external service ping..."}
{"level":"info","message":"Ping successful: 200 - 2026-05-08T22:20:01.201Z"}
{"level":"info","message":"Running external service ping..."}
{"level":"info","message":"Ping successful: 200 - 2026-05-08T22:25:01.222Z"}
{"level":"info","message":"Running external service ping..."}
{"level":"info","message":"Ping successful: 200 - 2026-05-08T22:35:02.229Z"}
{"level":"info","message":"Running external service ping..."}
{"level":"info","message":"Ping successful: 200 - 2026-05-08T22:40:01.181Z"}
{"level":"info","message":"Running external service ping..."}
{"level":"info","message":"Ping successful: 200 - 2026-05-08T22:45:01.303Z"}
{"level":"info","message":"Running external service ping..."}
{"level":"info","message":"Ping successful: 200 - 2026-05-08T22:50:00.857Z"}
{"level":"info","message":"Running external service ping..."}
{"level":"info","message":"Ping successful: 200 - 2026-05-08T22:55:01.176Z"}
{"level":"info","message":"Running external service ping..."}
{"level":"info","message":"Ping successful: 200 - 2026-05-08T23:00:01.176Z"}
{"level":"info","message":"Running external service ping..."}
{"level":"info","message":"Ping successful: 200 - 2026-05-08T23:05:01.195Z"}
{"level":"info","message":"Running external service ping..."}
{"level":"info","message":"Ping successful: 200 - 2026-05-08T23:10:01.143Z"}
{"level":"info","message":"Running external service ping..."}
{"level":"info","message":"Ping successful: 200 - 2026-05-08T23:15:02.266Z"}
{"level":"info","message":"Running external service ping..."}
{"level":"info","message":"Ping successful: 200 - 2026-05-08T23:20:00.797Z"}
{"level":"info","message":"Running external service ping..."}
{"level":"info","message":"Ping successful: 200 - 2026-05-08T23:25:01.214Z"}
{"level":"info","message":"Running external service ping..."}
{"level":"info","message":"Ping successful: 200 - 2026-05-08T23:45:00.861Z"}
{"level":"info","message":"Running external service ping..."}
{"level":"error","message":"Ping failed: timeout of 10000ms exceeded - 2026-05-09T00:50:10.023Z"}
{"level":"info","message":"Running external service ping..."}
{"level":"info","message":"Running hourly email journey cron..."}
{"level":"info","message":"Running cleanup job at 2026-05-09T07:00:00.450Z (IST)"}
{"level":"info","message":"Updated 0 non-recurring events to 'past' status"}
{"level":"info","message":"Updated 0 recurring events to 'past' status"}
{"level":"info","message":"Updated 0 bookings to 'expired' status"}
{"level":"info","message":"Ping successful: 200 - 2026-05-09T01:30:02.157Z"}
{"level":"info","message":"Running external service ping..."}
{"level":"error","message":"Ping failed: timeout of 10000ms exceeded - 2026-05-09T03:15:10.022Z"}
{"level":"info","message":"Running external service ping..."}
{"level":"error","message":"Ping failed: timeout of 10000ms exceeded - 2026-05-09T04:10:10.023Z"}
{"level":"info","message":"Running external service ping..."}
{"level":"error","message":"Ping failed: timeout of 10000ms exceeded - 2026-05-09T05:55:10.023Z"}
{"level":"info","message":"Running external service ping..."}
{"level":"error","message":"Ping failed: timeout of 10000ms exceeded - 2026-05-09T08:30:12.380Z"}
{"level":"info","message":"Running external service ping..."}
{"level":"info","message":"Ping successful: 200 - 2026-05-09T09:20:01.349Z"}
{"level":"info","message":"Running external service ping..."}
{"level":"info","message":"Ping successful: 200 - 2026-05-09T10:05:01.178Z"}
{"level":"info","message":"Running external service ping..."}
{"level":"error","message":"Ping failed: timeout of 10000ms exceeded - 2026-05-09T10:40:10.029Z"}
{"level":"info","message":"Running external service ping..."}
{"level":"info","message":"Ping successful: 200 - 2026-05-09T10:45:01.201Z"}
{"level":"info","message":"Running external service ping..."}
{"level":"info","message":"Ping successful: 200 - 2026-05-09T10:50:01.174Z"}
{"level":"info","message":"Running external service ping..."}
{"level":"info","message":"Ping successful: 200 - 2026-05-09T10:55:01.183Z"}
{"level":"info","message":"Running external service ping..."}
{"level":"info","message":"Ping successful: 200 - 2026-05-09T11:00:01.130Z"}
{"level":"info","message":"Running external service ping..."}
{"level":"info","message":"Ping successful: 200 - 2026-05-09T11:05:01.154Z"}
{"level":"info","message":"Running external service ping..."}
{"level":"info","message":"Ping successful: 200 - 2026-05-09T11:10:01.108Z"}
{"level":"info","message":"Running external service ping..."}
{"level":"info","message":"Ping successful: 200 - 2026-05-09T11:15:00.820Z"}
{"level":"info","message":"Running external service ping..."}
{"level":"error","message":"Ping failed: timeout of 10000ms exceeded - 2026-05-09T12:10:10.022Z"}
{"level":"info","message":"Running external service ping..."}
{"level":"error","message":"Ping failed: timeout of 10000ms exceeded - 2026-05-09T13:50:10.022Z"}
{"level":"info","message":"Running external service ping..."}
{"level":"error","message":"Ping failed: timeout of 10000ms exceeded - 2026-05-09T14:40:10.468Z"}
{"level":"info","message":"Running external service ping..."}
{"level":"error","message":"Ping failed: timeout of 10000ms exceeded - 2026-05-09T15:30:12.503Z"}
{"level":"info","message":"Running external service ping..."}
{"level":"error","message":"Ping failed: timeout of 10000ms exceeded - 2026-05-09T17:20:10.025Z"}
{"level":"info","message":"Running external service ping..."}
{"level":"info","message":"Running hourly email journey cron..."}
{"level":"info","message":"Running cleanup job at 2026-05-10T00:00:00.078Z (IST)"}
{"level":"info","message":"Updated 0 non-recurring events to 'past' status"}
{"level":"info","message":"Updated 0 recurring events to 'past' status"}
{"level":"info","message":"Updated 0 bookings to 'expired' status"}
{"level":"error","message":"Ping failed: timeout of 10000ms exceeded - 2026-05-09T18:30:10.026Z"}
{"level":"info","message":"Running external service ping..."}
{"level":"info","message":"Ping successful: 200 - 2026-05-09T18:35:01.190Z"}
{"level":"info","message":"Running external service ping..."}
{"level":"info","message":"Ping successful: 200 - 2026-05-09T18:40:01.179Z"}
{"level":"info","message":"Running external service ping..."}
{"level":"info","message":"Ping successful: 200 - 2026-05-09T18:45:01.334Z"}
{"level":"info","message":"Running external service ping..."}
{"level":"info","message":"Ping successful: 200 - 2026-05-09T18:50:01.272Z"}
{"level":"info","message":"Running external service ping..."}
{"level":"info","message":"Ping successful: 200 - 2026-05-09T18:55:01.169Z"}
{"level":"info","message":"Running external service ping..."}
{"level":"info","message":"Ping successful: 200 - 2026-05-09T19:25:01.497Z"}
{"level":"info","message":"Running external service ping..."}
{"level":"info","message":"Running hourly email journey cron..."}
{"level":"info","message":"Running cleanup job at 2026-05-10T01:00:00.053Z (IST)"}
{"level":"info","message":"Updated 0 non-recurring events to 'past' status"}
{"level":"info","message":"Updated 0 recurring events to 'past' status"}
{"level":"info","message":"Updated 0 bookings to 'expired' status"}
{"level":"info","message":"Ping successful: 200 - 2026-05-09T19:30:00.799Z"}
{"level":"info","message":"Running external service ping..."}
{"level":"info","message":"Ping successful: 200 - 2026-05-09T19:35:00.885Z"}
{"level":"info","message":"Running external service ping..."}
{"level":"info","message":"Ping successful: 200 - 2026-05-09T19:40:01.391Z"}
{"level":"info","message":"Running external service ping..."}
{"level":"info","message":"Ping successful: 200 - 2026-05-09T19:45:01.156Z"}
{"level":"info","message":"Running external service ping..."}
{"level":"info","message":"Ping successful: 200 - 2026-05-09T19:50:01.174Z"}
{"level":"info","message":"Running external service ping..."}
{"level":"info","message":"Ping successful: 200 - 2026-05-09T20:05:01.915Z"}
{"level":"info","message":"Running external service ping..."}
{"level":"error","message":"Ping failed: timeout of 10000ms exceeded - 2026-05-09T20:50:10.034Z"}
{"level":"info","message":"Running external service ping..."}
{"level":"info","message":"Ping successful: 200 - 2026-05-09T20:55:01.170Z"}
{"level":"info","message":"Running external service ping..."}
{"level":"info","message":"Ping successful: 200 - 2026-05-09T21:00:01.315Z"}
{"level":"info","message":"Running external service ping..."}
{"level":"info","message":"Ping successful: 200 - 2026-05-09T21:05:01.280Z"}
{"level":"info","message":"Running external service ping..."}
{"level":"info","message":"Ping successful: 200 - 2026-05-09T21:10:01.414Z"}
{"level":"info","message":"Running external service ping..."}
{"level":"info","message":"Ping successful: 200 - 2026-05-09T21:15:00.929Z"}
{"level":"info","message":"Running external service ping..."}
{"level":"info","message":"Ping successful: 200 - 2026-05-09T21:20:01.163Z"}
{"level":"info","message":"Running external service ping..."}
{"level":"info","message":"Ping successful: 200 - 2026-05-09T21:25:01.415Z"}
{"level":"info","message":"Running external service ping..."}
{"level":"info","message":"Running hourly email journey cron..."}
{"level":"info","message":"Running cleanup job at 2026-05-10T03:00:00.154Z (IST)"}
{"level":"info","message":"Updated 0 non-recurring events to 'past' status"}
{"level":"info","message":"Updated 0 recurring events to 'past' status"}
{"level":"info","message":"Ping successful: 200 - 2026-05-09T21:30:00.815Z"}
{"level":"info","message":"Updated 0 bookings to 'expired' status"}
{"level":"info","message":"Running external service ping..."}
{"level":"info","message":"Ping successful: 200 - 2026-05-09T21:35:01.501Z"}
{"level":"info","message":"Running external service ping..."}
{"level":"info","message":"Ping successful: 200 - 2026-05-09T21:40:01.227Z"}
{"level":"info","message":"Running external service ping..."}
{"level":"info","message":"Ping successful: 200 - 2026-05-09T21:45:01.148Z"}
{"level":"info","message":"Running external service ping..."}
{"level":"info","message":"Ping successful: 200 - 2026-05-09T21:55:01.317Z"}
{"level":"info","message":"Running external service ping..."}
{"level":"info","message":"Ping successful: 200 - 2026-05-09T22:00:00.841Z"}
{"level":"info","message":"Running external service ping..."}
{"level":"info","message":"Ping successful: 200 - 2026-05-09T22:05:01.166Z"}
{"level":"info","message":"Running external service ping..."}
{"level":"info","message":"Ping successful: 200 - 2026-05-09T22:10:01.165Z"}
{"level":"info","message":"Running external service ping..."}
{"level":"info","message":"Ping successful: 200 - 2026-05-09T22:15:01.124Z"}
{"level":"info","message":"Running external service ping..."}
{"level":"info","message":"Ping successful: 200 - 2026-05-09T22:20:00.876Z"}
{"level":"info","message":"Running external service ping..."}
{"level":"info","message":"Ping successful: 200 - 2026-05-09T22:25:01.207Z"}
{"level":"info","message":"Running external service ping..."}
{"level":"info","message":"Running hourly email journey cron..."}
{"level":"info","message":"Running cleanup job at 2026-05-10T04:00:00.081Z (IST)"}
{"level":"info","message":"Updated 0 non-recurring events to 'past' status"}
{"level":"info","message":"Updated 0 recurring events to 'past' status"}
{"level":"info","message":"Updated 0 bookings to 'expired' status"}
{"level":"info","message":"Ping successful: 200 - 2026-05-09T22:30:01.499Z"}
{"level":"info","message":"Running external service ping..."}
{"level":"info","message":"Ping successful: 200 - 2026-05-09T22:35:02.194Z"}
{"level":"info","message":"Running external service ping..."}
{"level":"error","message":"Ping failed: timeout of 10000ms exceeded - 2026-05-09T23:20:10.018Z"}
{"level":"info","message":"Running external service ping..."}
{"level":"info","message":"Running hourly email journey cron..."}
{"level":"info","message":"Running cleanup job at 2026-05-10T06:00:00.177Z (IST)"}
{"level":"info","message":"Updated 0 non-recurring events to 'past' status"}
{"level":"info","message":"Updated 0 recurring events to 'past' status"}
{"level":"info","message":"Updated 0 bookings to 'expired' status"}
{"level":"info","message":"Ping successful: 200 - 2026-05-10T00:30:01.331Z"}
{"level":"info","message":"Running external service ping..."}
{"level":"error","message":"Ping failed: timeout of 10000ms exceeded - 2026-05-10T01:15:10.034Z"}
{"level":"info","message":"Running external service ping..."}
{"level":"info","message":"Ping successful: 200 - 2026-05-10T01:55:01.245Z"}
{"level":"info","message":"Running external service ping..."}
{"level":"error","message":"Ping failed: timeout of 10000ms exceeded - 2026-05-10T02:20:10.023Z"}
{"level":"info","message":"Running external service ping..."}
{"level":"error","message":"Ping failed: timeout of 10000ms exceeded - 2026-05-10T04:25:10.012Z"}
{"level":"info","message":"Running external service ping..."}
{"level":"info","message":"Ping successful: 200 - 2026-05-10T05:35:01.211Z"}
{"level":"info","message":"Running external service ping..."}
{"level":"error","message":"Ping failed: timeout of 10000ms exceeded - 2026-05-10T06:40:10.019Z"}
{"level":"info","message":"Running external service ping..."}
{"level":"error","message":"Ping failed: timeout of 10000ms exceeded - 2026-05-10T07:45:10.026Z"}
{"level":"info","message":"Running external service ping..."}
{"level":"info","message":"Ping successful: 200 - 2026-05-10T07:50:01.208Z"}
{"level":"info","message":"Running external service ping..."}
{"level":"info","message":"Ping successful: 200 - 2026-05-10T07:55:01.203Z"}
{"level":"info","message":"Running external service ping..."}
{"level":"info","message":"Ping successful: 200 - 2026-05-10T08:00:00.888Z"}
{"level":"info","message":"Running external service ping..."}
{"level":"info","message":"Ping successful: 200 - 2026-05-10T08:05:01.281Z"}
{"level":"info","message":"Running external service ping..."}
{"level":"info","message":"Ping successful: 200 - 2026-05-10T08:10:00.822Z"}
{"level":"info","message":"Running external service ping..."}
{"level":"info","message":"Ping successful: 200 - 2026-05-10T08:15:01.147Z"}
{"level":"info","message":"Running external service ping..."}
{"level":"info","message":"Ping successful: 200 - 2026-05-10T08:20:01.322Z"}
{"level":"info","message":"Running external service ping..."}
{"level":"info","message":"Ping successful: 200 - 2026-05-10T08:25:01.181Z"}
{"level":"info","message":"Running external service ping..."}
{"level":"info","message":"Running hourly email journey cron..."}
{"level":"info","message":"Running cleanup job at 2026-05-10T14:00:00.037Z (IST)"}
{"level":"info","message":"Updated 0 non-recurring events to 'past' status"}
{"level":"info","message":"Updated 0 recurring events to 'past' status"}
{"level":"info","message":"Updated 0 bookings to 'expired' status"}
{"level":"info","message":"Ping successful: 200 - 2026-05-10T08:30:01.226Z"}
{"level":"info","message":"Running external service ping..."}
{"level":"error","message":"Ping failed: timeout of 10000ms exceeded - 2026-05-10T09:15:10.035Z"}
{"level":"info","message":"Running external service ping..."}
{"level":"error","message":"Ping failed: timeout of 10000ms exceeded - 2026-05-10T10:11:51.404Z"}
{"level":"info","message":"Running external service ping..."}
{"level":"info","message":"Ping successful: 200 - 2026-05-10T10:55:00.851Z"}
{"level":"info","message":"Running external service ping..."}
{"level":"error","message":"Ping failed: timeout of 10000ms exceeded - 2026-05-10T11:35:10.031Z"}
{"level":"info","message":"Running external service ping..."}
{"level":"info","message":"Ping successful: 200 - 2026-05-10T12:25:01.250Z"}
{"level":"info","message":"Running external service ping..."}
{"level":"error","message":"Ping failed: timeout of 10000ms exceeded - 2026-05-10T13:15:10.025Z"}
{"level":"info","message":"Running external service ping..."}
{"level":"error","message":"Ping failed: getaddrinfo ENOTFOUND mnkhan.onrender.com - 2026-05-10T14:10:00.025Z"}
{"level":"info","message":"Running external service ping..."}
{"level":"error","message":"Ping failed: timeout of 10000ms exceeded - 2026-05-10T15:25:10.027Z"}
{"level":"info","message":"Running external service ping..."}
{"level":"info","message":"Running cleanup job at 2026-05-10T21:00:00.071Z (IST)"}
{"level":"info","message":"Running hourly email journey cron..."}
{"level":"info","message":"Updated 0 non-recurring events to 'past' status"}
{"level":"info","message":"Updated 0 recurring events to 'past' status"}
{"level":"info","message":"Updated 0 bookings to 'expired' status"}
{"level":"info","message":"Ping successful: 200 - 2026-05-10T15:30:01.425Z"}
{"level":"info","message":"Running external service ping..."}
{"level":"info","message":"Ping successful: 200 - 2026-05-10T15:40:01.000Z"}
{"level":"info","message":"Running external service ping..."}
{"level":"info","message":"Ping successful: 200 - 2026-05-10T15:45:01.039Z"}
{"level":"info","message":"Running external service ping..."}
{"level":"info","message":"Ping successful: 200 - 2026-05-10T15:55:01.275Z"}
{"level":"info","message":"Running external service ping..."}
{"level":"info","message":"Ping successful: 200 - 2026-05-10T16:00:01.232Z"}
{"level":"info","message":"Running external service ping..."}
{"level":"info","message":"Ping successful: 200 - 2026-05-10T16:05:01.579Z"}
{"level":"info","message":"Running external service ping..."}
{"level":"info","message":"Ping successful: 200 - 2026-05-10T16:10:01.313Z"}
{"level":"info","message":"Running external service ping..."}
{"level":"info","message":"Ping successful: 200 - 2026-05-10T16:15:01.267Z"}
{"level":"info","message":"Running external service ping..."}
{"level":"info","message":"Ping successful: 200 - 2026-05-10T16:20:01.277Z"}
{"level":"info","message":"Running external service ping..."}
{"level":"info","message":"Ping successful: 200 - 2026-05-10T16:25:01.081Z"}
{"level":"info","message":"Running external service ping..."}
{"level":"error","message":"Ping failed: timeout of 10000ms exceeded - 2026-05-10T16:40:10.034Z"}
{"level":"info","message":"Running external service ping..."}
{"level":"info","message":"Ping successful: 200 - 2026-05-10T17:00:01.398Z"}
{"level":"info","message":"Running external service ping..."}
{"level":"error","message":"Ping failed: timeout of 10000ms exceeded - 2026-05-10T18:45:20.646Z"}
{"level":"info","message":"Running external service ping..."}
{"level":"info","message":"Ping successful: 200 - 2026-05-10T19:20:02.449Z"}
{"level":"info","message":"Running external service ping..."}
{"level":"info","message":"Ping successful: 200 - 2026-05-10T19:25:01.223Z"}
{"level":"info","message":"Running cleanup job at 2026-05-11T01:00:00.033Z (IST)"}
{"level":"info","message":"Running hourly email journey cron..."}
{"level":"info","message":"Running external service ping..."}
{"level":"info","message":"Updated 1 non-recurring events to 'past' status"}
{"level":"info","message":"Updated 0 recurring events to 'past' status"}
{"level":"info","message":"Updated 1 bookings to 'expired' status"}
{"level":"info","message":"Ping successful: 200 - 2026-05-10T19:30:00.939Z"}
{"level":"info","message":"Running external service ping..."}
{"level":"info","message":"Ping successful: 200 - 2026-05-10T19:35:01.429Z"}
{"level":"info","message":"Running external service ping..."}
{"level":"error","message":"Ping failed: timeout of 10000ms exceeded - 2026-05-10T20:00:10.067Z"}
{"level":"info","message":"Running external service ping..."}
{"level":"info","message":"Ping successful: 200 - 2026-05-10T20:05:01.049Z"}
{"level":"info","message":"Running external service ping..."}
{"level":"info","message":"Ping successful: 200 - 2026-05-10T20:10:00.858Z"}
{"level":"info","message":"Running external service ping..."}
{"level":"info","message":"Ping successful: 200 - 2026-05-10T20:15:01.219Z"}
{"level":"info","message":"Running external service ping..."}
{"level":"info","message":"Ping successful: 200 - 2026-05-10T20:20:01.380Z"}
{"level":"info","message":"Running external service ping..."}
{"level":"info","message":"Ping successful: 200 - 2026-05-10T20:25:01.273Z"}
{"level":"info","message":"Running external service ping..."}
{"level":"info","message":"Running hourly email journey cron..."}
{"level":"info","message":"Running cleanup job at 2026-05-11T02:00:00.100Z (IST)"}
{"level":"info","message":"Ping successful: 200 - 2026-05-10T20:30:00.881Z"}
{"level":"info","message":"Updated 0 non-recurring events to 'past' status"}
{"level":"info","message":"Updated 0 recurring events to 'past' status"}
{"level":"info","message":"Updated 0 bookings to 'expired' status"}
{"level":"info","message":"Running external service ping..."}
{"level":"info","message":"Ping successful: 200 - 2026-05-10T20:35:01.276Z"}
{"level":"info","message":"Running external service ping..."}
{"level":"info","message":"Ping successful: 200 - 2026-05-10T20:40:01.203Z"}
{"level":"info","message":"Running external service ping..."}
{"level":"info","message":"Ping successful: 200 - 2026-05-10T20:45:01.551Z"}
{"level":"info","message":"Running external service ping..."}
{"level":"info","message":"Ping successful: 200 - 2026-05-10T20:50:01.251Z"}
{"level":"info","message":"Running external service ping..."}
{"level":"info","message":"Ping successful: 200 - 2026-05-10T20:55:01.184Z"}
{"level":"info","message":"Running external service ping..."}
{"level":"info","message":"Ping successful: 200 - 2026-05-10T21:00:01.255Z"}
{"level":"info","message":"Running external service ping..."}
{"level":"info","message":"Ping successful: 200 - 2026-05-10T21:05:01.164Z"}
{"level":"info","message":"Running external service ping..."}
{"level":"info","message":"Ping successful: 200 - 2026-05-10T21:10:01.227Z"}
{"level":"info","message":"Running external service ping..."}
{"level":"info","message":"Ping successful: 200 - 2026-05-10T21:15:02.381Z"}
{"level":"info","message":"Running external service ping..."}
{"level":"info","message":"Ping successful: 200 - 2026-05-10T21:20:01.177Z"}
{"level":"info","message":"Running external service ping..."}
{"level":"info","message":"Ping successful: 200 - 2026-05-10T21:25:01.187Z"}
{"level":"info","message":"Running external service ping..."}
{"level":"info","message":"Running hourly email journey cron..."}
{"level":"info","message":"Running cleanup job at 2026-05-11T03:00:00.059Z (IST)"}
{"level":"info","message":"Updated 0 non-recurring events to 'past' status"}
{"level":"info","message":"Updated 0 recurring events to 'past' status"}
{"level":"info","message":"Updated 0 bookings to 'expired' status"}
{"level":"info","message":"Ping successful: 200 - 2026-05-10T21:30:01.266Z"}
{"level":"info","message":"Running external service ping..."}
{"level":"info","message":"Ping successful: 200 - 2026-05-10T21:35:01.195Z"}
{"level":"info","message":"Running external service ping..."}
{"level":"info","message":"Ping successful: 200 - 2026-05-10T21:40:00.793Z"}
{"level":"info","message":"Running external service ping..."}
{"level":"info","message":"Ping successful: 200 - 2026-05-10T21:45:01.125Z"}
{"level":"info","message":"Running external service ping..."}
{"level":"info","message":"Ping successful: 200 - 2026-05-10T21:50:01.370Z"}
{"level":"info","message":"Running external service ping..."}
{"level":"info","message":"Ping successful: 200 - 2026-05-10T21:55:00.884Z"}
{"level":"info","message":"Running external service ping..."}
{"level":"info","message":"Ping successful: 200 - 2026-05-10T22:00:01.140Z"}
{"level":"info","message":"Running external service ping..."}
{"level":"info","message":"Ping successful: 200 - 2026-05-10T22:05:01.150Z"}
{"level":"info","message":"Running external service ping..."}
{"level":"info","message":"Ping successful: 200 - 2026-05-10T22:10:03.673Z"}
{"level":"info","message":"Running external service ping..."}
{"level":"info","message":"Ping successful: 200 - 2026-05-10T22:55:01.193Z"}
{"level":"info","message":"Running external service ping..."}
{"level":"error","message":"Ping failed: timeout of 10000ms exceeded - 2026-05-11T00:10:17.274Z"}
{"level":"info","message":"Running external service ping..."}
{"level":"error","message":"Ping failed: timeout of 10000ms exceeded - 2026-05-11T01:15:05.268Z"}
{"level":"info","message":"Running external service ping..."}
{"level":"error","message":"Ping failed: timeout of 10000ms exceeded - 2026-05-11T02:15:10.029Z"}
{"level":"info","message":"Running external service ping..."}
{"level":"info","message":"Running cleanup job at 2026-05-11T10:00:00.591Z (IST)"}
{"level":"info","message":"Running hourly email journey cron..."}
{"level":"error","message":"Ping failed: getaddrinfo ENOTFOUND mnkhan.onrender.com - 2026-05-11T04:30:01.137Z"}
{"level":"info","message":"Updated 0 non-recurring events to 'past' status"}
{"level":"info","message":"Updated 0 recurring events to 'past' status"}
{"level":"info","message":"Updated 0 bookings to 'expired' status"}
{"level":"info","message":"Running external service ping..."}
{"level":"info","message":"Ping successful: 200 - 2026-05-11T05:15:01.220Z"}
{"level":"info","message":"Running external service ping..."}
{"level":"info","message":"Ping successful: 200 - 2026-05-11T07:35:01.392Z"}
{"level":"info","message":"Running external service ping..."}
{"level":"info","message":"Ping successful: 200 - 2026-05-11T07:55:00.917Z"}
{"level":"info","message":"Running external service ping..."}
{"level":"info","message":"Ping successful: 200 - 2026-05-11T08:00:01.037Z"}
{"level":"info","message":"Running external service ping..."}
{"level":"info","message":"Ping successful: 200 - 2026-05-11T08:05:00.867Z"}
{"level":"info","message":"Running external service ping..."}
{"level":"info","message":"Ping successful: 200 - 2026-05-11T08:10:01.179Z"}
{"level":"info","message":"Running external service ping..."}
{"level":"info","message":"Ping successful: 200 - 2026-05-11T08:15:01.285Z"}
{"level":"info","message":"Running external service ping..."}
{"level":"info","message":"Ping successful: 200 - 2026-05-11T08:20:01.136Z"}
{"level":"info","message":"Running external service ping..."}
{"level":"info","message":"Ping successful: 200 - 2026-05-11T08:25:01.413Z"}
{"level":"info","message":"Running external service ping..."}
{"level":"info","message":"Running hourly email journey cron..."}
{"level":"info","message":"Running cleanup job at 2026-05-11T14:00:00.069Z (IST)"}
{"level":"info","message":"Updated 0 non-recurring events to 'past' status"}
{"level":"info","message":"Updated 0 recurring events to 'past' status"}
{"level":"info","message":"Updated 0 bookings to 'expired' status"}
{"level":"info","message":"Ping successful: 200 - 2026-05-11T08:30:01.257Z"}
{"level":"info","message":"Running external service ping..."}
{"level":"info","message":"Ping successful: 200 - 2026-05-11T08:45:01.425Z"}
{"level":"info","message":"Running external service ping..."}
{"level":"info","message":"Ping successful: 200 - 2026-05-11T09:50:01.193Z"}
{"level":"info","message":"Running external service ping..."}
{"level":"error","message":"Ping failed: timeout of 10000ms exceeded - 2026-05-11T12:05:10.028Z"}
{"level":"info","message":"Running external service ping..."}
{"level":"info","message":"Running hourly email journey cron..."}
{"level":"info","message":"Running cleanup job at 2026-05-11T18:00:00.039Z (IST)"}
{"level":"info","message":"Updated 0 non-recurring events to 'past' status"}
{"level":"info","message":"Updated 0 recurring events to 'past' status"}
{"level":"info","message":"Updated 0 bookings to 'expired' status"}
{"level":"info","message":"Ping successful: 200 - 2026-05-11T12:30:01.287Z"}
{"level":"info","message":"Running external service ping..."}
{"level":"info","message":"Ping successful: 200 - 2026-05-11T13:00:00.895Z"}
{"level":"info","message":"Running external service ping..."}
{"level":"info","message":"Ping successful: 200 - 2026-05-11T13:50:01.195Z"}
{"level":"info","message":"Running external service ping..."}
{"level":"info","message":"Ping successful: 200 - 2026-05-11T14:40:01.209Z"}
{"level":"info","message":"Running external service ping..."}
{"level":"error","message":"Ping failed: timeout of 10000ms exceeded - 2026-05-11T15:40:10.040Z"}
{"level":"info","message":"Running external service ping..."}
{"level":"error","message":"Ping failed: timeout of 10000ms exceeded - 2026-05-11T16:15:10.039Z"}
{"level":"info","message":"Running external service ping..."}
{"level":"error","message":"Ping failed: timeout of 10000ms exceeded - 2026-05-11T17:25:10.044Z"}
{"level":"info","message":"Running external service ping..."}
{"level":"error","message":"Ping failed: timeout of 10000ms exceeded - 2026-05-11T18:25:10.030Z"}
{"level":"info","message":"Running external service ping..."}
{"level":"info","message":"Ping successful: 200 - 2026-05-11T19:05:00.997Z"}
{"level":"info","message":"Running external service ping..."}
{"level":"error","message":"Ping failed: timeout of 10000ms exceeded - 2026-05-11T20:05:13.736Z"}
{"level":"info","message":"Running external service ping..."}
{"level":"error","message":"Ping failed: timeout of 10000ms exceeded - 2026-05-11T20:45:10.034Z"}
{"level":"info","message":"Running external service ping..."}
{"level":"info","message":"Ping successful: 200 - 2026-05-11T20:50:01.136Z"}
{"level":"info","message":"Running external service ping..."}
{"level":"info","message":"Ping successful: 200 - 2026-05-11T20:55:01.150Z"}
{"level":"info","message":"Running external service ping..."}
{"level":"info","message":"Ping successful: 200 - 2026-05-11T21:00:02.341Z"}
{"level":"info","message":"Running external service ping..."}
{"level":"info","message":"Ping successful: 200 - 2026-05-11T21:05:01.041Z"}
{"level":"info","message":"Running external service ping..."}
{"level":"info","message":"Ping successful: 200 - 2026-05-11T21:10:01.344Z"}
{"level":"info","message":"Running external service ping..."}
{"level":"info","message":"Ping successful: 200 - 2026-05-11T21:15:02.233Z"}
{"level":"info","message":"Running external service ping..."}
{"level":"info","message":"Ping successful: 200 - 2026-05-11T21:20:01.158Z"}
{"level":"info","message":"Running external service ping..."}
{"level":"info","message":"Ping successful: 200 - 2026-05-11T21:25:01.195Z"}
{"level":"info","message":"Running hourly email journey cron..."}
{"level":"info","message":"Running external service ping..."}
{"level":"info","message":"Running cleanup job at 2026-05-12T03:00:00.034Z (IST)"}
{"level":"info","message":"Updated 0 non-recurring events to 'past' status"}
{"level":"info","message":"Updated 0 recurring events to 'past' status"}
{"level":"info","message":"Updated 0 bookings to 'expired' status"}
{"level":"info","message":"Ping successful: 200 - 2026-05-11T21:30:02.324Z"}
{"level":"info","message":"Running external service ping..."}
{"level":"info","message":"Ping successful: 200 - 2026-05-11T23:45:01.282Z"}
{"level":"info","message":"Running cleanup job at 2026-05-12T07:00:00.024Z (IST)"}
{"level":"info","message":"Running external service ping..."}
{"level":"info","message":"Running hourly email journey cron..."}
{"level":"info","message":"Updated 0 non-recurring events to 'past' status"}
{"level":"info","message":"Updated 0 recurring events to 'past' status"}
{"level":"info","message":"Updated 0 bookings to 'expired' status"}
{"level":"info","message":"Ping successful: 200 - 2026-05-12T01:30:01.222Z"}
{"level":"info","message":"Running external service ping..."}
{"level":"error","message":"Ping failed: timeout of 10000ms exceeded - 2026-05-12T02:35:10.027Z"}
{"level":"info","message":"Running external service ping..."}
{"level":"error","message":"Ping failed: timeout of 10000ms exceeded - 2026-05-12T03:45:10.754Z"}
{"level":"info","message":"Running hourly email journey cron..."}
{"level":"info","message":"Running cleanup job at 2026-05-12T10:00:00.515Z (IST)"}
{"level":"info","message":"Running external service ping..."}
{"level":"info","message":"Ping successful: 200 - 2026-05-12T04:30:02.992Z"}
{"level":"info","message":"Updated 0 non-recurring events to 'past' status"}
{"level":"info","message":"Updated 0 recurring events to 'past' status"}
{"level":"info","message":"Updated 0 bookings to 'expired' status"}
{"level":"info","message":"Running external service ping..."}
{"level":"info","message":"Ping successful: 200 - 2026-05-12T05:25:01.199Z"}
{"level":"info","message":"Running external service ping..."}
{"level":"info","message":"Ping successful: 200 - 2026-05-12T07:20:01.479Z"}
{"level":"info","message":"Running external service ping..."}
{"level":"info","message":"Ping successful: 200 - 2026-05-12T08:10:01.130Z"}
{"level":"info","message":"Running external service ping..."}
{"level":"info","message":"Ping successful: 200 - 2026-05-12T09:00:01.180Z"}
{"level":"info","message":"Running external service ping..."}
{"level":"info","message":"Ping successful: 200 - 2026-05-12T09:50:00.925Z"}
{"level":"info","message":"Running external service ping..."}
{"level":"info","message":"Ping successful: 200 - 2026-05-12T10:40:02.234Z"}
{"level":"info","message":"Running external service ping..."}
{"level":"info","message":"Running cleanup job at 2026-05-12T18:00:00.506Z (IST)"}
{"level":"info","message":"Running hourly email journey cron..."}
{"level":"info","message":"Updated 0 non-recurring events to 'past' status"}
{"level":"info","message":"Updated 0 recurring events to 'past' status"}
{"level":"info","message":"Updated 0 bookings to 'expired' status"}
{"level":"info","message":"Ping successful: 200 - 2026-05-12T12:30:02.094Z"}
{"level":"info","message":"Running external service ping..."}
{"level":"error","message":"Ping failed: timeout of 10000ms exceeded - 2026-05-12T13:25:10.036Z"}
{"level":"info","message":"Running external service ping..."}
{"level":"error","message":"Ping failed: timeout of 10000ms exceeded - 2026-05-12T15:05:10.025Z"}
{"level":"info","message":"Running external service ping..."}
{"level":"error","message":"Ping failed: timeout of 10000ms exceeded - 2026-05-12T15:55:10.036Z"}
{"level":"info","message":"Running external service ping..."}
{"level":"error","message":"Ping failed: timeout of 10000ms exceeded - 2026-05-12T16:45:10.048Z"}
{"level":"info","message":"Running external service ping..."}
{"level":"error","message":"Ping failed: timeout of 10000ms exceeded - 2026-05-12T17:55:10.025Z"}
{"level":"info","message":"Running external service ping..."}
{"level":"error","message":"Ping failed: timeout of 10000ms exceeded - 2026-05-12T18:35:10.618Z"}
{"level":"info","message":"Running external service ping..."}
{"level":"error","message":"Ping failed: timeout of 10000ms exceeded - 2026-05-12T19:50:10.023Z"}
{"level":"info","message":"Running external service ping..."}
{"level":"info","message":"Ping successful: 200 - 2026-05-12T19:55:01.212Z"}
{"level":"info","message":"Running external service ping..."}
{"level":"info","message":"Ping successful: 200 - 2026-05-12T20:00:01.189Z"}
{"level":"info","message":"Running external service ping..."}
{"level":"info","message":"Ping successful: 200 - 2026-05-12T20:05:01.157Z"}
{"level":"info","message":"Running external service ping..."}
{"level":"error","message":"Ping failed: timeout of 10000ms exceeded - 2026-05-12T20:10:10.036Z"}
{"level":"info","message":"Running external service ping..."}
{"level":"info","message":"Ping successful: 200 - 2026-05-12T20:15:01.120Z"}
{"level":"info","message":"Running external service ping..."}
{"level":"info","message":"Ping successful: 200 - 2026-05-12T20:25:01.175Z"}
{"level":"info","message":"Running external service ping..."}
{"level":"info","message":"Running hourly email journey cron..."}
{"level":"info","message":"Running cleanup job at 2026-05-13T02:00:00.039Z (IST)"}
{"level":"info","message":"Updated 0 non-recurring events to 'past' status"}
{"level":"info","message":"Updated 0 recurring events to 'past' status"}
{"level":"info","message":"Updated 0 bookings to 'expired' status"}
{"level":"info","message":"Ping successful: 200 - 2026-05-12T20:30:01.152Z"}
{"level":"info","message":"Running external service ping..."}
{"level":"info","message":"Ping successful: 200 - 2026-05-12T20:35:01.212Z"}
{"level":"info","message":"Running external service ping..."}
{"level":"info","message":"Ping successful: 200 - 2026-05-12T20:40:01.154Z"}
{"level":"info","message":"Running external service ping..."}
{"level":"info","message":"Ping successful: 200 - 2026-05-12T20:45:00.969Z"}
{"level":"info","message":"Running external service ping..."}
{"level":"info","message":"Ping successful: 200 - 2026-05-12T20:50:01.140Z"}
{"level":"info","message":"Running external service ping..."}
{"level":"info","message":"Ping successful: 200 - 2026-05-12T20:55:00.840Z"}
{"level":"info","message":"Running external service ping..."}
{"level":"info","message":"Ping successful: 200 - 2026-05-12T21:00:01.149Z"}
{"level":"info","message":"Running external service ping..."}
{"level":"info","message":"Ping successful: 200 - 2026-05-12T21:05:01.173Z"}
{"level":"info","message":"Running external service ping..."}
{"level":"info","message":"Ping successful: 200 - 2026-05-12T21:10:01.252Z"}
{"level":"info","message":"Running external service ping..."}
{"level":"info","message":"Ping successful: 200 - 2026-05-12T21:15:01.200Z"}
{"level":"info","message":"Running external service ping..."}
{"level":"info","message":"Ping successful: 200 - 2026-05-12T21:20:01.191Z"}
{"level":"info","message":"Running external service ping..."}
{"level":"info","message":"Ping successful: 200 - 2026-05-12T21:25:01.319Z"}
{"level":"info","message":"Running external service ping..."}
{"level":"info","message":"Running hourly email journey cron..."}
{"level":"info","message":"Running cleanup job at 2026-05-13T03:00:00.054Z (IST)"}
{"level":"info","message":"Updated 0 non-recurring events to 'past' status"}
{"level":"info","message":"Updated 0 recurring events to 'past' status"}
{"level":"info","message":"Updated 0 bookings to 'expired' status"}
{"level":"info","message":"Ping successful: 200 - 2026-05-12T21:30:01.363Z"}
{"level":"info","message":"Running external service ping..."}
{"level":"info","message":"Ping successful: 200 - 2026-05-12T21:35:01.002Z"}
{"level":"info","message":"Running external service ping..."}
{"level":"info","message":"Ping successful: 200 - 2026-05-12T21:40:01.351Z"}
{"level":"info","message":"Running external service ping..."}
{"level":"info","message":"Ping successful: 200 - 2026-05-12T21:45:01.184Z"}
{"level":"info","message":"Running external service ping..."}
{"level":"info","message":"Ping successful: 200 - 2026-05-12T22:05:01.199Z"}
{"level":"info","message":"Running external service ping..."}
{"level":"info","message":"Ping successful: 200 - 2026-05-12T22:15:01.234Z"}
{"level":"info","message":"Running external service ping..."}
{"level":"info","message":"Ping successful: 200 - 2026-05-12T22:20:01.612Z"}
{"level":"info","message":"Running external service ping..."}
{"level":"info","message":"Ping successful: 200 - 2026-05-12T22:25:01.291Z"}
{"level":"info","message":"Running hourly email journey cron..."}
{"level":"info","message":"Running cleanup job at 2026-05-13T04:00:00.041Z (IST)"}
{"level":"info","message":"Running external service ping..."}
{"level":"info","message":"Updated 0 non-recurring events to 'past' status"}
{"level":"info","message":"Updated 0 recurring events to 'past' status"}
{"level":"info","message":"Updated 0 bookings to 'expired' status"}
{"level":"info","message":"Ping successful: 200 - 2026-05-12T22:30:01.219Z"}
{"level":"info","message":"Running external service ping..."}
{"level":"info","message":"Ping successful: 200 - 2026-05-12T22:35:01.290Z"}
{"level":"info","message":"Running external service ping..."}
{"level":"info","message":"Ping successful: 200 - 2026-05-12T22:40:01.246Z"}
{"level":"info","message":"Running external service ping..."}
{"level":"info","message":"Ping successful: 200 - 2026-05-12T22:45:01.266Z"}
{"level":"info","message":"Running external service ping..."}
{"level":"info","message":"Ping successful: 200 - 2026-05-12T22:50:04.280Z"}
{"level":"info","message":"Running external service ping..."}
{"level":"info","message":"Ping successful: 200 - 2026-05-12T23:05:01.189Z"}
{"level":"info","message":"Running external service ping..."}
{"level":"info","message":"Ping successful: 200 - 2026-05-13T00:10:01.321Z"}
{"level":"info","message":"Running external service ping..."}
{"level":"error","message":"Ping failed: timeout of 10000ms exceeded - 2026-05-13T01:50:10.033Z"}
{"level":"info","message":"Running cleanup job at 2026-05-13T08:00:00.023Z (IST)"}
{"level":"info","message":"Running hourly email journey cron..."}
{"level":"info","message":"Running external service ping..."}
{"level":"info","message":"Updated 0 non-recurring events to 'past' status"}
{"level":"info","message":"Updated 0 recurring events to 'past' status"}
{"level":"error","message":"Ping failed: timeout of 10000ms exceeded - 2026-05-13T02:40:05.080Z"}
{"level":"info","message":"Updated 0 bookings to 'expired' status"}
{"level":"info","message":"Running external service ping..."}
{"level":"error","message":"Ping failed: timeout of 10000ms exceeded - 2026-05-13T03:20:10.022Z"}
{"level":"info","message":"Running external service ping..."}
{"level":"error","message":"Ping failed: timeout of 10000ms exceeded - 2026-05-13T04:10:10.031Z"}
{"level":"info","message":"Running external service ping..."}
{"level":"info","message":"Running hourly email journey cron..."}
{"level":"info","message":"Running cleanup job at 2026-05-13T10:00:00.657Z (IST)"}
{"level":"info","message":"Updated 0 non-recurring events to 'past' status"}
{"level":"info","message":"Updated 0 recurring events to 'past' status"}
{"level":"info","message":"Updated 0 bookings to 'expired' status"}
{"level":"error","message":"Ping failed: timeout of 10000ms exceeded - 2026-05-13T04:30:10.652Z"}
{"level":"info","message":"Running external service ping..."}
{"level":"error","message":"Ping failed: timeout of 10000ms exceeded - 2026-05-13T05:00:10.020Z"}
{"level":"info","message":"Running external service ping..."}
{"level":"error","message":"Ping failed: timeout of 10000ms exceeded - 2026-05-13T05:45:10.030Z"}
{"level":"info","message":"Running external service ping..."}
{"level":"error","message":"Ping failed: timeout of 10000ms exceeded - 2026-05-13T06:55:10.038Z"}
{"level":"info","message":"Running external service ping..."}
{"level":"error","message":"Ping failed: timeout of 10000ms exceeded - 2026-05-13T08:05:10.034Z"}
{"level":"info","message":"Running external service ping..."}
{"level":"error","message":"Ping failed: timeout of 10000ms exceeded - 2026-05-13T08:40:10.032Z"}
{"level":"info","message":"Running external service ping..."}
{"level":"error","message":"Ping failed: timeout of 10000ms exceeded - 2026-05-13T09:15:10.027Z"}
{"level":"info","message":"Running external service ping..."}
{"level":"info","message":"Ping successful: 200 - 2026-05-13T10:05:01.096Z"}
{"level":"info","message":"Running external service ping..."}
{"level":"error","message":"Ping failed: timeout of 10000ms exceeded - 2026-05-13T10:25:10.072Z"}
{"level":"info","message":"Running external service ping..."}
{"level":"info","message":"Running hourly email journey cron..."}
{"level":"info","message":"Running cleanup job at 2026-05-13T18:00:00.671Z (IST)"}
{"level":"info","message":"Updated 0 non-recurring events to 'past' status"}
{"level":"info","message":"Updated 0 recurring events to 'past' status"}
{"level":"info","message":"Updated 0 bookings to 'expired' status"}
{"level":"error","message":"Ping failed: timeout of 10000ms exceeded - 2026-05-13T12:30:10.658Z"}
{"level":"info","message":"Running external service ping..."}
{"level":"error","message":"Ping failed: timeout of 10000ms exceeded - 2026-05-13T13:40:10.039Z"}
{"level":"info","message":"Running external service ping..."}
{"level":"info","message":"Ping successful: 200 - 2026-05-13T13:45:01.196Z"}
{"level":"info","message":"Cron jobs initialized"}
{"level":"info","message":"Cron jobs initialized"}
{"level":"info","message":"Running external service ping..."}
{"level":"info","message":"Ping successful: 200 - 2026-05-13T13:50:01.199Z"}
{"level":"info","message":"Running external service ping..."}
{"level":"info","message":"Ping successful: 200 - 2026-05-13T13:55:00.896Z"}
{"level":"info","message":"Running external service ping..."}
{"level":"info","message":"Ping successful: 200 - 2026-05-13T14:00:01.175Z"}
{"level":"info","message":"Running external service ping..."}
{"level":"info","message":"Ping successful: 200 - 2026-05-13T14:05:01.239Z"}
{"level":"info","message":"Running external service ping..."}
{"level":"info","message":"Ping successful: 200 - 2026-05-13T14:10:01.238Z"}
{"level":"info","message":"Running external service ping..."}
{"level":"info","message":"Ping successful: 200 - 2026-05-13T14:15:00.935Z"}
{"level":"info","message":"Running external service ping..."}
{"level":"info","message":"Ping successful: 200 - 2026-05-13T14:20:01.149Z"}
{"level":"info","message":"Running external service ping..."}
{"level":"info","message":"Ping successful: 200 - 2026-05-13T14:25:00.851Z"}
{"level":"info","message":"Running external service ping..."}
{"level":"info","message":"Running cleanup job at 2026-05-13T20:00:00.044Z (IST)"}
{"level":"info","message":"Running hourly email journey cron..."}
{"level":"info","message":"Updated 0 non-recurring events to 'past' status"}
{"level":"info","message":"Updated 0 recurring events to 'past' status"}
{"level":"info","message":"Updated 0 bookings to 'expired' status"}
{"level":"info","message":"Ping successful: 200 - 2026-05-13T14:30:01.173Z"}
{"level":"info","message":"Running external service ping..."}
{"level":"error","message":"Ping failed: timeout of 10000ms exceeded - 2026-05-13T14:50:00.938Z"}
{"level":"info","message":"Running external service ping..."}
{"level":"info","message":"Ping successful: 200 - 2026-05-13T14:50:02.130Z"}
{"level":"info","message":"Running external service ping..."}
{"level":"info","message":"Ping successful: 200 - 2026-05-13T15:05:01.557Z"}
{"level":"info","message":"Running external service ping..."}
{"level":"info","message":"Ping successful: 200 - 2026-05-13T15:20:01.194Z"}
{"level":"info","message":"Running external service ping..."}
{"level":"info","message":"Ping successful: 200 - 2026-05-13T15:25:01.320Z"}
{"level":"info","message":"Running external service ping..."}
{"level":"info","message":"Running cleanup job at 2026-05-13T21:00:00.054Z (IST)"}
{"level":"info","message":"Running hourly email journey cron..."}
{"level":"info","message":"Updated 0 non-recurring events to 'past' status"}
{"level":"info","message":"Updated 0 recurring events to 'past' status"}
{"level":"info","message":"Updated 0 bookings to 'expired' status"}
{"level":"info","message":"Ping successful: 200 - 2026-05-13T15:30:00.893Z"}
{"level":"info","message":"Running hourly email journey cron..."}
{"level":"info","message":"Running cleanup job at 2026-05-13T22:00:00.047Z (IST)"}
{"level":"info","message":"Running external service ping..."}
{"level":"info","message":"Updated 0 non-recurring events to 'past' status"}
{"level":"info","message":"Updated 0 recurring events to 'past' status"}
{"level":"info","message":"Updated 0 bookings to 'expired' status"}
{"level":"error","message":"Ping failed: timeout of 10000ms exceeded - 2026-05-13T16:30:10.053Z"}
{"level":"info","message":"Running external service ping..."}
{"level":"error","message":"Ping failed: timeout of 10000ms exceeded - 2026-05-13T17:05:10.029Z"}
{"level":"info","message":"Running external service ping..."}
{"level":"error","message":"Ping failed: timeout of 10000ms exceeded - 2026-05-13T17:55:10.024Z"}
{"level":"info","message":"Running external service ping..."}
{"level":"info","message":"Running hourly email journey cron..."}
{"level":"info","message":"Running cleanup job at 2026-05-14T00:00:00.089Z (IST)"}
{"level":"error","message":"Ping failed: timeout of 10000ms exceeded - 2026-05-13T18:30:10.079Z"}
{"address":"ac-ghzgoxq-shard-00-02.cqtywk8.mongodb.net:27017","beforeHandshake":false,"cause":{"beforeHandshake":true,"connectionGeneration":40,"errorLabelSet":{}},"errorLabelSet":{},"level":"error","message":"Error during cleanup job: Connection pool for ac-ghzgoxq-shard-00-02.cqtywk8.mongodb.net:27017 was cleared because another operation failed with: \"connection 21 to 159.41.229.138:27017 timed out\"","stack":"MongoPoolClearedError: Connection pool for ac-ghzgoxq-shard-00-02.cqtywk8.mongodb.net:27017 was cleared because another operation failed with: \"connection 21 to 159.41.229.138:27017 timed out\"\n    at ConnectionPool.processWaitQueue (/Users/hashirsheikh/Documents/dev/event-sphere/backend/node_modules/mongodb/src/cmap/connection_pool.ts:744:65)\n    at ConnectionPool.clear (/Users/hashirsheikh/Documents/dev/event-sphere/backend/node_modules/mongodb/src/cmap/connection_pool.ts:467:10)\n    at updateServers (/Users/hashirsheikh/Documents/dev/event-sphere/backend/node_modules/mongodb/src/sdam/topology.ts:866:21)\n    at Topology.serverUpdateHandler (/Users/hashirsheikh/Documents/dev/event-sphere/backend/node_modules/mongodb/src/sdam/topology.ts:728:5)\n    at Server.<anonymous> (/Users/hashirsheikh/Documents/dev/event-sphere/backend/node_modules/mongodb/src/sdam/topology.ts:842:66)\n    at Server.emit (node:events:508:28)\n    at markServerUnknown (/Users/hashirsheikh/Documents/dev/event-sphere/backend/node_modules/mongodb/src/sdam/server.ts:530:10)\n    at Server.handleError (/Users/hashirsheikh/Documents/dev/event-sphere/backend/node_modules/mongodb/src/sdam/server.ts:410:9)\n    at <anonymous> (/Users/hashirsheikh/Documents/dev/event-sphere/backend/node_modules/mongodb/src/cmap/connection_pool.ts:668:21)\n    at processTicksAndRejections (node:internal/process/task_queues:104:5)"}
{"cause":{"beforeHandshake":false,"errorLabelSet":{}},"errorLabelSet":{},"level":"error","message":"Error sending reminders: connection <monitor> to 159.41.229.138:27017 timed out","reason":{"commonWireVersion":0,"compatible":true,"heartbeatFrequencyMS":10000,"localThresholdMS":15,"logicalSessionTimeoutMinutes":null,"maxElectionId":{"$oid":"7fffffff00000000000000c2"},"maxSetVersion":196,"servers":{"ac-ghzgoxq-shard-00-00.cqtywk8.mongodb.net:27017":{"$clusterTime":null,"address":"ac-ghzgoxq-shard-00-00.cqtywk8.mongodb.net:27017","arbiters":[],"electionId":null,"error":{"beforeHandshake":false,"errorLabelSet":{}},"hosts":[],"iscryptd":false,"lastUpdateTime":3290362616,"lastWriteDate":0,"logicalSessionTimeoutMinutes":null,"maxBsonObjectSize":null,"maxMessageSizeBytes":null,"maxWireVersion":0,"maxWriteBatchSize":null,"me":null,"minRoundTripTime":0,"minWireVersion":0,"passives":[],"primary":null,"roundTripTime":-1,"setName":null,"setVersion":null,"tags":{},"topologyVersion":null,"type":"Unknown"},"ac-ghzgoxq-shard-00-01.cqtywk8.mongodb.net:27017":{"$clusterTime":null,"address":"ac-ghzgoxq-shard-00-01.cqtywk8.mongodb.net:27017","arbiters":[],"electionId":null,"error":{"beforeHandshake":false,"errorLabelSet":{}},"hosts":[],"iscryptd":false,"lastUpdateTime":3290362617,"lastWriteDate":0,"logicalSessionTimeoutMinutes":null,"maxBsonObjectSize":null,"maxMessageSizeBytes":null,"maxWireVersion":0,"maxWriteBatchSize":null,"me":null,"minRoundTripTime":0,"minWireVersion":0,"passives":[],"primary":null,"roundTripTime":-1,"setName":null,"setVersion":null,"tags":{},"topologyVersion":null,"type":"Unknown"},"ac-ghzgoxq-shard-00-02.cqtywk8.mongodb.net:27017":{"$clusterTime":null,"address":"ac-ghzgoxq-shard-00-02.cqtywk8.mongodb.net:27017","arbiters":[],"electionId":null,"error":{"beforeHandshake":false,"errorLabelSet":{}},"hosts":[],"iscryptd":false,"lastUpdateTime":3290362617,"lastWriteDate":0,"logicalSessionTimeoutMinutes":null,"maxBsonObjectSize":null,"maxMessageSizeBytes":null,"maxWireVersion":0,"maxWriteBatchSize":null,"me":null,"minRoundTripTime":0,"minWireVersion":0,"passives":[],"primary":null,"roundTripTime":-1,"setName":null,"setVersion":null,"tags":{},"topologyVersion":null,"type":"Unknown"}},"setName":"atlas-v9tktt-shard-0","stale":false,"type":"ReplicaSetNoPrimary"},"stack":"MongoServerSelectionError: connection <monitor> to 159.41.229.138:27017 timed out\n    at Topology.selectServer (/Users/hashirsheikh/Documents/dev/event-sphere/backend/node_modules/mongodb/src/sdam/topology.ts:630:30)\n    at async tryOperation (/Users/hashirsheikh/Documents/dev/event-sphere/backend/node_modules/mongodb/src/operations/execute_operation.ts:270:16)\n    at async executeOperation (/Users/hashirsheikh/Documents/dev/event-sphere/backend/node_modules/mongodb/src/operations/execute_operation.ts:123:12)\n    at async FindCursor._initialize (/Users/hashirsheikh/Documents/dev/event-sphere/backend/node_modules/mongodb/src/cursor/find_cursor.ts:92:22)\n    at async FindCursor.cursorInit (/Users/hashirsheikh/Documents/dev/event-sphere/backend/node_modules/mongodb/src/cursor/abstract_cursor.ts:917:21)\n    at async FindCursor.fetchBatch (/Users/hashirsheikh/Documents/dev/event-sphere/backend/node_modules/mongodb/src/cursor/abstract_cursor.ts:955:7)\n    at async FindCursor.next (/Users/hashirsheikh/Documents/dev/event-sphere/backend/node_modules/mongodb/src/cursor/abstract_cursor.ts:573:9)\n    at async FindCursor.[Symbol.asyncIterator] (/Users/hashirsheikh/Documents/dev/event-sphere/backend/node_modules/mongodb/src/cursor/abstract_cursor.ts:492:26)\n    at async FindCursor.toArray (/Users/hashirsheikh/Documents/dev/event-sphere/backend/node_modules/mongodb/src/cursor/abstract_cursor.ts:661:22)\n    at async model.Query._find (/Users/hashirsheikh/Documents/dev/event-sphere/backend/node_modules/mongoose/lib/query.js:2432:14)"}
{"cause":{"beforeHandshake":false,"errorLabelSet":{}},"errorLabelSet":{},"level":"error","message":"Error sending review requests: Socket 'secureConnect' timed out after 32681ms (connectTimeoutMS: 30000)","reason":{"commonWireVersion":0,"compatible":true,"heartbeatFrequencyMS":10000,"localThresholdMS":15,"logicalSessionTimeoutMinutes":null,"maxElectionId":{"$oid":"7fffffff00000000000000c2"},"maxSetVersion":196,"servers":{"ac-ghzgoxq-shard-00-00.cqtywk8.mongodb.net:27017":{"$clusterTime":null,"address":"ac-ghzgoxq-shard-00-00.cqtywk8.mongodb.net:27017","arbiters":[],"electionId":null,"error":{"beforeHandshake":false,"errorLabelSet":{}},"hosts":[],"iscryptd":false,"lastUpdateTime":3290395816,"lastWriteDate":0,"logicalSessionTimeoutMinutes":null,"maxBsonObjectSize":null,"maxMessageSizeBytes":null,"maxWireVersion":0,"maxWriteBatchSize":null,"me":null,"minRoundTripTime":0,"minWireVersion":0,"passives":[],"primary":null,"roundTripTime":-1,"setName":null,"setVersion":null,"tags":{},"topologyVersion":null,"type":"Unknown"},"ac-ghzgoxq-shard-00-01.cqtywk8.mongodb.net:27017":{"$clusterTime":null,"address":"ac-ghzgoxq-shard-00-01.cqtywk8.mongodb.net:27017","arbiters":[],"electionId":null,"error":{"beforeHandshake":false,"errorLabelSet":{}},"hosts":[],"iscryptd":false,"lastUpdateTime":3290362617,"lastWriteDate":0,"logicalSessionTimeoutMinutes":null,"maxBsonObjectSize":null,"maxMessageSizeBytes":null,"maxWireVersion":0,"maxWriteBatchSize":null,"me":null,"minRoundTripTime":0,"minWireVersion":0,"passives":[],"primary":null,"roundTripTime":-1,"setName":null,"setVersion":null,"tags":{},"topologyVersion":null,"type":"Unknown"},"ac-ghzgoxq-shard-00-02.cqtywk8.mongodb.net:27017":{"$clusterTime":null,"address":"ac-ghzgoxq-shard-00-02.cqtywk8.mongodb.net:27017","arbiters":[],"electionId":null,"error":{"beforeHandshake":false,"errorLabelSet":{}},"hosts":[],"iscryptd":false,"lastUpdateTime":3290395803,"lastWriteDate":0,"logicalSessionTimeoutMinutes":null,"maxBsonObjectSize":null,"maxMessageSizeBytes":null,"maxWireVersion":0,"maxWriteBatchSize":null,"me":null,"minRoundTripTime":0,"minWireVersion":0,"passives":[],"primary":null,"roundTripTime":-1,"setName":null,"setVersion":null,"tags":{},"topologyVersion":null,"type":"Unknown"}},"setName":"atlas-v9tktt-shard-0","stale":false,"type":"ReplicaSetNoPrimary"},"stack":"MongoServerSelectionError: Socket 'secureConnect' timed out after 32681ms (connectTimeoutMS: 30000)\n    at Topology.selectServer (/Users/hashirsheikh/Documents/dev/event-sphere/backend/node_modules/mongodb/src/sdam/topology.ts:630:30)\n    at async tryOperation (/Users/hashirsheikh/Documents/dev/event-sphere/backend/node_modules/mongodb/src/operations/execute_operation.ts:270:16)\n    at async executeOperation (/Users/hashirsheikh/Documents/dev/event-sphere/backend/node_modules/mongodb/src/operations/execute_operation.ts:123:12)\n    at async FindCursor._initialize (/Users/hashirsheikh/Documents/dev/event-sphere/backend/node_modules/mongodb/src/cursor/find_cursor.ts:92:22)\n    at async FindCursor.cursorInit (/Users/hashirsheikh/Documents/dev/event-sphere/backend/node_modules/mongodb/src/cursor/abstract_cursor.ts:917:21)\n    at async FindCursor.fetchBatch (/Users/hashirsheikh/Documents/dev/event-sphere/backend/node_modules/mongodb/src/cursor/abstract_cursor.ts:955:7)\n    at async FindCursor.next (/Users/hashirsheikh/Documents/dev/event-sphere/backend/node_modules/mongodb/src/cursor/abstract_cursor.ts:573:9)\n    at async FindCursor.[Symbol.asyncIterator] (/Users/hashirsheikh/Documents/dev/event-sphere/backend/node_modules/mongodb/src/cursor/abstract_cursor.ts:492:26)\n    at async FindCursor.toArray (/Users/hashirsheikh/Documents/dev/event-sphere/backend/node_modules/mongodb/src/cursor/abstract_cursor.ts:661:22)\n    at async model.Query._find (/Users/hashirsheikh/Documents/dev/event-sphere/backend/node_modules/mongoose/lib/query.js:2432:14)"}
{"level":"info","message":"Running external service ping..."}
{"level":"error","message":"Ping failed: timeout of 10000ms exceeded - 2026-05-13T18:45:10.118Z"}
{"level":"info","message":"Running external service ping..."}
{"level":"error","message":"Ping failed: timeout of 10000ms exceeded - 2026-05-13T19:35:10.028Z"}
{"level":"info","message":"Running external service ping..."}
{"level":"info","message":"Ping successful: 200 - 2026-05-13T19:45:00.944Z"}
{"level":"info","message":"Running external service ping..."}
{"level":"info","message":"Ping successful: 200 - 2026-05-13T19:50:00.867Z"}
{"level":"info","message":"Running external service ping..."}
{"level":"info","message":"Ping successful: 200 - 2026-05-13T19:55:01.182Z"}
{"level":"info","message":"Running external service ping..."}
{"level":"info","message":"Ping successful: 200 - 2026-05-13T20:00:01.187Z"}
{"level":"info","message":"Running external service ping..."}
{"level":"error","message":"Ping failed: timeout of 10000ms exceeded - 2026-05-13T20:05:10.060Z"}
{"level":"info","message":"Running external service ping..."}
{"level":"info","message":"Ping successful: 200 - 2026-05-13T20:10:00.850Z"}
{"level":"info","message":"Running external service ping..."}
{"level":"info","message":"Ping successful: 200 - 2026-05-13T20:15:01.231Z"}
{"level":"info","message":"Running external service ping..."}
{"level":"info","message":"Ping successful: 200 - 2026-05-13T20:20:01.280Z"}
{"level":"info","message":"Running external service ping..."}
{"level":"info","message":"Ping successful: 200 - 2026-05-13T20:25:01.224Z"}
{"level":"info","message":"Running external service ping..."}
{"level":"info","message":"Running hourly email journey cron..."}
{"level":"info","message":"Running cleanup job at 2026-05-14T02:00:00.101Z (IST)"}
{"level":"info","message":"Updated 0 non-recurring events to 'past' status"}
{"level":"info","message":"Updated 0 recurring events to 'past' status"}
{"level":"info","message":"Updated 0 bookings to 'expired' status"}
{"level":"info","message":"Ping successful: 200 - 2026-05-13T20:30:01.165Z"}
{"level":"info","message":"Running external service ping..."}
{"level":"info","message":"Ping successful: 200 - 2026-05-13T20:35:01.314Z"}
{"level":"info","message":"Running external service ping..."}
{"level":"info","message":"Ping successful: 200 - 2026-05-13T20:40:01.154Z"}
{"level":"info","message":"Running external service ping..."}
{"level":"info","message":"Ping successful: 200 - 2026-05-13T20:45:00.788Z"}
{"level":"info","message":"Running external service ping..."}
{"level":"info","message":"Ping successful: 200 - 2026-05-13T20:50:01.142Z"}
{"level":"info","message":"Running external service ping..."}
{"level":"info","message":"Ping successful: 200 - 2026-05-13T20:55:00.806Z"}
{"level":"info","message":"Running external service ping..."}
{"level":"info","message":"Ping successful: 200 - 2026-05-13T21:00:01.240Z"}
{"level":"info","message":"Running external service ping..."}
{"level":"info","message":"Ping successful: 200 - 2026-05-13T21:05:00.875Z"}
{"level":"info","message":"Running external service ping..."}
{"level":"info","message":"Ping successful: 200 - 2026-05-13T21:10:01.216Z"}
{"level":"info","message":"Cron jobs initialized"}
{"level":"info","message":"Cron jobs initialized"}
{"level":"info","message":"Cron jobs initialized"}
{"level":"info","message":"Cron jobs initialized"}
{"level":"info","message":"Cron jobs initialized"}
{"level":"info","message":"Running external service ping..."}
{"level":"info","message":"Ping successful: 200 - 2026-05-13T21:35:01.096Z"}
{"level":"info","message":"Running external service ping..."}
{"level":"info","message":"Ping successful: 200 - 2026-05-13T21:40:01.269Z"}
{"level":"info","message":"Cron jobs initialized"}
{"level":"info","message":"Running external service ping..."}
{"level":"error","message":"Ping failed: timeout of 10000ms exceeded - 2026-05-13T22:00:10.034Z"}
{"level":"info","message":"Running external service ping..."}
{"level":"error","message":"Ping failed: timeout of 10000ms exceeded - 2026-05-13T23:05:10.027Z"}
{"level":"info","message":"Running external service ping..."}
{"level":"error","message":"Ping failed: timeout of 10000ms exceeded - 2026-05-14T00:45:10.025Z"}
{"level":"info","message":"Running external service ping..."}
{"level":"error","message":"Ping failed: timeout of 10000ms exceeded - 2026-05-14T01:50:10.018Z"}
{"level":"info","message":"Running external service ping..."}
{"level":"error","message":"Ping failed: timeout of 10000ms exceeded - 2026-05-14T03:05:11.814Z"}
{"level":"info","message":"Running external service ping..."}
{"level":"error","message":"Ping failed: timeout of 10000ms exceeded - 2026-05-14T04:05:10.026Z"}
{"level":"info","message":"Running external service ping..."}
{"level":"info","message":"Ping successful: 200 - 2026-05-14T04:20:01.377Z"}
{"level":"info","message":"Running external service ping..."}
{"level":"info","message":"Ping successful: 200 - 2026-05-14T04:25:01.183Z"}
{"level":"info","message":"Running external service ping..."}
{"level":"info","message":"Running cleanup job at 2026-05-14T10:00:00.737Z (IST)"}
{"level":"info","message":"Running hourly email journey cron..."}
{"level":"info","message":"Updated 0 non-recurring events to 'past' status"}
{"level":"info","message":"Updated 0 recurring events to 'past' status"}
{"level":"info","message":"Updated 0 bookings to 'expired' status"}
{"level":"info","message":"Ping successful: 200 - 2026-05-14T04:30:02.382Z"}
{"level":"info","message":"Running external service ping..."}
{"level":"info","message":"Ping successful: 200 - 2026-05-14T04:40:01.378Z"}
{"level":"info","message":"Running external service ping..."}
{"level":"info","message":"Ping successful: 200 - 2026-05-14T04:45:01.316Z"}
{"level":"info","message":"Running external service ping..."}
{"level":"info","message":"Ping successful: 200 - 2026-05-14T04:50:02.397Z"}
{"level":"info","message":"Running external service ping..."}
{"level":"info","message":"Ping successful: 200 - 2026-05-14T04:55:01.193Z"}
{"level":"info","message":"Running external service ping..."}
{"level":"info","message":"Ping successful: 200 - 2026-05-14T05:00:01.238Z"}
{"level":"info","message":"Running external service ping..."}
{"level":"info","message":"Ping successful: 200 - 2026-05-14T05:05:01.278Z"}
{"level":"info","message":"Cron jobs initialized"}
{"level":"info","message":"Cron jobs initialized"}
{"level":"info","message":"Cron jobs initialized"}
{"level":"info","message":"Cron jobs initialized"}
{"level":"info","message":"Running external service ping..."}
{"level":"info","message":"Ping successful: 200 - 2026-05-14T05:10:01.183Z"}
{"level":"info","message":"Running external service ping..."}
{"level":"info","message":"Ping successful: 200 - 2026-05-14T05:15:01.782Z"}
{"level":"info","message":"Running external service ping..."}
{"level":"info","message":"Ping successful: 200 - 2026-05-14T05:20:01.345Z"}
{"level":"info","message":"Running external service ping..."}
{"level":"info","message":"Ping successful: 200 - 2026-05-14T05:25:01.358Z"}
{"level":"info","message":"Running external service ping..."}
{"level":"info","message":"Running cleanup job at 2026-05-14T11:00:00.061Z (IST)"}
{"level":"info","message":"Running hourly email journey cron..."}
{"level":"info","message":"Updated 0 non-recurring events to 'past' status"}
{"level":"info","message":"Updated 0 recurring events to 'past' status"}
{"level":"info","message":"Updated 0 bookings to 'expired' status"}
{"level":"info","message":"Ping successful: 200 - 2026-05-14T05:30:01.271Z"}
{"level":"info","message":"Running external service ping..."}
{"level":"info","message":"Ping successful: 200 - 2026-05-14T05:35:01.225Z"}
{"level":"info","message":"Cron jobs initialized"}
{"level":"info","message":"Running external service ping..."}
{"level":"info","message":"Ping successful: 200 - 2026-05-14T05:40:01.277Z"}
{"level":"info","message":"Cron jobs initialized"}
{"level":"info","message":"Running external service ping..."}
{"level":"info","message":"Ping successful: 200 - 2026-05-14T05:45:01.217Z"}
{"level":"info","message":"Running external service ping..."}
{"level":"info","message":"Ping successful: 200 - 2026-05-14T05:50:01.262Z"}
{"level":"info","message":"Running external service ping..."}
{"level":"info","message":"Ping successful: 200 - 2026-05-14T05:55:01.190Z"}
{"level":"info","message":"Running external service ping..."}
{"level":"info","message":"Ping successful: 200 - 2026-05-14T06:00:01.191Z"}
{"level":"info","message":"Running external service ping..."}
{"level":"info","message":"Ping successful: 200 - 2026-05-14T06:05:01.144Z"}
{"level":"info","message":"Running external service ping..."}
{"level":"info","message":"Ping successful: 200 - 2026-05-14T06:10:01.229Z"}
{"level":"info","message":"Running external service ping..."}
{"level":"info","message":"Ping successful: 200 - 2026-05-14T06:15:01.180Z"}
{"level":"info","message":"Running external service ping..."}
{"level":"info","message":"Ping successful: 200 - 2026-05-14T06:20:01.163Z"}
{"level":"info","message":"Running external service ping..."}
{"level":"info","message":"Ping successful: 200 - 2026-05-14T06:25:01.002Z"}
{"level":"info","message":"Running external service ping..."}
{"level":"info","message":"Running cleanup job at 2026-05-14T12:00:00.052Z (IST)"}
{"level":"info","message":"Running hourly email journey cron..."}
{"level":"info","message":"Updated 0 non-recurring events to 'past' status"}
{"level":"info","message":"Updated 0 recurring events to 'past' status"}
{"level":"info","message":"Updated 0 bookings to 'expired' status"}
{"level":"info","message":"Ping successful: 200 - 2026-05-14T06:30:01.203Z"}
{"level":"info","message":"Running external service ping..."}
{"level":"info","message":"Ping successful: 200 - 2026-05-14T06:35:01.183Z"}
{"level":"info","message":"Running external service ping..."}
{"level":"info","message":"Ping successful: 200 - 2026-05-14T06:40:01.242Z"}
{"level":"info","message":"Running external service ping..."}
{"level":"error","message":"Ping failed: timeout of 10000ms exceeded - 2026-05-14T08:11:26.133Z"}
{"level":"info","message":"Running external service ping..."}
{"level":"info","message":"Ping successful: 200 - 2026-05-14T08:15:01.186Z"}
{"level":"info","message":"Running external service ping..."}
{"level":"info","message":"Ping successful: 200 - 2026-05-14T08:20:01.192Z"}
{"level":"info","message":"Running external service ping..."}
{"level":"info","message":"Ping successful: 200 - 2026-05-14T08:25:01.107Z"}
{"level":"info","message":"Running external service ping..."}
{"level":"info","message":"Ping successful: 200 - 2026-05-14T09:45:01.230Z"}
{"level":"info","message":"Running external service ping..."}
{"level":"error","message":"Ping failed: timeout of 10000ms exceeded - 2026-05-14T10:50:10.022Z"}
{"level":"info","message":"Running external service ping..."}
{"level":"info","message":"Ping successful: 200 - 2026-05-14T11:40:01.230Z"}
{"level":"info","message":"Running hourly email journey cron..."}
{"level":"info","message":"Running external service ping..."}
{"level":"info","message":"Running cleanup job at 2026-05-14T18:00:00.037Z (IST)"}
{"level":"info","message":"Updated 0 non-recurring events to 'past' status"}
{"level":"info","message":"Updated 0 recurring events to 'past' status"}
{"level":"info","message":"Updated 0 bookings to 'expired' status"}
{"level":"error","message":"Ping failed: timeout of 10000ms exceeded - 2026-05-14T12:30:10.040Z"}
{"level":"info","message":"Running external service ping..."}
{"level":"error","message":"Ping failed: timeout of 10000ms exceeded - 2026-05-14T14:00:10.031Z"}
{"level":"info","message":"Running external service ping..."}
{"level":"error","message":"Ping failed: timeout of 10000ms exceeded - 2026-05-14T15:15:15.708Z"}
{"level":"info","message":"Running external service ping..."}
{"level":"error","message":"Ping failed: timeout of 10000ms exceeded - 2026-05-14T15:55:10.026Z"}
{"level":"info","message":"Running external service ping..."}
{"level":"error","message":"Ping failed: timeout of 10000ms exceeded - 2026-05-14T16:15:10.025Z"}
{"level":"info","message":"Running external service ping..."}
{"level":"error","message":"Ping failed: getaddrinfo ENOTFOUND mnkhan.onrender.com - 2026-05-14T16:55:00.033Z"}
{"level":"info","message":"Running external service ping..."}
{"level":"error","message":"Ping failed: timeout of 10000ms exceeded - 2026-05-14T17:00:10.043Z"}
{"level":"info","message":"Running external service ping..."}
{"level":"info","message":"Ping successful: 200 - 2026-05-14T17:05:01.213Z"}
{"level":"info","message":"Running external service ping..."}
{"level":"info","message":"Ping successful: 200 - 2026-05-14T17:10:01.281Z"}
{"level":"info","message":"Running external service ping..."}
{"level":"info","message":"Ping successful: 200 - 2026-05-14T17:15:01.299Z"}
{"level":"info","message":"Running external service ping..."}
{"level":"info","message":"Ping successful: 200 - 2026-05-14T17:20:00.996Z"}
{"level":"info","message":"Running external service ping..."}
{"level":"info","message":"Ping successful: 200 - 2026-05-14T17:25:01.276Z"}
{"level":"info","message":"Running external service ping..."}
{"level":"error","message":"Ping failed: timeout of 10000ms exceeded - 2026-05-14T17:40:10.040Z"}
{"level":"info","message":"Running external service ping..."}
{"level":"error","message":"Ping failed: timeout of 10000ms exceeded - 2026-05-14T18:00:10.028Z"}
{"level":"info","message":"Running external service ping..."}
{"level":"info","message":"Ping successful: 200 - 2026-05-14T18:10:01.332Z"}
{"level":"info","message":"Running external service ping..."}
{"level":"error","message":"Ping failed: timeout of 10000ms exceeded - 2026-05-14T19:15:10.040Z"}
{"level":"info","message":"Running external service ping..."}
{"level":"error","message":"Ping failed: timeout of 10000ms exceeded - 2026-05-14T20:25:10.025Z"}
{"level":"info","message":"Running external service ping..."}
{"level":"info","message":"Ping successful: 200 - 2026-05-14T20:35:00.860Z"}
{"level":"info","message":"Running external service ping..."}
{"level":"info","message":"Ping successful: 200 - 2026-05-14T20:40:01.151Z"}
{"level":"info","message":"Running external service ping..."}
{"level":"info","message":"Ping successful: 200 - 2026-05-14T20:45:01.157Z"}
{"level":"info","message":"Running external service ping..."}
{"level":"error","message":"Ping failed: timeout of 10000ms exceeded - 2026-05-14T21:10:10.021Z"}
{"level":"info","message":"Running external service ping..."}
{"level":"info","message":"Ping successful: 200 - 2026-05-14T22:15:00.823Z"}
{"level":"info","message":"Running external service ping..."}
{"level":"info","message":"Ping successful: 200 - 2026-05-14T22:50:01.218Z"}
{"level":"info","message":"Running external service ping..."}
{"level":"info","message":"Running cleanup job at 2026-05-15T10:00:00.732Z (IST)"}
{"level":"info","message":"Running hourly email journey cron..."}
{"level":"info","message":"Updated 0 non-recurring events to 'past' status"}
{"level":"info","message":"Updated 0 recurring events to 'past' status"}
{"level":"info","message":"Updated 0 bookings to 'expired' status"}
{"level":"error","message":"Ping failed: timeout of 10000ms exceeded - 2026-05-15T04:30:10.735Z"}
{"level":"info","message":"Running external service ping..."}
{"level":"error","message":"Ping failed: timeout of 10000ms exceeded - 2026-05-15T06:40:10.038Z"}
{"level":"info","message":"Running external service ping..."}
{"level":"info","message":"Ping successful: 200 - 2026-05-15T06:45:01.333Z"}
{"level":"info","message":"Running external service ping..."}
{"level":"info","message":"Ping successful: 200 - 2026-05-15T06:50:01.174Z"}
{"level":"info","message":"Running external service ping..."}
{"level":"info","message":"Ping successful: 200 - 2026-05-15T06:55:01.187Z"}
{"level":"info","message":"Running external service ping..."}
{"level":"info","message":"Ping successful: 200 - 2026-05-15T07:00:01.272Z"}
{"level":"info","message":"Running external service ping..."}
{"level":"info","message":"Ping successful: 200 - 2026-05-15T08:25:01.201Z"}
{"level":"info","message":"Running external service ping..."}
{"level":"error","message":"Ping failed: timeout of 10000ms exceeded - 2026-05-15T10:00:10.015Z"}
{"level":"info","message":"Running external service ping..."}
{"level":"error","message":"Ping failed: timeout of 10000ms exceeded - 2026-05-15T10:40:10.022Z"}
{"level":"info","message":"Running external service ping..."}
{"level":"error","message":"Ping failed: timeout of 10000ms exceeded - 2026-05-15T11:20:10.025Z"}
{"level":"info","message":"Running external service ping..."}
{"level":"error","message":"Ping failed: timeout of 10000ms exceeded - 2026-05-15T12:20:10.013Z"}
{"level":"info","message":"Running external service ping..."}
{"level":"info","message":"Running hourly email journey cron..."}
{"level":"info","message":"Running cleanup job at 2026-05-15T18:00:00.845Z (IST)"}
{"level":"info","message":"Updated 0 non-recurring events to 'past' status"}
{"level":"info","message":"Updated 0 recurring events to 'past' status"}
{"level":"info","message":"Updated 0 bookings to 'expired' status"}
{"level":"info","message":"Ping successful: 200 - 2026-05-15T12:30:02.421Z"}
{"level":"info","message":"Running external service ping..."}
{"level":"error","message":"Ping failed: timeout of 10000ms exceeded - 2026-05-15T13:10:10.024Z"}
{"level":"info","message":"Running external service ping..."}
{"level":"error","message":"Ping failed: timeout of 10000ms exceeded - 2026-05-15T13:55:01.907Z"}
{"level":"info","message":"Running external service ping..."}
{"level":"info","message":"Ping successful: 200 - 2026-05-15T16:35:00.938Z"}
{"level":"info","message":"Running external service ping..."}
{"level":"error","message":"Ping failed: timeout of 10000ms exceeded - 2026-05-15T17:25:10.029Z"}
{"level":"info","message":"Running external service ping..."}
{"level":"info","message":"Ping successful: 200 - 2026-05-15T18:15:00.908Z"}
{"level":"info","message":"Running external service ping..."}
{"level":"error","message":"Ping failed: timeout of 10000ms exceeded - 2026-05-15T19:45:10.050Z"}
{"level":"info","message":"Running external service ping..."}
{"level":"info","message":"Ping successful: 200 - 2026-05-15T19:50:01.234Z"}
{"level":"info","message":"Running external service ping..."}
{"level":"info","message":"Ping successful: 200 - 2026-05-15T19:55:00.994Z"}
{"level":"info","message":"Running external service ping..."}
{"level":"info","message":"Ping successful: 200 - 2026-05-15T20:00:01.286Z"}
{"level":"info","message":"Running external service ping..."}
{"level":"info","message":"Ping successful: 200 - 2026-05-15T20:05:01.206Z"}
{"level":"info","message":"Running external service ping..."}
{"level":"info","message":"Ping successful: 200 - 2026-05-15T20:10:01.202Z"}
{"level":"info","message":"Running external service ping..."}
{"level":"info","message":"Ping successful: 200 - 2026-05-15T20:15:01.448Z"}
{"level":"info","message":"Running external service ping..."}
{"level":"info","message":"Ping successful: 200 - 2026-05-15T20:20:00.887Z"}
{"level":"info","message":"Running external service ping..."}
{"level":"info","message":"Ping successful: 200 - 2026-05-15T20:25:01.134Z"}
{"level":"info","message":"Running external service ping..."}
{"level":"info","message":"Running hourly email journey cron..."}
{"level":"info","message":"Running cleanup job at 2026-05-16T02:00:00.049Z (IST)"}
{"level":"info","message":"Updated 0 non-recurring events to 'past' status"}
{"level":"info","message":"Updated 0 recurring events to 'past' status"}
{"level":"info","message":"Updated 0 bookings to 'expired' status"}
{"level":"info","message":"Ping successful: 200 - 2026-05-15T20:30:00.936Z"}
{"level":"info","message":"Running external service ping..."}
{"level":"info","message":"Ping successful: 200 - 2026-05-15T20:35:01.014Z"}
{"level":"info","message":"Running external service ping..."}
{"level":"info","message":"Ping successful: 200 - 2026-05-15T20:40:01.277Z"}
{"level":"info","message":"Running external service ping..."}
{"level":"info","message":"Ping successful: 200 - 2026-05-15T20:45:01.150Z"}
{"level":"info","message":"Running external service ping..."}
{"level":"error","message":"Ping failed: timeout of 10000ms exceeded - 2026-05-15T21:20:10.037Z"}
{"level":"info","message":"Running external service ping..."}
{"level":"info","message":"Ping successful: 200 - 2026-05-15T21:25:01.197Z"}
{"level":"info","message":"Running external service ping..."}
{"level":"info","message":"Running hourly email journey cron..."}
{"level":"info","message":"Running cleanup job at 2026-05-16T03:00:00.060Z (IST)"}
{"level":"info","message":"Updated 0 non-recurring events to 'past' status"}
{"level":"info","message":"Updated 0 recurring events to 'past' status"}
{"level":"info","message":"Updated 0 bookings to 'expired' status"}
{"level":"info","message":"Ping successful: 200 - 2026-05-15T21:30:00.831Z"}
{"level":"info","message":"Running external service ping..."}
{"level":"info","message":"Ping successful: 200 - 2026-05-15T21:35:00.826Z"}
{"level":"info","message":"Running external service ping..."}
{"level":"info","message":"Ping successful: 200 - 2026-05-15T21:40:01.555Z"}
{"level":"info","message":"Running external service ping..."}
{"level":"info","message":"Ping successful: 200 - 2026-05-15T21:45:01.239Z"}
{"level":"info","message":"Running external service ping..."}
{"level":"info","message":"Ping successful: 200 - 2026-05-15T21:50:00.843Z"}
{"level":"info","message":"Running external service ping..."}
{"level":"info","message":"Ping successful: 200 - 2026-05-15T21:55:00.832Z"}
{"level":"info","message":"Running external service ping..."}
{"level":"info","message":"Ping successful: 200 - 2026-05-15T22:00:01.216Z"}
{"level":"info","message":"Running external service ping..."}
{"level":"info","message":"Ping successful: 200 - 2026-05-15T22:05:01.161Z"}
{"level":"info","message":"Running external service ping..."}
{"level":"info","message":"Ping successful: 200 - 2026-05-15T22:10:01.130Z"}
{"level":"info","message":"Running external service ping..."}
{"level":"info","message":"Ping successful: 200 - 2026-05-15T22:15:01.097Z"}
{"level":"info","message":"Running external service ping..."}
{"level":"info","message":"Ping successful: 200 - 2026-05-15T22:20:01.130Z"}
{"level":"info","message":"Running external service ping..."}
{"level":"info","message":"Ping successful: 200 - 2026-05-15T22:25:00.850Z"}
{"level":"info","message":"Running external service ping..."}
{"level":"info","message":"Running cleanup job at 2026-05-16T04:00:00.030Z (IST)"}
{"level":"info","message":"Running hourly email journey cron..."}
{"level":"info","message":"Updated 0 non-recurring events to 'past' status"}
{"level":"info","message":"Updated 0 recurring events to 'past' status"}
{"level":"info","message":"Updated 0 bookings to 'expired' status"}
{"level":"info","message":"Ping successful: 200 - 2026-05-15T22:30:00.823Z"}
{"level":"info","message":"Running external service ping..."}
{"level":"info","message":"Ping successful: 200 - 2026-05-15T22:35:01.105Z"}
{"level":"info","message":"Running external service ping..."}
{"level":"info","message":"Ping successful: 200 - 2026-05-15T22:40:01.185Z"}
{"level":"info","message":"Running external service ping..."}
{"level":"info","message":"Ping successful: 200 - 2026-05-15T22:45:01.127Z"}
{"level":"info","message":"Running external service ping..."}
{"level":"info","message":"Ping successful: 200 - 2026-05-15T22:50:01.254Z"}
{"level":"info","message":"Running external service ping..."}
{"level":"info","message":"Ping successful: 200 - 2026-05-15T22:55:00.766Z"}
{"level":"info","message":"Running external service ping..."}
{"level":"info","message":"Ping successful: 200 - 2026-05-15T23:00:00.776Z"}
{"level":"info","message":"Running external service ping..."}
{"level":"info","message":"Ping successful: 200 - 2026-05-15T23:05:01.096Z"}
{"level":"info","message":"Running external service ping..."}
{"level":"info","message":"Ping successful: 200 - 2026-05-15T23:10:00.783Z"}
{"level":"info","message":"Running external service ping..."}
{"level":"info","message":"Ping successful: 200 - 2026-05-15T23:15:01.143Z"}
{"level":"info","message":"Running external service ping..."}
{"level":"info","message":"Ping successful: 200 - 2026-05-15T23:20:00.784Z"}
{"level":"info","message":"Running external service ping..."}
{"level":"info","message":"Ping successful: 200 - 2026-05-15T23:25:01.134Z"}
{"level":"info","message":"Running external service ping..."}
{"level":"info","message":"Running hourly email journey cron..."}
{"level":"info","message":"Running cleanup job at 2026-05-16T05:00:00.031Z (IST)"}
{"level":"info","message":"Updated 0 non-recurring events to 'past' status"}
{"level":"info","message":"Updated 0 recurring events to 'past' status"}
{"level":"info","message":"Updated 0 bookings to 'expired' status"}
{"level":"info","message":"Ping successful: 200 - 2026-05-15T23:30:01.264Z"}
{"level":"info","message":"Running external service ping..."}
{"level":"info","message":"Ping successful: 200 - 2026-05-15T23:35:01.110Z"}
{"level":"info","message":"Running external service ping..."}
{"level":"info","message":"Ping successful: 200 - 2026-05-15T23:40:00.801Z"}
{"level":"info","message":"Running external service ping..."}
{"level":"info","message":"Ping successful: 200 - 2026-05-15T23:45:01.093Z"}
{"level":"info","message":"Running external service ping..."}
{"level":"info","message":"Ping successful: 200 - 2026-05-15T23:50:01.156Z"}
{"level":"info","message":"Running external service ping..."}
{"level":"info","message":"Ping successful: 200 - 2026-05-15T23:55:00.987Z"}
{"level":"info","message":"Running external service ping..."}
{"level":"info","message":"Ping successful: 200 - 2026-05-16T00:00:01.107Z"}
{"level":"info","message":"Running external service ping..."}
{"level":"info","message":"Ping successful: 200 - 2026-05-16T00:05:00.736Z"}
{"level":"info","message":"Running external service ping..."}
{"level":"error","message":"Ping failed: timeout of 10000ms exceeded - 2026-05-16T01:10:10.027Z"}
{"level":"info","message":"Running external service ping..."}
{"level":"error","message":"Ping failed: timeout of 10000ms exceeded - 2026-05-16T03:00:03.051Z"}
{"level":"info","message":"Running external service ping..."}
{"level":"info","message":"Running cleanup job at 2026-05-16T10:00:00.036Z (IST)"}
{"level":"info","message":"Running hourly email journey cron..."}
{"level":"info","message":"Updated 0 non-recurring events to 'past' status"}
{"level":"info","message":"Updated 0 recurring events to 'past' status"}
{"level":"info","message":"Updated 0 bookings to 'expired' status"}
{"level":"error","message":"Ping failed: timeout of 10000ms exceeded - 2026-05-16T04:30:10.040Z"}
{"level":"info","message":"Running external service ping..."}
{"level":"info","message":"Ping successful: 200 - 2026-05-16T05:20:01.241Z"}
{"level":"info","message":"Running hourly email journey cron..."}
{"level":"info","message":"Running external service ping..."}
{"level":"info","message":"Running cleanup job at 2026-05-16T13:00:00.047Z (IST)"}
{"level":"info","message":"Updated 0 non-recurring events to 'past' status"}
{"level":"info","message":"Updated 0 recurring events to 'past' status"}
{"level":"info","message":"Updated 0 bookings to 'expired' status"}
{"level":"error","message":"Ping failed: timeout of 10000ms exceeded - 2026-05-16T07:30:10.050Z"}
{"level":"info","message":"Running external service ping..."}
{"level":"error","message":"Ping failed: timeout of 10000ms exceeded - 2026-05-16T08:35:10.044Z"}
{"level":"info","message":"Running external service ping..."}
{"level":"info","message":"Ping successful: 200 - 2026-05-16T09:45:00.851Z"}
{"level":"info","message":"Running external service ping..."}
{"level":"info","message":"Ping successful: 200 - 2026-05-16T10:20:01.174Z"}
{"level":"info","message":"Running external service ping..."}
{"level":"error","message":"Ping failed: timeout of 10000ms exceeded - 2026-05-16T11:10:10.029Z"}
{"level":"info","message":"Running external service ping..."}
{"level":"error","message":"Ping failed: timeout of 10000ms exceeded - 2026-05-16T12:00:10.028Z"}
{"level":"info","message":"Running external service ping..."}
{"level":"error","message":"Ping failed: timeout of 10000ms exceeded - 2026-05-16T12:35:10.076Z"}
{"level":"info","message":"Running external service ping..."}
{"level":"error","message":"Ping failed: timeout of 10000ms exceeded - 2026-05-16T13:00:10.012Z"}
{"level":"info","message":"Running external service ping..."}
{"level":"error","message":"Ping failed: timeout of 10000ms exceeded - 2026-05-16T14:50:10.025Z"}
{"level":"info","message":"Running external service ping..."}
{"level":"error","message":"Ping failed: timeout of 10000ms exceeded - 2026-05-16T17:25:10.019Z"}
{"level":"info","message":"Running external service ping..."}
{"level":"error","message":"Ping failed: timeout of 10000ms exceeded - 2026-05-16T18:15:10.017Z"}
{"level":"info","message":"Running external service ping..."}
{"level":"error","message":"Ping failed: timeout of 10000ms exceeded - 2026-05-16T19:05:10.018Z"}
{"level":"info","message":"Running external service ping..."}
{"level":"error","message":"Ping failed: getaddrinfo ENOTFOUND mnkhan.onrender.com - 2026-05-16T19:15:00.019Z"}
{"level":"info","message":"Running external service ping..."}
{"level":"error","message":"Ping failed: getaddrinfo ENOTFOUND mnkhan.onrender.com - 2026-05-16T19:35:00.018Z"}
{"level":"info","message":"Running external service ping..."}
{"level":"error","message":"Ping failed: getaddrinfo ENOTFOUND mnkhan.onrender.com - 2026-05-16T19:50:00.014Z"}
{"level":"info","message":"Running external service ping..."}
{"level":"error","message":"Ping failed: timeout of 10000ms exceeded - 2026-05-16T20:15:10.027Z"}
{"level":"info","message":"Running external service ping..."}
{"level":"error","message":"Ping failed: getaddrinfo ENOTFOUND mnkhan.onrender.com - 2026-05-16T20:20:00.026Z"}
{"level":"info","message":"Running external service ping..."}
{"level":"info","message":"Ping successful: 200 - 2026-05-16T20:25:01.221Z"}
{"level":"info","message":"Running external service ping..."}
{"level":"info","message":"Running cleanup job at 2026-05-17T02:00:00.079Z (IST)"}
{"level":"info","message":"Running hourly email journey cron..."}
{"level":"info","message":"Updated 0 non-recurring events to 'past' status"}
{"level":"info","message":"Updated 0 recurring events to 'past' status"}
{"level":"info","message":"Updated 0 bookings to 'expired' status"}
{"level":"info","message":"Ping successful: 200 - 2026-05-16T20:30:00.830Z"}
{"level":"info","message":"Running external service ping..."}
{"level":"info","message":"Ping successful: 200 - 2026-05-16T20:35:01.140Z"}
{"level":"info","message":"Running external service ping..."}
{"level":"info","message":"Ping successful: 200 - 2026-05-16T20:40:01.180Z"}
{"level":"info","message":"Running external service ping..."}
{"level":"info","message":"Ping successful: 200 - 2026-05-16T20:45:01.199Z"}
{"level":"info","message":"Running external service ping..."}
{"level":"info","message":"Ping successful: 200 - 2026-05-16T20:50:00.892Z"}
{"level":"info","message":"Running external service ping..."}
{"level":"info","message":"Ping successful: 200 - 2026-05-16T20:55:01.743Z"}
{"level":"info","message":"Running external service ping..."}
{"level":"info","message":"Ping successful: 200 - 2026-05-16T21:00:00.805Z"}
{"level":"info","message":"Running external service ping..."}
{"level":"info","message":"Ping successful: 200 - 2026-05-16T21:05:01.315Z"}
{"level":"info","message":"Running external service ping..."}
{"level":"info","message":"Ping successful: 200 - 2026-05-16T21:10:01.163Z"}
{"level":"info","message":"Running external service ping..."}
{"level":"error","message":"Ping failed: getaddrinfo ENOTFOUND mnkhan.onrender.com - 2026-05-16T21:15:05.684Z"}
{"level":"info","message":"Running external service ping..."}
{"level":"error","message":"Ping failed: getaddrinfo ENOTFOUND mnkhan.onrender.com - 2026-05-16T21:20:00.021Z"}
{"level":"info","message":"Running external service ping..."}
{"level":"error","message":"Ping failed: timeout of 10000ms exceeded - 2026-05-16T21:25:10.026Z"}
{"level":"info","message":"Running external service ping..."}
{"level":"info","message":"Running cleanup job at 2026-05-17T03:00:00.038Z (IST)"}
{"level":"info","message":"Running hourly email journey cron..."}
{"level":"info","message":"Updated 0 non-recurring events to 'past' status"}
{"level":"info","message":"Updated 0 recurring events to 'past' status"}
{"level":"info","message":"Updated 0 bookings to 'expired' status"}
{"level":"info","message":"Ping successful: 200 - 2026-05-16T21:30:00.846Z"}
{"level":"info","message":"Running external service ping..."}
{"level":"info","message":"Ping successful: 200 - 2026-05-16T21:35:01.211Z"}
{"level":"info","message":"Running external service ping..."}
{"level":"info","message":"Ping successful: 200 - 2026-05-16T21:40:01.168Z"}
{"level":"info","message":"Running external service ping..."}
{"level":"info","message":"Ping successful: 200 - 2026-05-16T21:45:01.201Z"}
{"level":"info","message":"Running external service ping..."}
{"level":"info","message":"Ping successful: 200 - 2026-05-16T21:50:01.866Z"}
{"level":"info","message":"Running external service ping..."}
{"level":"info","message":"Ping successful: 200 - 2026-05-16T21:55:01.247Z"}
{"level":"info","message":"Running external service ping..."}
{"level":"info","message":"Ping successful: 200 - 2026-05-16T22:00:01.290Z"}
{"level":"info","message":"Running external service ping..."}
{"level":"info","message":"Ping successful: 200 - 2026-05-16T22:05:01.337Z"}
{"level":"info","message":"Running external service ping..."}
{"level":"info","message":"Ping successful: 200 - 2026-05-16T22:10:01.276Z"}
{"level":"info","message":"Running external service ping..."}
{"level":"info","message":"Ping successful: 200 - 2026-05-16T22:15:01.120Z"}
{"level":"info","message":"Running external service ping..."}
{"level":"info","message":"Ping successful: 200 - 2026-05-16T22:20:01.426Z"}
{"level":"info","message":"Running external service ping..."}
{"level":"info","message":"Ping successful: 200 - 2026-05-16T22:25:01.534Z"}
{"level":"info","message":"Running external service ping..."}
{"level":"info","message":"Running cleanup job at 2026-05-17T04:00:00.031Z (IST)"}
{"level":"info","message":"Running hourly email journey cron..."}
{"level":"info","message":"Updated 0 non-recurring events to 'past' status"}
{"level":"info","message":"Updated 0 recurring events to 'past' status"}
{"level":"info","message":"Updated 0 bookings to 'expired' status"}
{"level":"info","message":"Ping successful: 200 - 2026-05-16T22:30:01.311Z"}
{"level":"info","message":"Running external service ping..."}
{"level":"info","message":"Ping successful: 200 - 2026-05-16T22:35:01.210Z"}
{"level":"info","message":"Running external service ping..."}
{"level":"info","message":"Ping successful: 200 - 2026-05-16T22:40:01.239Z"}
{"level":"info","message":"Running external service ping..."}
{"level":"info","message":"Ping successful: 200 - 2026-05-16T22:45:01.038Z"}
{"level":"info","message":"Running external service ping..."}
{"level":"info","message":"Ping successful: 200 - 2026-05-16T22:50:01.717Z"}
{"level":"info","message":"Running external service ping..."}
{"level":"info","message":"Ping successful: 200 - 2026-05-16T22:55:01.304Z"}
{"level":"info","message":"Running external service ping..."}
{"level":"info","message":"Ping successful: 200 - 2026-05-16T23:00:01.398Z"}
{"level":"info","message":"Running external service ping..."}
{"level":"info","message":"Ping successful: 200 - 2026-05-16T23:05:01.155Z"}
{"level":"info","message":"Running external service ping..."}
{"level":"info","message":"Ping successful: 200 - 2026-05-16T23:10:00.857Z"}
{"level":"info","message":"Running external service ping..."}
{"level":"info","message":"Ping successful: 200 - 2026-05-16T23:15:01.194Z"}
{"level":"info","message":"Running external service ping..."}
{"level":"info","message":"Ping successful: 200 - 2026-05-16T23:20:00.760Z"}
{"level":"info","message":"Running external service ping..."}
{"level":"info","message":"Ping successful: 200 - 2026-05-16T23:25:01.144Z"}
{"level":"info","message":"Running external service ping..."}
{"level":"info","message":"Running cleanup job at 2026-05-17T05:00:00.029Z (IST)"}
{"level":"info","message":"Running hourly email journey cron..."}
{"level":"info","message":"Updated 0 non-recurring events to 'past' status"}
{"level":"info","message":"Updated 0 recurring events to 'past' status"}
{"level":"info","message":"Updated 0 bookings to 'expired' status"}
{"level":"info","message":"Ping successful: 200 - 2026-05-16T23:30:01.158Z"}
{"level":"info","message":"Running external service ping..."}
{"level":"info","message":"Ping successful: 200 - 2026-05-16T23:35:00.898Z"}
{"level":"info","message":"Running external service ping..."}
{"level":"info","message":"Ping successful: 200 - 2026-05-16T23:40:01.134Z"}
{"level":"info","message":"Running external service ping..."}
{"level":"info","message":"Ping successful: 200 - 2026-05-16T23:45:00.779Z"}
{"level":"info","message":"Running external service ping..."}
{"level":"info","message":"Ping successful: 200 - 2026-05-16T23:50:01.120Z"}
{"level":"info","message":"Running external service ping..."}
{"level":"info","message":"Ping successful: 200 - 2026-05-16T23:55:01.260Z"}
{"level":"info","message":"Running external service ping..."}
{"level":"info","message":"Ping successful: 200 - 2026-05-17T00:00:00.894Z"}
{"level":"info","message":"Running external service ping..."}
{"level":"info","message":"Ping successful: 200 - 2026-05-17T00:05:01.247Z"}
{"level":"info","message":"Running external service ping..."}
{"level":"info","message":"Ping successful: 200 - 2026-05-17T00:10:01.191Z"}
{"level":"info","message":"Running external service ping..."}
{"level":"info","message":"Ping successful: 200 - 2026-05-17T00:15:01.930Z"}
{"level":"info","message":"Running external service ping..."}
{"level":"info","message":"Ping successful: 200 - 2026-05-17T00:20:01.446Z"}
{"level":"info","message":"Running external service ping..."}
{"level":"info","message":"Ping successful: 200 - 2026-05-17T00:25:01.591Z"}
{"level":"info","message":"Running external service ping..."}
{"level":"info","message":"Running cleanup job at 2026-05-17T06:00:00.028Z (IST)"}
{"level":"info","message":"Running hourly email journey cron..."}
{"level":"info","message":"Updated 0 non-recurring events to 'past' status"}
{"level":"info","message":"Updated 0 recurring events to 'past' status"}
{"level":"info","message":"Updated 0 bookings to 'expired' status"}
{"level":"info","message":"Ping successful: 200 - 2026-05-17T00:30:01.416Z"}
{"level":"info","message":"Running external service ping..."}
{"level":"info","message":"Ping successful: 200 - 2026-05-17T00:35:01.284Z"}
{"level":"info","message":"Running external service ping..."}
{"level":"info","message":"Ping successful: 200 - 2026-05-17T00:40:01.381Z"}
{"level":"info","message":"Running external service ping..."}
{"level":"error","message":"Ping failed: timeout of 10000ms exceeded - 2026-05-17T03:25:10.022Z"}
{"level":"info","message":"Running external service ping..."}
{"level":"error","message":"Ping failed: timeout of 10000ms exceeded - 2026-05-17T04:15:10.019Z"}
{"level":"info","message":"Running external service ping..."}
{"level":"error","message":"Ping failed: timeout of 10000ms exceeded - 2026-05-17T05:55:12.845Z"}
{"level":"info","message":"Running external service ping..."}
{"level":"error","message":"Ping failed: timeout of 10000ms exceeded - 2026-05-17T07:46:23.969Z"}
{"level":"info","message":"Running external service ping..."}
{"level":"info","message":"Ping successful: 200 - 2026-05-17T09:20:01.187Z"}
{"level":"info","message":"Running external service ping..."}
{"level":"info","message":"Ping successful: 200 - 2026-05-17T10:50:01.210Z"}
{"level":"info","message":"Running external service ping..."}
{"level":"error","message":"Ping failed: timeout of 10000ms exceeded - 2026-05-17T13:27:15.734Z"}
{"level":"info","message":"Running external service ping..."}
{"level":"info","message":"Running hourly email journey cron..."}
{"level":"info","message":"Running cleanup job at 2026-05-17T20:00:00.034Z (IST)"}
{"level":"info","message":"Updated 0 non-recurring events to 'past' status"}
{"level":"info","message":"Updated 0 recurring events to 'past' status"}
{"level":"info","message":"Updated 0 bookings to 'expired' status"}
{"level":"error","message":"Ping failed: timeout of 10000ms exceeded - 2026-05-17T14:40:09.365Z"}
{"level":"info","message":"Running external service ping..."}
{"level":"error","message":"Ping failed: timeout of 10000ms exceeded - 2026-05-17T15:40:10.026Z"}
{"level":"info","message":"Running external service ping..."}
{"level":"error","message":"Ping failed: timeout of 10000ms exceeded - 2026-05-17T17:45:10.015Z"}
{"level":"info","message":"Running external service ping..."}
{"level":"error","message":"Ping failed: timeout of 10000ms exceeded - 2026-05-17T18:38:01.480Z"}
{"level":"info","message":"Running external service ping..."}
{"level":"info","message":"Ping successful: 200 - 2026-05-17T18:40:01.168Z"}
{"level":"info","message":"Running external service ping..."}
{"level":"error","message":"Ping failed: timeout of 10000ms exceeded - 2026-05-17T19:10:10.071Z"}
{"level":"info","message":"Running external service ping..."}
{"level":"info","message":"Running cleanup job at 2026-05-18T01:00:00.043Z (IST)"}
{"level":"info","message":"Running hourly email journey cron..."}
{"level":"error","message":"Ping failed: getaddrinfo ENOTFOUND mnkhan.onrender.com - 2026-05-17T19:30:00.048Z"}
{"cause":{"beforeHandshake":false,"errorLabelSet":{}},"errorLabelSet":{},"level":"error","message":"Error during cleanup job: getaddrinfo ENOTFOUND ac-ghzgoxq-shard-00-01.cqtywk8.mongodb.net","reason":{"commonWireVersion":0,"compatible":true,"heartbeatFrequencyMS":10000,"localThresholdMS":15,"logicalSessionTimeoutMinutes":null,"maxElectionId":{"$oid":"7fffffff00000000000000c2"},"maxSetVersion":196,"servers":{"ac-ghzgoxq-shard-00-00.cqtywk8.mongodb.net:27017":{"$clusterTime":null,"address":"ac-ghzgoxq-shard-00-00.cqtywk8.mongodb.net:27017","arbiters":[],"electionId":null,"error":{"beforeHandshake":false,"errorLabelSet":{}},"hosts":[],"iscryptd":false,"lastUpdateTime":3639328091,"lastWriteDate":0,"logicalSessionTimeoutMinutes":null,"maxBsonObjectSize":null,"maxMessageSizeBytes":null,"maxWireVersion":0,"maxWriteBatchSize":null,"me":null,"minRoundTripTime":0,"minWireVersion":0,"passives":[],"primary":null,"roundTripTime":-1,"setName":null,"setVersion":null,"tags":{},"topologyVersion":null,"type":"Unknown"},"ac-ghzgoxq-shard-00-01.cqtywk8.mongodb.net:27017":{"$clusterTime":null,"address":"ac-ghzgoxq-shard-00-01.cqtywk8.mongodb.net:27017","arbiters":[],"electionId":null,"error":{"beforeHandshake":false,"errorLabelSet":{}},"hosts":[],"iscryptd":false,"lastUpdateTime":3639328088,"lastWriteDate":0,"logicalSessionTimeoutMinutes":null,"maxBsonObjectSize":null,"maxMessageSizeBytes":null,"maxWireVersion":0,"maxWriteBatchSize":null,"me":null,"minRoundTripTime":0,"minWireVersion":0,"passives":[],"primary":null,"roundTripTime":-1,"setName":null,"setVersion":null,"tags":{},"topologyVersion":null,"type":"Unknown"},"ac-ghzgoxq-shard-00-02.cqtywk8.mongodb.net:27017":{"$clusterTime":null,"address":"ac-ghzgoxq-shard-00-02.cqtywk8.mongodb.net:27017","arbiters":[],"electionId":null,"error":{"beforeHandshake":false,"errorLabelSet":{}},"hosts":[],"iscryptd":false,"lastUpdateTime":3639328089,"lastWriteDate":0,"logicalSessionTimeoutMinutes":null,"maxBsonObjectSize":null,"maxMessageSizeBytes":null,"maxWireVersion":0,"maxWriteBatchSize":null,"me":null,"minRoundTripTime":0,"minWireVersion":0,"passives":[],"primary":null,"roundTripTime":-1,"setName":null,"setVersion":null,"tags":{},"topologyVersion":null,"type":"Unknown"}},"setName":"atlas-v9tktt-shard-0","stale":false,"type":"ReplicaSetNoPrimary"},"stack":"MongoServerSelectionError: getaddrinfo ENOTFOUND ac-ghzgoxq-shard-00-01.cqtywk8.mongodb.net\n    at Topology.selectServer (/Users/hashirsheikh/Documents/dev/event-sphere/backend/node_modules/mongodb/src/sdam/topology.ts:630:30)\n    at runNextTicks (node:internal/process/task_queues:65:5)\n    at listOnTimeout (node:internal/timers:567:9)\n    at process.processTimers (node:internal/timers:541:7)\n    at async tryOperation (/Users/hashirsheikh/Documents/dev/event-sphere/backend/node_modules/mongodb/src/operations/execute_operation.ts:206:16)\n    at async executeOperation (/Users/hashirsheikh/Documents/dev/event-sphere/backend/node_modules/mongodb/src/operations/execute_operation.ts:123:12)\n    at async Collection.updateMany (/Users/hashirsheikh/Documents/dev/event-sphere/backend/node_modules/mongodb/src/collection.ts:450:12)\n    at async model.Query.exec (/Users/hashirsheikh/Documents/dev/event-sphere/backend/node_modules/mongoose/lib/query.js:4652:63)\n    at async cleanupPastEventsAndTickets (/Users/hashirsheikh/Documents/dev/event-sphere/backend/src/utils/cronJobs.ts:29:32)"}
{"cause":{"beforeHandshake":false,"errorLabelSet":{}},"errorLabelSet":{},"level":"error","message":"Error sending reminders: getaddrinfo ENOTFOUND ac-ghzgoxq-shard-00-01.cqtywk8.mongodb.net","reason":{"commonWireVersion":0,"compatible":true,"heartbeatFrequencyMS":10000,"localThresholdMS":15,"logicalSessionTimeoutMinutes":null,"maxElectionId":{"$oid":"7fffffff00000000000000c2"},"maxSetVersion":196,"servers":{"ac-ghzgoxq-shard-00-00.cqtywk8.mongodb.net:27017":{"$clusterTime":null,"address":"ac-ghzgoxq-shard-00-00.cqtywk8.mongodb.net:27017","arbiters":[],"electionId":null,"error":{"beforeHandshake":false,"errorLabelSet":{}},"hosts":[],"iscryptd":false,"lastUpdateTime":3639328091,"lastWriteDate":0,"logicalSessionTimeoutMinutes":null,"maxBsonObjectSize":null,"maxMessageSizeBytes":null,"maxWireVersion":0,"maxWriteBatchSize":null,"me":null,"minRoundTripTime":0,"minWireVersion":0,"passives":[],"primary":null,"roundTripTime":-1,"setName":null,"setVersion":null,"tags":{},"topologyVersion":null,"type":"Unknown"},"ac-ghzgoxq-shard-00-01.cqtywk8.mongodb.net:27017":{"$clusterTime":null,"address":"ac-ghzgoxq-shard-00-01.cqtywk8.mongodb.net:27017","arbiters":[],"electionId":null,"error":{"beforeHandshake":false,"errorLabelSet":{}},"hosts":[],"iscryptd":false,"lastUpdateTime":3639328088,"lastWriteDate":0,"logicalSessionTimeoutMinutes":null,"maxBsonObjectSize":null,"maxMessageSizeBytes":null,"maxWireVersion":0,"maxWriteBatchSize":null,"me":null,"minRoundTripTime":0,"minWireVersion":0,"passives":[],"primary":null,"roundTripTime":-1,"setName":null,"setVersion":null,"tags":{},"topologyVersion":null,"type":"Unknown"},"ac-ghzgoxq-shard-00-02.cqtywk8.mongodb.net:27017":{"$clusterTime":null,"address":"ac-ghzgoxq-shard-00-02.cqtywk8.mongodb.net:27017","arbiters":[],"electionId":null,"error":{"beforeHandshake":false,"errorLabelSet":{}},"hosts":[],"iscryptd":false,"lastUpdateTime":3639328089,"lastWriteDate":0,"logicalSessionTimeoutMinutes":null,"maxBsonObjectSize":null,"maxMessageSizeBytes":null,"maxWireVersion":0,"maxWriteBatchSize":null,"me":null,"minRoundTripTime":0,"minWireVersion":0,"passives":[],"primary":null,"roundTripTime":-1,"setName":null,"setVersion":null,"tags":{},"topologyVersion":null,"type":"Unknown"}},"setName":"atlas-v9tktt-shard-0","stale":false,"type":"ReplicaSetNoPrimary"},"stack":"MongoServerSelectionError: getaddrinfo ENOTFOUND ac-ghzgoxq-shard-00-01.cqtywk8.mongodb.net\n    at Topology.selectServer (/Users/hashirsheikh/Documents/dev/event-sphere/backend/node_modules/mongodb/src/sdam/topology.ts:630:30)\n    at runNextTicks (node:internal/process/task_queues:65:5)\n    at listOnTimeout (node:internal/timers:567:9)\n    at process.processTimers (node:internal/timers:541:7)\n    at async tryOperation (/Users/hashirsheikh/Documents/dev/event-sphere/backend/node_modules/mongodb/src/operations/execute_operation.ts:206:16)\n    at async executeOperation (/Users/hashirsheikh/Documents/dev/event-sphere/backend/node_modules/mongodb/src/operations/execute_operation.ts:123:12)\n    at async FindCursor._initialize (/Users/hashirsheikh/Documents/dev/event-sphere/backend/node_modules/mongodb/src/cursor/find_cursor.ts:92:22)\n    at async FindCursor.cursorInit (/Users/hashirsheikh/Documents/dev/event-sphere/backend/node_modules/mongodb/src/cursor/abstract_cursor.ts:917:21)\n    at async FindCursor.fetchBatch (/Users/hashirsheikh/Documents/dev/event-sphere/backend/node_modules/mongodb/src/cursor/abstract_cursor.ts:955:7)\n    at async FindCursor.next (/Users/hashirsheikh/Documents/dev/event-sphere/backend/node_modules/mongodb/src/cursor/abstract_cursor.ts:573:9)"}
{"cause":{"beforeHandshake":false,"errorLabelSet":{}},"errorLabelSet":{},"level":"error","message":"Error sending review requests: getaddrinfo ENOTFOUND ac-ghzgoxq-shard-00-01.cqtywk8.mongodb.net","reason":{"commonWireVersion":0,"compatible":true,"heartbeatFrequencyMS":10000,"localThresholdMS":15,"logicalSessionTimeoutMinutes":null,"maxElectionId":{"$oid":"7fffffff00000000000000c2"},"maxSetVersion":196,"servers":{"ac-ghzgoxq-shard-00-00.cqtywk8.mongodb.net:27017":{"$clusterTime":null,"address":"ac-ghzgoxq-shard-00-00.cqtywk8.mongodb.net:27017","arbiters":[],"electionId":null,"error":{"beforeHandshake":false,"errorLabelSet":{}},"hosts":[],"iscryptd":false,"lastUpdateTime":3639328091,"lastWriteDate":0,"logicalSessionTimeoutMinutes":null,"maxBsonObjectSize":null,"maxMessageSizeBytes":null,"maxWireVersion":0,"maxWriteBatchSize":null,"me":null,"minRoundTripTime":0,"minWireVersion":0,"passives":[],"primary":null,"roundTripTime":-1,"setName":null,"setVersion":null,"tags":{},"topologyVersion":null,"type":"Unknown"},"ac-ghzgoxq-shard-00-01.cqtywk8.mongodb.net:27017":{"$clusterTime":null,"address":"ac-ghzgoxq-shard-00-01.cqtywk8.mongodb.net:27017","arbiters":[],"electionId":null,"error":{"beforeHandshake":false,"errorLabelSet":{}},"hosts":[],"iscryptd":false,"lastUpdateTime":3639328088,"lastWriteDate":0,"logicalSessionTimeoutMinutes":null,"maxBsonObjectSize":null,"maxMessageSizeBytes":null,"maxWireVersion":0,"maxWriteBatchSize":null,"me":null,"minRoundTripTime":0,"minWireVersion":0,"passives":[],"primary":null,"roundTripTime":-1,"setName":null,"setVersion":null,"tags":{},"topologyVersion":null,"type":"Unknown"},"ac-ghzgoxq-shard-00-02.cqtywk8.mongodb.net:27017":{"$clusterTime":null,"address":"ac-ghzgoxq-shard-00-02.cqtywk8.mongodb.net:27017","arbiters":[],"electionId":null,"error":{"beforeHandshake":false,"errorLabelSet":{}},"hosts":[],"iscryptd":false,"lastUpdateTime":3639328089,"lastWriteDate":0,"logicalSessionTimeoutMinutes":null,"maxBsonObjectSize":null,"maxMessageSizeBytes":null,"maxWireVersion":0,"maxWriteBatchSize":null,"me":null,"minRoundTripTime":0,"minWireVersion":0,"passives":[],"primary":null,"roundTripTime":-1,"setName":null,"setVersion":null,"tags":{},"topologyVersion":null,"type":"Unknown"}},"setName":"atlas-v9tktt-shard-0","stale":false,"type":"ReplicaSetNoPrimary"},"stack":"MongoServerSelectionError: getaddrinfo ENOTFOUND ac-ghzgoxq-shard-00-01.cqtywk8.mongodb.net\n    at Topology.selectServer (/Users/hashirsheikh/Documents/dev/event-sphere/backend/node_modules/mongodb/src/sdam/topology.ts:630:30)\n    at async tryOperation (/Users/hashirsheikh/Documents/dev/event-sphere/backend/node_modules/mongodb/src/operations/execute_operation.ts:206:16)\n    at async executeOperation (/Users/hashirsheikh/Documents/dev/event-sphere/backend/node_modules/mongodb/src/operations/execute_operation.ts:123:12)\n    at async FindCursor._initialize (/Users/hashirsheikh/Documents/dev/event-sphere/backend/node_modules/mongodb/src/cursor/find_cursor.ts:92:22)\n    at async FindCursor.cursorInit (/Users/hashirsheikh/Documents/dev/event-sphere/backend/node_modules/mongodb/src/cursor/abstract_cursor.ts:917:21)\n    at async FindCursor.fetchBatch (/Users/hashirsheikh/Documents/dev/event-sphere/backend/node_modules/mongodb/src/cursor/abstract_cursor.ts:955:7)\n    at async FindCursor.next (/Users/hashirsheikh/Documents/dev/event-sphere/backend/node_modules/mongodb/src/cursor/abstract_cursor.ts:573:9)\n    at async FindCursor.[Symbol.asyncIterator] (/Users/hashirsheikh/Documents/dev/event-sphere/backend/node_modules/mongodb/src/cursor/abstract_cursor.ts:492:26)\n    at async FindCursor.toArray (/Users/hashirsheikh/Documents/dev/event-sphere/backend/node_modules/mongodb/src/cursor/abstract_cursor.ts:661:22)\n    at async model.Query._find (/Users/hashirsheikh/Documents/dev/event-sphere/backend/node_modules/mongoose/lib/query.js:2432:14)"}
{"level":"info","message":"Running external service ping..."}
{"level":"error","message":"Ping failed: timeout of 10000ms exceeded - 2026-05-17T19:35:10.026Z"}
{"level":"info","message":"Running external service ping..."}
{"level":"error","message":"Ping failed: timeout of 10000ms exceeded - 2026-05-17T20:10:10.032Z"}
{"level":"info","message":"Running external service ping..."}
{"level":"info","message":"Ping successful: 200 - 2026-05-17T20:15:00.882Z"}
{"level":"info","message":"Running external service ping..."}
{"level":"info","message":"Ping successful: 200 - 2026-05-17T20:20:01.184Z"}
{"level":"info","message":"Running external service ping..."}
{"level":"info","message":"Ping successful: 200 - 2026-05-17T20:25:01.185Z"}
{"level":"info","message":"Running external service ping..."}
{"level":"info","message":"Running cleanup job at 2026-05-18T02:00:00.064Z (IST)"}
{"level":"info","message":"Running hourly email journey cron..."}
{"level":"info","message":"Updated 0 non-recurring events to 'past' status"}
{"level":"info","message":"Updated 0 recurring events to 'past' status"}
{"level":"info","message":"Updated 0 bookings to 'expired' status"}
{"level":"info","message":"Ping successful: 200 - 2026-05-17T20:30:01.216Z"}
{"level":"info","message":"Running external service ping..."}
{"level":"info","message":"Ping successful: 200 - 2026-05-17T20:35:00.850Z"}
{"level":"info","message":"Running external service ping..."}
{"level":"info","message":"Ping successful: 200 - 2026-05-17T20:40:01.200Z"}
{"level":"info","message":"Running external service ping..."}
{"level":"info","message":"Ping successful: 200 - 2026-05-17T20:45:01.144Z"}
{"level":"info","message":"Running external service ping..."}
{"level":"info","message":"Ping successful: 200 - 2026-05-17T20:50:01.186Z"}
{"level":"info","message":"Running external service ping..."}
{"level":"info","message":"Ping successful: 200 - 2026-05-17T20:55:01.234Z"}
{"level":"info","message":"Running external service ping..."}
{"level":"info","message":"Ping successful: 200 - 2026-05-17T21:00:01.173Z"}
{"level":"info","message":"Running external service ping..."}
{"level":"info","message":"Ping successful: 200 - 2026-05-17T21:05:01.216Z"}
{"level":"info","message":"Running external service ping..."}
{"level":"info","message":"Ping successful: 200 - 2026-05-17T21:10:01.199Z"}
{"level":"info","message":"Running external service ping..."}
{"level":"info","message":"Ping successful: 200 - 2026-05-17T21:15:01.306Z"}
{"level":"info","message":"Running external service ping..."}
{"level":"info","message":"Ping successful: 200 - 2026-05-17T21:20:01.361Z"}
{"level":"info","message":"Running external service ping..."}
{"level":"info","message":"Ping successful: 200 - 2026-05-17T21:25:00.883Z"}
{"level":"info","message":"Running external service ping..."}
{"level":"info","message":"Running cleanup job at 2026-05-18T03:00:00.035Z (IST)"}
{"level":"info","message":"Running hourly email journey cron..."}
{"level":"info","message":"Updated 0 non-recurring events to 'past' status"}
{"level":"info","message":"Updated 0 recurring events to 'past' status"}
{"level":"info","message":"Updated 0 bookings to 'expired' status"}
{"level":"info","message":"Ping successful: 200 - 2026-05-17T21:30:01.024Z"}
{"level":"info","message":"Running external service ping..."}
{"level":"info","message":"Ping successful: 200 - 2026-05-17T21:35:01.172Z"}
{"level":"info","message":"Running external service ping..."}
{"level":"info","message":"Ping successful: 200 - 2026-05-17T21:40:00.861Z"}
{"level":"info","message":"Running external service ping..."}
{"level":"info","message":"Ping successful: 200 - 2026-05-17T21:45:01.159Z"}
{"level":"info","message":"Running external service ping..."}
{"level":"info","message":"Ping successful: 200 - 2026-05-17T21:50:01.222Z"}
{"level":"info","message":"Running external service ping..."}
{"level":"info","message":"Ping successful: 200 - 2026-05-17T21:55:01.122Z"}
{"level":"info","message":"Running external service ping..."}
{"level":"info","message":"Ping successful: 200 - 2026-05-17T22:00:01.196Z"}
{"level":"info","message":"Running external service ping..."}
{"level":"info","message":"Ping successful: 200 - 2026-05-17T22:05:01.154Z"}
{"level":"info","message":"Running external service ping..."}
{"level":"info","message":"Ping successful: 200 - 2026-05-17T22:10:00.961Z"}
{"level":"info","message":"Running external service ping..."}
{"level":"info","message":"Ping successful: 200 - 2026-05-17T22:15:01.208Z"}
{"level":"info","message":"Running external service ping..."}
{"level":"info","message":"Ping successful: 200 - 2026-05-17T22:20:01.248Z"}
{"level":"info","message":"Running external service ping..."}
{"level":"info","message":"Ping successful: 200 - 2026-05-17T22:25:01.189Z"}
{"level":"info","message":"Running external service ping..."}
{"level":"info","message":"Running hourly email journey cron..."}
{"level":"info","message":"Running cleanup job at 2026-05-18T04:00:00.054Z (IST)"}
{"level":"info","message":"Updated 0 non-recurring events to 'past' status"}
{"level":"info","message":"Updated 0 recurring events to 'past' status"}
{"level":"info","message":"Updated 0 bookings to 'expired' status"}
{"level":"info","message":"Ping successful: 200 - 2026-05-17T22:30:01.322Z"}
{"level":"info","message":"Running external service ping..."}
{"level":"info","message":"Ping successful: 200 - 2026-05-17T22:35:01.529Z"}
{"level":"info","message":"Running external service ping..."}
{"level":"error","message":"Ping failed: getaddrinfo ENOTFOUND mnkhan.onrender.com - 2026-05-17T22:40:00.051Z"}
{"level":"info","message":"Running external service ping..."}
{"level":"info","message":"Ping successful: 200 - 2026-05-17T22:45:01.476Z"}
{"level":"info","message":"Running external service ping..."}
{"level":"info","message":"Ping successful: 200 - 2026-05-17T22:50:01.022Z"}
{"level":"info","message":"Running external service ping..."}
{"level":"info","message":"Ping successful: 200 - 2026-05-17T22:55:01.283Z"}
{"level":"info","message":"Running external service ping..."}
{"level":"info","message":"Ping successful: 200 - 2026-05-17T23:00:01.277Z"}
{"level":"info","message":"Running external service ping..."}
{"level":"info","message":"Ping successful: 200 - 2026-05-17T23:05:01.362Z"}
{"level":"info","message":"Running external service ping..."}
{"level":"info","message":"Ping successful: 200 - 2026-05-17T23:10:01.386Z"}
{"level":"info","message":"Running external service ping..."}
{"level":"info","message":"Ping successful: 200 - 2026-05-17T23:15:01.419Z"}
{"level":"info","message":"Running external service ping..."}
{"level":"info","message":"Ping successful: 200 - 2026-05-17T23:20:01.346Z"}
{"level":"info","message":"Running external service ping..."}
{"level":"info","message":"Ping successful: 200 - 2026-05-17T23:25:01.785Z"}
{"level":"info","message":"Running hourly email journey cron..."}
{"level":"info","message":"Running cleanup job at 2026-05-18T05:00:00.031Z (IST)"}
{"level":"info","message":"Running external service ping..."}
{"level":"info","message":"Ping successful: 200 - 2026-05-17T23:30:01.046Z"}
{"level":"info","message":"Updated 0 non-recurring events to 'past' status"}
{"level":"info","message":"Updated 0 recurring events to 'past' status"}
{"level":"info","message":"Updated 0 bookings to 'expired' status"}
{"level":"info","message":"Running external service ping..."}
{"level":"info","message":"Ping successful: 200 - 2026-05-17T23:35:01.851Z"}
{"level":"info","message":"Running external service ping..."}
{"level":"info","message":"Ping successful: 200 - 2026-05-17T23:40:01.057Z"}
{"level":"info","message":"Running external service ping..."}
{"level":"info","message":"Ping successful: 200 - 2026-05-17T23:45:01.092Z"}
{"level":"info","message":"Running external service ping..."}
{"level":"info","message":"Ping successful: 200 - 2026-05-17T23:50:01.249Z"}
{"level":"info","message":"Running external service ping..."}
{"level":"info","message":"Ping successful: 200 - 2026-05-17T23:55:01.252Z"}
{"level":"info","message":"Running external service ping..."}
{"level":"info","message":"Ping successful: 200 - 2026-05-18T00:00:01.285Z"}
{"level":"info","message":"Running external service ping..."}
{"level":"info","message":"Ping successful: 200 - 2026-05-18T00:05:01.418Z"}
{"level":"info","message":"Running external service ping..."}
{"level":"info","message":"Ping successful: 200 - 2026-05-18T00:10:01.182Z"}
{"level":"info","message":"Running external service ping..."}
{"level":"error","message":"Ping failed: timeout of 10000ms exceeded - 2026-05-18T02:15:10.018Z"}
{"level":"info","message":"Running external service ping..."}
{"level":"error","message":"Ping failed: timeout of 10000ms exceeded - 2026-05-18T04:10:10.033Z"}
{"level":"info","message":"Running cleanup job at 2026-05-18T10:00:00.106Z (IST)"}
{"level":"info","message":"Running hourly email journey cron..."}
{"level":"info","message":"Running external service ping..."}
{"level":"info","message":"Updated 0 non-recurring events to 'past' status"}
{"level":"info","message":"Updated 0 recurring events to 'past' status"}
{"level":"info","message":"Updated 0 bookings to 'expired' status"}
{"level":"error","message":"Ping failed: timeout of 10000ms exceeded - 2026-05-18T04:30:10.116Z"}
{"level":"info","message":"Running external service ping..."}
{"level":"error","message":"Ping failed: timeout of 10000ms exceeded - 2026-05-18T05:15:10.048Z"}
{"level":"info","message":"Running external service ping..."}
{"level":"info","message":"Running cleanup job at 2026-05-18T12:00:00.037Z (IST)"}
{"level":"info","message":"Running hourly email journey cron..."}
{"level":"info","message":"Updated 0 non-recurring events to 'past' status"}
{"level":"info","message":"Updated 0 recurring events to 'past' status"}
{"level":"info","message":"Updated 0 bookings to 'expired' status"}
{"level":"error","message":"Ping failed: timeout of 10000ms exceeded - 2026-05-18T06:30:10.049Z"}
{"level":"info","message":"Running external service ping..."}
{"level":"error","message":"Ping failed: timeout of 10000ms exceeded - 2026-05-18T09:15:10.724Z"}
{"level":"info","message":"Running external service ping..."}
{"level":"error","message":"Ping failed: timeout of 10000ms exceeded - 2026-05-18T09:55:10.036Z"}
{"level":"info","message":"Running external service ping..."}
{"level":"error","message":"Ping failed: timeout of 10000ms exceeded - 2026-05-18T10:45:10.024Z"}
{"level":"info","message":"Running external service ping..."}
{"level":"error","message":"Ping failed: timeout of 10000ms exceeded - 2026-05-18T11:35:10.042Z"}
{"level":"info","message":"Running external service ping..."}
{"level":"info","message":"Running hourly email journey cron..."}
{"level":"info","message":"Running cleanup job at 2026-05-18T18:00:00.157Z (IST)"}
{"level":"info","message":"Updated 0 non-recurring events to 'past' status"}
{"level":"info","message":"Updated 0 recurring events to 'past' status"}
{"level":"info","message":"Updated 0 bookings to 'expired' status"}
{"level":"error","message":"Ping failed: timeout of 10000ms exceeded - 2026-05-18T12:30:10.158Z"}
{"level":"info","message":"Running external service ping..."}
{"level":"error","message":"Ping failed: timeout of 10000ms exceeded - 2026-05-18T14:20:10.025Z"}
{"level":"info","message":"Running external service ping..."}
{"level":"error","message":"Ping failed: timeout of 10000ms exceeded - 2026-05-18T14:55:10.031Z"}
{"level":"info","message":"Running external service ping..."}
{"level":"info","message":"Ping successful: 200 - 2026-05-18T15:00:01.118Z"}
{"level":"info","message":"Running external service ping..."}
{"level":"error","message":"Ping failed: Request failed with status code 502 - 2026-05-18T15:15:01.541Z"}
{"level":"info","message":"Running external service ping..."}
{"level":"error","message":"Ping failed: timeout of 10000ms exceeded - 2026-05-18T15:25:10.022Z"}
{"level":"info","message":"Running cleanup job at 2026-05-18T22:00:00.037Z (IST)"}
{"level":"info","message":"Running hourly email journey cron..."}
{"level":"info","message":"Running external service ping..."}
{"level":"info","message":"Updated 0 non-recurring events to 'past' status"}
{"level":"info","message":"Updated 0 recurring events to 'past' status"}
{"level":"info","message":"Updated 0 bookings to 'expired' status"}
{"level":"info","message":"Ping successful: 200 - 2026-05-18T16:30:01.168Z"}
{"level":"info","message":"Running external service ping..."}
{"level":"info","message":"Ping successful: 200 - 2026-05-18T17:40:01.167Z"}
{"level":"info","message":"Running external service ping..."}
{"level":"error","message":"Ping failed: getaddrinfo ENOTFOUND mnkhan.onrender.com - 2026-05-18T17:45:00.022Z"}
{"level":"info","message":"Running external service ping..."}
{"level":"info","message":"Running hourly email journey cron..."}
{"level":"info","message":"Running cleanup job at 2026-05-19T00:00:00.057Z (IST)"}
{"level":"info","message":"Updated 1 non-recurring events to 'past' status"}
{"level":"info","message":"Updated 0 recurring events to 'past' status"}
{"level":"info","message":"Updated 0 bookings to 'expired' status"}
{"level":"error","message":"Ping failed: timeout of 10000ms exceeded - 2026-05-18T18:30:10.054Z"}
{"level":"info","message":"Running external service ping..."}
{"level":"error","message":"Ping failed: getaddrinfo ENOTFOUND mnkhan.onrender.com - 2026-05-18T19:05:00.025Z"}
{"level":"info","message":"Running external service ping..."}
{"level":"error","message":"Ping failed: timeout of 10000ms exceeded - 2026-05-18T19:15:10.035Z"}
{"level":"info","message":"Running external service ping..."}
{"level":"info","message":"Ping successful: 200 - 2026-05-18T19:25:09.035Z"}
{"level":"info","message":"Running external service ping..."}
{"level":"error","message":"Ping failed: timeout of 10000ms exceeded - 2026-05-18T20:05:10.030Z"}
{"level":"info","message":"Running external service ping..."}
{"level":"info","message":"Ping successful: 200 - 2026-05-18T20:55:01.309Z"}
{"level":"info","message":"Running external service ping..."}
{"level":"error","message":"Ping failed: timeout of 10000ms exceeded - 2026-05-18T21:15:10.042Z"}
{"level":"info","message":"Running external service ping..."}
{"level":"info","message":"Ping successful: 200 - 2026-05-18T21:20:01.308Z"}
{"level":"info","message":"Running external service ping..."}
{"level":"info","message":"Ping successful: 200 - 2026-05-18T21:25:01.450Z"}
{"level":"info","message":"Running hourly email journey cron..."}
{"level":"info","message":"Running external service ping..."}
{"level":"info","message":"Running cleanup job at 2026-05-19T03:00:00.039Z (IST)"}
{"level":"info","message":"Ping successful: 200 - 2026-05-18T21:30:02.517Z"}
{"level":"info","message":"Updated 0 non-recurring events to 'past' status"}
{"level":"info","message":"Updated 0 recurring events to 'past' status"}
{"level":"info","message":"Updated 0 bookings to 'expired' status"}
{"level":"info","message":"Running external service ping..."}
{"level":"info","message":"Ping successful: 200 - 2026-05-18T21:35:02.522Z"}
{"level":"info","message":"Running external service ping..."}
{"level":"info","message":"Ping successful: 200 - 2026-05-18T21:40:00.862Z"}
{"level":"info","message":"Running external service ping..."}
{"level":"info","message":"Ping successful: 200 - 2026-05-18T21:45:01.859Z"}
{"level":"info","message":"Running external service ping..."}
{"level":"info","message":"Ping successful: 200 - 2026-05-18T21:50:02.937Z"}
{"level":"info","message":"Running external service ping..."}
{"level":"info","message":"Ping successful: 200 - 2026-05-18T21:55:01.222Z"}
{"level":"info","message":"Running external service ping..."}
{"level":"info","message":"Ping successful: 200 - 2026-05-18T22:00:01.171Z"}
{"level":"info","message":"Running external service ping..."}
{"level":"info","message":"Ping successful: 200 - 2026-05-18T22:05:01.423Z"}
{"level":"info","message":"Running external service ping..."}
{"level":"info","message":"Ping successful: 200 - 2026-05-18T22:10:01.099Z"}
{"level":"info","message":"Running external service ping..."}
{"level":"info","message":"Ping successful: 200 - 2026-05-18T22:15:01.117Z"}
{"level":"info","message":"Running external service ping..."}
{"level":"info","message":"Ping successful: 200 - 2026-05-18T22:20:02.253Z"}
{"level":"info","message":"Running external service ping..."}
{"level":"info","message":"Ping successful: 200 - 2026-05-18T22:25:01.172Z"}
{"level":"info","message":"Running hourly email journey cron..."}
{"level":"info","message":"Running external service ping..."}
{"level":"info","message":"Running cleanup job at 2026-05-19T04:00:00.037Z (IST)"}
{"level":"info","message":"Updated 0 non-recurring events to 'past' status"}
{"level":"info","message":"Updated 0 recurring events to 'past' status"}
{"level":"info","message":"Updated 0 bookings to 'expired' status"}
{"level":"info","message":"Ping successful: 200 - 2026-05-18T22:30:01.223Z"}
{"level":"info","message":"Running external service ping..."}
{"level":"error","message":"Ping failed: timeout of 10000ms exceeded - 2026-05-18T22:45:10.049Z"}
{"level":"info","message":"Running external service ping..."}
{"level":"info","message":"Ping successful: 200 - 2026-05-18T22:50:01.333Z"}
{"level":"info","message":"Running external service ping..."}
{"level":"info","message":"Ping successful: 200 - 2026-05-18T22:55:01.219Z"}
{"level":"info","message":"Running external service ping..."}
{"level":"info","message":"Running hourly email journey cron..."}
{"level":"info","message":"Running cleanup job at 2026-05-19T05:00:00.033Z (IST)"}
{"level":"info","message":"Updated 0 non-recurring events to 'past' status"}
{"level":"info","message":"Updated 0 recurring events to 'past' status"}
{"level":"info","message":"Updated 0 bookings to 'expired' status"}
{"level":"error","message":"Ping failed: timeout of 10000ms exceeded - 2026-05-18T23:30:10.031Z"}
{"level":"info","message":"Running external service ping..."}
{"level":"error","message":"Ping failed: timeout of 10000ms exceeded - 2026-05-19T01:10:10.033Z"}
{"level":"info","message":"Running external service ping..."}
{"level":"error","message":"Ping failed: timeout of 10000ms exceeded - 2026-05-19T03:35:10.033Z"}
{"level":"info","message":"Running external service ping..."}
{"level":"info","message":"Running cleanup job at 2026-05-19T10:00:00.289Z (IST)"}
{"level":"info","message":"Running hourly email journey cron..."}
{"level":"info","message":"Updated 0 non-recurring events to 'past' status"}
{"level":"info","message":"Updated 0 recurring events to 'past' status"}
{"level":"info","message":"Updated 0 bookings to 'expired' status"}
{"level":"error","message":"Ping failed: timeout of 10000ms exceeded - 2026-05-19T04:30:10.283Z"}
{"level":"info","message":"Running external service ping..."}
{"level":"info","message":"Ping successful: 200 - 2026-05-19T05:35:01.213Z"}
{"level":"info","message":"Running external service ping..."}
{"level":"info","message":"Ping successful: 200 - 2026-05-19T06:20:01.236Z"}
{"level":"info","message":"Running external service ping..."}
{"level":"info","message":"Ping successful: 200 - 2026-05-19T07:15:01.610Z"}
{"level":"info","message":"Running external service ping..."}
{"level":"info","message":"Ping successful: 200 - 2026-05-19T09:00:01.363Z"}
{"level":"info","message":"Running external service ping..."}
{"level":"error","message":"Ping failed: timeout of 10000ms exceeded - 2026-05-19T11:00:10.068Z"}
{"level":"info","message":"Running external service ping..."}
{"level":"info","message":"Ping successful: 200 - 2026-05-19T11:40:00.824Z"}
{"level":"info","message":"Running external service ping..."}
{"level":"info","message":"Running hourly email journey cron..."}
{"level":"info","message":"Running cleanup job at 2026-05-19T18:00:00.166Z (IST)"}
{"level":"info","message":"Updated 0 non-recurring events to 'past' status"}
{"level":"info","message":"Updated 0 recurring events to 'past' status"}
{"level":"info","message":"Updated 0 bookings to 'expired' status"}
{"level":"error","message":"Ping failed: timeout of 10000ms exceeded - 2026-05-19T12:30:10.100Z"}
{"level":"info","message":"Running external service ping..."}
{"level":"error","message":"Ping failed: timeout of 10000ms exceeded - 2026-05-19T13:40:10.058Z"}
{"level":"info","message":"Running external service ping..."}
{"level":"info","message":"Ping successful: 200 - 2026-05-19T14:20:03.917Z"}
{"level":"info","message":"Running external service ping..."}
{"level":"error","message":"Ping failed: timeout of 10000ms exceeded - 2026-05-19T16:40:10.046Z"}
{"level":"info","message":"Running external service ping..."}
{"level":"info","message":"Ping successful: 200 - 2026-05-19T16:45:01.428Z"}
{"level":"info","message":"Running external service ping..."}
{"level":"error","message":"Ping failed: timeout of 10000ms exceeded - 2026-05-19T17:45:10.016Z"}
{"level":"info","message":"Running external service ping..."}
{"level":"error","message":"Ping failed: timeout of 10000ms exceeded - 2026-05-19T18:20:10.028Z"}
{"level":"info","message":"Running cleanup job at 2026-05-20T01:00:00.044Z (IST)"}
{"level":"info","message":"Running external service ping..."}
{"level":"info","message":"Running hourly email journey cron..."}
{"level":"info","message":"Updated 0 non-recurring events to 'past' status"}
{"level":"info","message":"Updated 0 recurring events to 'past' status"}
{"level":"info","message":"Updated 0 bookings to 'expired' status"}
{"level":"info","message":"Ping successful: 200 - 2026-05-19T19:30:01.453Z"}
{"level":"info","message":"Running external service ping..."}
{"level":"info","message":"Ping successful: 200 - 2026-05-19T19:35:02.265Z"}
{"level":"info","message":"Running external service ping..."}
{"level":"info","message":"Ping successful: 200 - 2026-05-19T19:40:01.182Z"}
{"level":"info","message":"Running external service ping..."}
{"level":"info","message":"Ping successful: 200 - 2026-05-19T19:45:01.267Z"}
{"level":"info","message":"Running external service ping..."}
{"level":"info","message":"Ping successful: 200 - 2026-05-19T19:50:00.881Z"}
{"level":"info","message":"Running external service ping..."}
{"level":"error","message":"Ping failed: getaddrinfo ENOTFOUND mnkhan.onrender.com - 2026-05-19T19:55:00.038Z"}
{"level":"info","message":"Running external service ping..."}
{"level":"info","message":"Ping successful: 200 - 2026-05-19T20:00:01.390Z"}
{"level":"info","message":"Running external service ping..."}
{"level":"info","message":"Ping successful: 200 - 2026-05-19T20:05:01.228Z"}
{"level":"info","message":"Running external service ping..."}
{"level":"info","message":"Ping successful: 200 - 2026-05-19T20:10:01.326Z"}
{"level":"info","message":"Running external service ping..."}
{"level":"info","message":"Ping successful: 200 - 2026-05-19T20:15:01.247Z"}
{"level":"info","message":"Running external service ping..."}
{"level":"info","message":"Ping successful: 200 - 2026-05-19T20:20:01.460Z"}
{"level":"info","message":"Running external service ping..."}
{"level":"info","message":"Ping successful: 200 - 2026-05-19T20:25:01.260Z"}
{"level":"info","message":"Running external service ping..."}
{"level":"info","message":"Running cleanup job at 2026-05-20T02:00:00.029Z (IST)"}
{"level":"info","message":"Running hourly email journey cron..."}
{"level":"info","message":"Updated 0 non-recurring events to 'past' status"}
{"level":"info","message":"Updated 0 recurring events to 'past' status"}
{"level":"info","message":"Updated 0 bookings to 'expired' status"}
{"level":"info","message":"Ping successful: 200 - 2026-05-19T20:30:00.917Z"}
{"level":"info","message":"Running external service ping..."}
{"level":"info","message":"Ping successful: 200 - 2026-05-19T20:35:01.331Z"}
{"level":"info","message":"Running external service ping..."}
{"level":"info","message":"Ping successful: 200 - 2026-05-19T20:40:01.260Z"}
{"level":"info","message":"Running external service ping..."}
{"level":"info","message":"Ping successful: 200 - 2026-05-19T20:45:01.502Z"}
{"level":"info","message":"Running external service ping..."}
{"level":"info","message":"Ping successful: 200 - 2026-05-19T20:50:01.185Z"}
{"level":"info","message":"Running external service ping..."}
{"level":"info","message":"Ping successful: 200 - 2026-05-19T20:55:00.928Z"}
{"level":"info","message":"Running external service ping..."}
{"level":"info","message":"Ping successful: 200 - 2026-05-19T21:00:01.319Z"}
{"level":"info","message":"Running external service ping..."}
{"level":"info","message":"Ping successful: 200 - 2026-05-19T21:05:00.908Z"}
{"level":"info","message":"Running external service ping..."}
{"level":"info","message":"Ping successful: 200 - 2026-05-19T21:10:00.865Z"}
{"level":"info","message":"Running external service ping..."}
{"level":"info","message":"Ping successful: 200 - 2026-05-19T21:15:01.010Z"}
{"level":"info","message":"Running external service ping..."}
{"level":"error","message":"Ping failed: timeout of 10000ms exceeded - 2026-05-19T22:45:10.024Z"}
{"level":"info","message":"Running external service ping..."}
{"level":"error","message":"Ping failed: timeout of 10000ms exceeded - 2026-05-20T00:16:00.196Z"}
{"level":"info","message":"Running external service ping..."}
{"level":"error","message":"Ping failed: timeout of 10000ms exceeded - 2026-05-20T01:00:10.031Z"}
{"level":"info","message":"Running external service ping..."}
{"level":"error","message":"Ping failed: timeout of 10000ms exceeded - 2026-05-20T01:50:10.018Z"}
{"level":"info","message":"Running external service ping..."}
{"level":"error","message":"Ping failed: timeout of 10000ms exceeded - 2026-05-20T03:20:10.023Z"}
{"level":"info","message":"Running external service ping..."}
{"level":"error","message":"Ping failed: timeout of 10000ms exceeded - 2026-05-20T04:30:00.281Z"}
{"level":"info","message":"Running cleanup job at 2026-05-20T10:00:00.293Z (IST)"}
{"level":"info","message":"Running hourly email journey cron..."}
{"level":"info","message":"Running external service ping..."}
{"level":"info","message":"Ping successful: 200 - 2026-05-20T04:30:02.006Z"}
{"level":"info","message":"Updated 0 non-recurring events to 'past' status"}
{"level":"info","message":"Updated 0 recurring events to 'past' status"}
{"level":"info","message":"Updated 0 bookings to 'expired' status"}
{"level":"info","message":"Running external service ping..."}
{"level":"error","message":"Ping failed: timeout of 10000ms exceeded - 2026-05-20T06:15:10.035Z"}
{"level":"info","message":"Running external service ping..."}
{"level":"error","message":"Ping failed: timeout of 10000ms exceeded - 2026-05-20T06:55:10.020Z"}
{"level":"info","message":"Running external service ping..."}
{"level":"error","message":"Ping failed: timeout of 10000ms exceeded - 2026-05-20T07:45:10.024Z"}
{"level":"info","message":"Running cleanup job at 2026-05-20T14:00:00.024Z (IST)"}
{"level":"info","message":"Running external service ping..."}
{"level":"info","message":"Running hourly email journey cron..."}
{"level":"info","message":"Updated 0 non-recurring events to 'past' status"}
{"level":"info","message":"Updated 0 recurring events to 'past' status"}
{"level":"info","message":"Updated 0 bookings to 'expired' status"}
{"level":"error","message":"Ping failed: timeout of 10000ms exceeded - 2026-05-20T08:30:10.033Z"}
{"level":"info","message":"Running external service ping..."}
{"level":"error","message":"Ping failed: timeout of 10000ms exceeded - 2026-05-20T10:20:10.010Z"}
{"level":"info","message":"Running external service ping..."}
{"level":"error","message":"Ping failed: timeout of 10000ms exceeded - 2026-05-20T11:20:10.080Z"}
{"level":"info","message":"Running external service ping..."}
{"level":"error","message":"Ping failed: timeout of 10000ms exceeded - 2026-05-20T12:00:10.020Z"}
{"level":"info","message":"Running external service ping..."}
{"level":"info","message":"Running cleanup job at 2026-05-20T18:00:00.318Z (IST)"}
{"level":"info","message":"Running hourly email journey cron..."}
{"level":"info","message":"Updated 0 non-recurring events to 'past' status"}
{"level":"info","message":"Updated 0 recurring events to 'past' status"}
{"level":"info","message":"Updated 0 bookings to 'expired' status"}
{"level":"error","message":"Ping failed: timeout of 10000ms exceeded - 2026-05-20T12:30:10.320Z"}
{"level":"info","message":"Running external service ping..."}
{"level":"error","message":"Ping failed: timeout of 10000ms exceeded - 2026-05-20T13:40:10.022Z"}
{"level":"info","message":"Running external service ping..."}
{"level":"error","message":"Ping failed: timeout of 10000ms exceeded - 2026-05-20T15:25:10.051Z"}
{"level":"info","message":"Running external service ping..."}
{"level":"error","message":"Ping failed: timeout of 10000ms exceeded - 2026-05-20T16:15:10.018Z"}
{"level":"info","message":"Running external service ping..."}
{"level":"info","message":"Ping successful: 200 - 2026-05-20T16:20:01.269Z"}
{"level":"info","message":"Running external service ping..."}
{"level":"info","message":"Ping successful: 200 - 2026-05-20T16:25:02.751Z"}
{"level":"info","message":"Running external service ping..."}
{"level":"info","message":"Running hourly email journey cron..."}
{"level":"info","message":"Running cleanup job at 2026-05-20T22:00:00.068Z (IST)"}
{"level":"info","message":"Updated 0 non-recurring events to 'past' status"}
{"level":"info","message":"Updated 0 recurring events to 'past' status"}
{"level":"info","message":"Ping successful: 200 - 2026-05-20T16:30:01.257Z"}
{"level":"info","message":"Updated 0 bookings to 'expired' status"}
{"level":"info","message":"Running external service ping..."}
{"level":"info","message":"Ping successful: 200 - 2026-05-20T16:35:00.927Z"}
{"level":"info","message":"Running external service ping..."}
{"level":"info","message":"Ping successful: 200 - 2026-05-20T16:40:01.305Z"}
{"level":"info","message":"Running external service ping..."}
{"level":"info","message":"Ping successful: 200 - 2026-05-20T16:45:01.931Z"}
{"level":"info","message":"Running external service ping..."}
{"level":"info","message":"Ping successful: 200 - 2026-05-20T16:50:00.900Z"}
{"level":"info","message":"Running external service ping..."}
{"level":"info","message":"Ping successful: 200 - 2026-05-20T16:55:01.170Z"}
{"level":"info","message":"Running external service ping..."}
{"level":"info","message":"Ping successful: 200 - 2026-05-20T17:00:01.291Z"}
{"level":"info","message":"Running external service ping..."}
{"level":"info","message":"Ping successful: 200 - 2026-05-20T17:05:01.190Z"}
{"level":"info","message":"Running external service ping..."}
{"level":"info","message":"Ping successful: 200 - 2026-05-20T17:10:01.099Z"}
{"level":"info","message":"Running external service ping..."}
{"level":"info","message":"Ping successful: 200 - 2026-05-20T17:15:01.220Z"}
{"level":"info","message":"Running external service ping..."}
{"level":"info","message":"Ping successful: 200 - 2026-05-20T17:20:01.264Z"}
{"level":"info","message":"Running external service ping..."}
{"level":"info","message":"Ping successful: 200 - 2026-05-20T17:25:01.109Z"}
{"level":"info","message":"Running external service ping..."}
{"level":"info","message":"Running hourly email journey cron..."}
{"level":"info","message":"Running cleanup job at 2026-05-20T23:00:00.040Z (IST)"}
{"level":"info","message":"Updated 0 non-recurring events to 'past' status"}
{"level":"info","message":"Updated 0 recurring events to 'past' status"}
{"level":"info","message":"Updated 0 bookings to 'expired' status"}
{"level":"info","message":"Ping successful: 200 - 2026-05-20T17:30:01.153Z"}
{"level":"info","message":"Running external service ping..."}
{"level":"info","message":"Ping successful: 200 - 2026-05-20T17:35:01.104Z"}
{"level":"info","message":"Running external service ping..."}
{"level":"info","message":"Ping successful: 200 - 2026-05-20T17:40:01.162Z"}
{"level":"info","message":"Running external service ping..."}
{"level":"info","message":"Ping successful: 200 - 2026-05-20T17:45:00.978Z"}
{"level":"info","message":"Running external service ping..."}
{"level":"info","message":"Ping successful: 200 - 2026-05-20T17:50:01.165Z"}
{"level":"info","message":"Running external service ping..."}
{"level":"info","message":"Ping successful: 200 - 2026-05-20T17:55:00.853Z"}
{"level":"info","message":"Running external service ping..."}
{"level":"info","message":"Ping successful: 200 - 2026-05-20T18:00:01.144Z"}
{"level":"info","message":"Running external service ping..."}
{"level":"info","message":"Ping successful: 200 - 2026-05-20T18:05:00.833Z"}
{"level":"info","message":"Running external service ping..."}
{"level":"info","message":"Ping successful: 200 - 2026-05-20T18:10:01.185Z"}
{"level":"info","message":"Running external service ping..."}
{"level":"info","message":"Ping successful: 200 - 2026-05-20T18:15:01.226Z"}
{"level":"info","message":"Running external service ping..."}
{"level":"info","message":"Ping successful: 200 - 2026-05-20T18:20:01.165Z"}
{"level":"info","message":"Running external service ping..."}
{"level":"info","message":"Ping successful: 200 - 2026-05-20T18:25:01.104Z"}
{"level":"info","message":"Running hourly email journey cron..."}
{"level":"info","message":"Running cleanup job at 2026-05-21T00:00:00.038Z (IST)"}
{"level":"info","message":"Running external service ping..."}
{"level":"info","message":"Updated 2 non-recurring events to 'past' status"}
{"level":"info","message":"Updated 0 recurring events to 'past' status"}
{"level":"info","message":"Updated 0 bookings to 'expired' status"}
{"level":"info","message":"Ping successful: 200 - 2026-05-20T18:30:01.117Z"}
{"level":"info","message":"Running external service ping..."}
{"level":"info","message":"Ping successful: 200 - 2026-05-20T18:35:01.126Z"}
{"level":"info","message":"Running external service ping..."}
{"level":"info","message":"Ping successful: 200 - 2026-05-20T18:40:01.116Z"}
{"level":"info","message":"Running external service ping..."}
{"level":"info","message":"Ping successful: 200 - 2026-05-20T18:45:01.280Z"}
{"level":"info","message":"Running external service ping..."}
{"level":"info","message":"Ping successful: 200 - 2026-05-20T18:50:01.215Z"}
{"level":"info","message":"Running external service ping..."}
{"level":"info","message":"Ping successful: 200 - 2026-05-20T18:55:00.850Z"}
{"level":"info","message":"Running external service ping..."}
{"level":"info","message":"Ping successful: 200 - 2026-05-20T19:00:00.794Z"}
{"level":"info","message":"Running external service ping..."}
{"level":"info","message":"Ping successful: 200 - 2026-05-20T19:05:01.098Z"}
{"level":"info","message":"Running external service ping..."}
{"level":"info","message":"Ping successful: 200 - 2026-05-20T19:10:01.181Z"}
{"level":"info","message":"Running external service ping..."}
{"level":"info","message":"Ping successful: 200 - 2026-05-20T19:15:01.146Z"}
{"level":"info","message":"Running external service ping..."}
{"level":"info","message":"Ping successful: 200 - 2026-05-20T19:20:01.262Z"}
{"level":"info","message":"Running external service ping..."}
{"level":"info","message":"Ping successful: 200 - 2026-05-20T19:25:01.202Z"}
{"level":"info","message":"Running external service ping..."}
{"level":"info","message":"Running hourly email journey cron..."}
{"level":"info","message":"Running cleanup job at 2026-05-21T01:00:00.039Z (IST)"}
{"level":"info","message":"Updated 0 non-recurring events to 'past' status"}
{"level":"info","message":"Updated 0 recurring events to 'past' status"}
{"level":"info","message":"Updated 0 bookings to 'expired' status"}
{"level":"info","message":"Ping successful: 200 - 2026-05-20T19:30:01.164Z"}
{"level":"info","message":"Running external service ping..."}
{"level":"info","message":"Ping successful: 200 - 2026-05-20T19:35:01.131Z"}
{"level":"info","message":"Running external service ping..."}
{"level":"info","message":"Ping successful: 200 - 2026-05-20T19:40:01.228Z"}
{"level":"info","message":"Running external service ping..."}
{"level":"info","message":"Ping successful: 200 - 2026-05-20T19:45:00.800Z"}
{"level":"info","message":"Running external service ping..."}
{"level":"info","message":"Ping successful: 200 - 2026-05-20T19:50:01.196Z"}
{"level":"info","message":"Running external service ping..."}
{"level":"info","message":"Ping successful: 200 - 2026-05-20T19:55:01.160Z"}
{"level":"info","message":"Running external service ping..."}
{"level":"info","message":"Ping successful: 200 - 2026-05-20T20:00:01.204Z"}
{"level":"info","message":"Running external service ping..."}
{"level":"info","message":"Ping successful: 200 - 2026-05-20T20:05:01.132Z"}
{"level":"info","message":"Running external service ping..."}
{"level":"info","message":"Ping successful: 200 - 2026-05-20T20:10:01.185Z"}
{"level":"info","message":"Running external service ping..."}
{"level":"info","message":"Ping successful: 200 - 2026-05-20T20:15:01.219Z"}
{"level":"info","message":"Running external service ping..."}
{"level":"info","message":"Ping successful: 200 - 2026-05-20T20:20:01.161Z"}
{"level":"info","message":"Running external service ping..."}
{"level":"info","message":"Ping successful: 200 - 2026-05-20T20:25:01.208Z"}
{"level":"info","message":"Running cleanup job at 2026-05-21T02:00:00.030Z (IST)"}
{"level":"info","message":"Running external service ping..."}
{"level":"info","message":"Running hourly email journey cron..."}
{"level":"info","message":"Updated 0 non-recurring events to 'past' status"}
{"level":"info","message":"Updated 0 recurring events to 'past' status"}
{"level":"info","message":"Updated 0 bookings to 'expired' status"}
{"level":"info","message":"Ping successful: 200 - 2026-05-20T20:30:01.153Z"}
{"level":"info","message":"Running external service ping..."}
{"level":"info","message":"Ping successful: 200 - 2026-05-20T20:35:01.296Z"}
{"level":"info","message":"Running external service ping..."}
{"level":"info","message":"Ping successful: 200 - 2026-05-20T20:40:01.168Z"}
{"level":"info","message":"Running external service ping..."}
{"level":"info","message":"Ping successful: 200 - 2026-05-20T20:45:01.277Z"}
{"level":"info","message":"Running external service ping..."}
{"level":"info","message":"Ping successful: 200 - 2026-05-20T20:50:00.800Z"}
{"level":"info","message":"Running external service ping..."}
{"level":"info","message":"Ping successful: 200 - 2026-05-20T20:55:01.057Z"}
{"level":"info","message":"Running external service ping..."}
{"level":"info","message":"Ping successful: 200 - 2026-05-20T21:00:00.759Z"}
{"level":"info","message":"Running external service ping..."}
{"level":"info","message":"Ping successful: 200 - 2026-05-20T21:05:01.100Z"}
{"level":"info","message":"Running external service ping..."}
{"level":"info","message":"Ping successful: 200 - 2026-05-20T21:10:01.278Z"}
{"level":"info","message":"Running external service ping..."}
{"level":"info","message":"Ping successful: 200 - 2026-05-20T21:15:00.806Z"}
{"level":"info","message":"Running external service ping..."}
{"level":"info","message":"Ping successful: 200 - 2026-05-20T21:20:01.264Z"}
{"level":"info","message":"Running external service ping..."}
{"level":"info","message":"Ping successful: 200 - 2026-05-20T21:25:01.097Z"}
{"level":"info","message":"Running hourly email journey cron..."}
{"level":"info","message":"Running external service ping..."}
{"level":"info","message":"Running cleanup job at 2026-05-21T03:00:00.032Z (IST)"}
{"level":"info","message":"Updated 0 non-recurring events to 'past' status"}
{"level":"info","message":"Updated 0 recurring events to 'past' status"}
{"level":"info","message":"Updated 0 bookings to 'expired' status"}
{"level":"info","message":"Ping successful: 200 - 2026-05-20T21:30:01.093Z"}
{"level":"info","message":"Running external service ping..."}
{"level":"info","message":"Ping successful: 200 - 2026-05-20T21:35:01.184Z"}
{"level":"info","message":"Running external service ping..."}
{"level":"info","message":"Ping successful: 200 - 2026-05-20T21:40:01.095Z"}
{"level":"info","message":"Running external service ping..."}
{"level":"info","message":"Ping successful: 200 - 2026-05-20T21:45:01.168Z"}
{"level":"info","message":"Running external service ping..."}
{"level":"info","message":"Ping successful: 200 - 2026-05-20T21:50:01.416Z"}
{"level":"info","message":"Running external service ping..."}
{"level":"info","message":"Ping successful: 200 - 2026-05-20T21:55:01.133Z"}
{"level":"info","message":"Running external service ping..."}
{"level":"info","message":"Ping successful: 200 - 2026-05-20T22:00:00.784Z"}
{"level":"info","message":"Running external service ping..."}
{"level":"info","message":"Ping successful: 200 - 2026-05-20T22:05:01.113Z"}
{"level":"info","message":"Running external service ping..."}
{"level":"info","message":"Ping successful: 200 - 2026-05-20T22:15:01.195Z"}
{"level":"info","message":"Running external service ping..."}
{"level":"info","message":"Ping successful: 200 - 2026-05-20T22:20:01.131Z"}
{"level":"info","message":"Running external service ping..."}
{"level":"info","message":"Ping successful: 200 - 2026-05-20T22:25:00.986Z"}
{"level":"info","message":"Running external service ping..."}
{"level":"info","message":"Running hourly email journey cron..."}
{"level":"info","message":"Running cleanup job at 2026-05-21T04:00:00.035Z (IST)"}
{"level":"info","message":"Updated 0 non-recurring events to 'past' status"}
{"level":"info","message":"Updated 0 recurring events to 'past' status"}
{"level":"info","message":"Updated 0 bookings to 'expired' status"}
{"level":"info","message":"Ping successful: 200 - 2026-05-20T22:30:01.130Z"}
{"level":"info","message":"Running external service ping..."}
{"level":"info","message":"Ping successful: 200 - 2026-05-20T22:35:00.814Z"}
{"level":"info","message":"Running external service ping..."}
{"level":"info","message":"Ping successful: 200 - 2026-05-20T22:40:01.222Z"}
{"level":"info","message":"Running external service ping..."}
{"level":"info","message":"Ping successful: 200 - 2026-05-20T22:45:01.119Z"}
{"level":"info","message":"Running external service ping..."}
{"level":"info","message":"Ping successful: 200 - 2026-05-20T22:50:01.125Z"}
{"level":"info","message":"Running external service ping..."}
{"level":"info","message":"Ping successful: 200 - 2026-05-20T22:55:01.247Z"}
{"level":"info","message":"Running external service ping..."}
{"level":"info","message":"Ping successful: 200 - 2026-05-20T23:05:01.234Z"}
{"level":"info","message":"Running external service ping..."}
{"level":"info","message":"Ping successful: 200 - 2026-05-20T23:10:00.966Z"}
{"level":"info","message":"Running external service ping..."}
{"level":"info","message":"Ping successful: 200 - 2026-05-20T23:15:00.805Z"}
{"level":"info","message":"Running external service ping..."}
{"level":"info","message":"Ping successful: 200 - 2026-05-20T23:20:01.157Z"}
{"level":"info","message":"Running external service ping..."}
{"level":"info","message":"Ping successful: 200 - 2026-05-20T23:25:00.804Z"}
{"level":"info","message":"Running external service ping..."}
{"level":"info","message":"Running hourly email journey cron..."}
{"level":"info","message":"Running cleanup job at 2026-05-21T05:00:00.028Z (IST)"}
{"level":"info","message":"Updated 0 non-recurring events to 'past' status"}
{"level":"info","message":"Updated 0 recurring events to 'past' status"}
{"level":"info","message":"Updated 0 bookings to 'expired' status"}
{"level":"info","message":"Ping successful: 200 - 2026-05-20T23:30:01.138Z"}
{"level":"info","message":"Running external service ping..."}
{"level":"info","message":"Ping successful: 200 - 2026-05-20T23:35:00.832Z"}
{"level":"info","message":"Running external service ping..."}
{"level":"info","message":"Ping successful: 200 - 2026-05-20T23:40:01.130Z"}
{"level":"info","message":"Running external service ping..."}
{"level":"info","message":"Ping successful: 200 - 2026-05-20T23:45:01.163Z"}
{"level":"info","message":"Running external service ping..."}
{"level":"info","message":"Ping successful: 200 - 2026-05-20T23:50:01.206Z"}
{"level":"info","message":"Running external service ping..."}
{"level":"info","message":"Ping successful: 200 - 2026-05-20T23:55:01.147Z"}
{"level":"info","message":"Running external service ping..."}
{"level":"error","message":"Ping failed: timeout of 10000ms exceeded - 2026-05-21T00:50:10.022Z"}
{"level":"info","message":"Running external service ping..."}
{"level":"error","message":"Ping failed: timeout of 10000ms exceeded - 2026-05-21T01:45:10.019Z"}
{"level":"info","message":"Running external service ping..."}
{"level":"error","message":"Ping failed: timeout of 10000ms exceeded - 2026-05-21T02:50:10.016Z"}
{"level":"info","message":"Running hourly email journey cron..."}
{"level":"info","message":"Running cleanup job at 2026-05-21T09:00:00.032Z (IST)"}
{"level":"info","message":"Running external service ping..."}
{"level":"info","message":"Updated 0 non-recurring events to 'past' status"}
{"level":"info","message":"Updated 0 recurring events to 'past' status"}
{"level":"info","message":"Updated 0 bookings to 'expired' status"}
{"level":"error","message":"Ping failed: timeout of 10000ms exceeded - 2026-05-21T03:40:12.356Z"}
{"level":"info","message":"Running external service ping..."}
{"level":"error","message":"Ping failed: timeout of 10000ms exceeded - 2026-05-21T05:10:10.018Z"}
{"level":"info","message":"Running external service ping..."}
{"level":"error","message":"Ping failed: timeout of 10000ms exceeded - 2026-05-21T06:10:09.983Z"}
{"level":"info","message":"Running external service ping..."}
{"level":"error","message":"Ping failed: timeout of 10000ms exceeded - 2026-05-21T07:55:10.022Z"}
{"level":"info","message":"Running external service ping..."}
{"level":"error","message":"Ping failed: timeout of 10000ms exceeded - 2026-05-21T08:45:10.037Z"}
{"level":"info","message":"Running external service ping..."}
{"level":"info","message":"Running cleanup job at 2026-05-21T15:00:00.028Z (IST)"}
{"level":"info","message":"Running hourly email journey cron..."}
{"level":"info","message":"Updated 0 non-recurring events to 'past' status"}
{"level":"info","message":"Updated 0 recurring events to 'past' status"}
{"level":"info","message":"Updated 0 bookings to 'expired' status"}
{"level":"error","message":"Ping failed: timeout of 10000ms exceeded - 2026-05-21T09:30:10.029Z"}
{"level":"info","message":"Running external service ping..."}
{"level":"info","message":"Ping successful: 200 - 2026-05-21T10:15:01.220Z"}
{"level":"info","message":"Running external service ping..."}
{"level":"error","message":"Ping failed: timeout of 10000ms exceeded - 2026-05-21T11:07:58.151Z"}
{"level":"info","message":"Running external service ping..."}
{"level":"info","message":"Running hourly email journey cron..."}
{"level":"info","message":"Running cleanup job at 2026-05-21T18:00:00.093Z (IST)"}
{"level":"info","message":"Updated 0 non-recurring events to 'past' status"}
{"level":"info","message":"Updated 0 recurring events to 'past' status"}
{"level":"info","message":"Updated 0 bookings to 'expired' status"}
{"level":"error","message":"Ping failed: timeout of 10000ms exceeded - 2026-05-21T12:30:10.020Z"}
{"level":"info","message":"Running external service ping..."}
{"level":"error","message":"Ping failed: timeout of 10000ms exceeded - 2026-05-21T13:50:10.019Z"}
{"level":"info","message":"Running external service ping..."}
{"level":"info","message":"Running hourly email journey cron..."}
{"level":"info","message":"Running cleanup job at 2026-05-21T20:00:00.032Z (IST)"}
{"level":"info","message":"Updated 0 non-recurring events to 'past' status"}
{"level":"info","message":"Updated 0 recurring events to 'past' status"}
{"level":"info","message":"Updated 0 bookings to 'expired' status"}
{"level":"error","message":"Ping failed: timeout of 10000ms exceeded - 2026-05-21T14:30:10.031Z"}
{"level":"info","message":"Running external service ping..."}
{"level":"error","message":"Ping failed: timeout of 10000ms exceeded - 2026-05-21T15:20:10.021Z"}
{"level":"info","message":"Running external service ping..."}
{"level":"error","message":"Ping failed: timeout of 10000ms exceeded - 2026-05-21T16:10:10.019Z"}
{"level":"info","message":"Running external service ping..."}
{"level":"error","message":"Ping failed: timeout of 10000ms exceeded - 2026-05-21T18:05:10.032Z"}
{"level":"info","message":"Running external service ping..."}
{"level":"error","message":"Ping failed: timeout of 10000ms exceeded - 2026-05-21T18:55:10.025Z"}
{"level":"info","message":"Running external service ping..."}
{"level":"error","message":"Ping failed: timeout of 10000ms exceeded - 2026-05-21T19:35:10.017Z"}
{"level":"info","message":"Running external service ping..."}
{"level":"error","message":"Ping failed: timeout of 10000ms exceeded - 2026-05-21T20:35:05.209Z"}
{"level":"info","message":"Running external service ping..."}
{"level":"error","message":"Ping failed: timeout of 10000ms exceeded - 2026-05-21T21:15:10.024Z"}
{"level":"info","message":"Running external service ping..."}
{"level":"error","message":"Ping failed: timeout of 10000ms exceeded - 2026-05-22T00:50:10.016Z"}
{"level":"info","message":"Running external service ping..."}
{"level":"error","message":"Ping failed: timeout of 10000ms exceeded - 2026-05-22T01:35:10.019Z"}
{"level":"info","message":"Running external service ping..."}
{"level":"error","message":"Ping failed: timeout of 10000ms exceeded - 2026-05-22T02:20:10.017Z"}
{"level":"info","message":"Running external service ping..."}
{"level":"error","message":"Ping failed: timeout of 10000ms exceeded - 2026-05-22T03:15:06.162Z"}
{"level":"info","message":"Running external service ping..."}
{"level":"error","message":"Ping failed: timeout of 10000ms exceeded - 2026-05-22T04:15:10.017Z"}
{"level":"info","message":"Running external service ping..."}
{"level":"info","message":"Running cleanup job at 2026-05-22T10:00:00.390Z (IST)"}
{"level":"info","message":"Running hourly email journey cron..."}
{"level":"info","message":"Updated 2 non-recurring events to 'past' status"}
{"level":"info","message":"Updated 0 recurring events to 'past' status"}
{"level":"info","message":"Updated 0 bookings to 'expired' status"}
{"level":"info","message":"Ping successful: 200 - 2026-05-22T04:30:02.099Z"}
{"level":"info","message":"Running external service ping..."}
{"level":"error","message":"Ping failed: timeout of 10000ms exceeded - 2026-05-22T06:45:10.048Z"}
{"level":"info","message":"Running external service ping..."}
{"level":"error","message":"Ping failed: timeout of 10000ms exceeded - 2026-05-22T07:35:10.017Z"}
{"level":"info","message":"Running external service ping..."}
{"level":"error","message":"Ping failed: timeout of 10000ms exceeded - 2026-05-22T09:20:10.010Z"}
{"level":"info","message":"Running external service ping..."}
{"level":"info","message":"Ping successful: 200 - 2026-05-22T11:40:01.210Z"}
{"level":"info","message":"Running external service ping..."}
{"level":"info","message":"Running cleanup job at 2026-05-22T18:00:00.435Z (IST)"}
{"level":"info","message":"Running hourly email journey cron..."}
{"level":"info","message":"Updated 0 non-recurring events to 'past' status"}
{"level":"info","message":"Updated 0 recurring events to 'past' status"}
{"level":"info","message":"Updated 0 bookings to 'expired' status"}
{"level":"error","message":"Ping failed: timeout of 10000ms exceeded - 2026-05-22T12:30:10.445Z"}
{"level":"info","message":"Running external service ping..."}
{"level":"error","message":"Ping failed: timeout of 10000ms exceeded - 2026-05-22T15:15:10.021Z"}
{"level":"info","message":"Running external service ping..."}
{"level":"error","message":"Ping failed: timeout of 10000ms exceeded - 2026-05-22T16:05:10.017Z"}
{"level":"info","message":"Running external service ping..."}
{"level":"error","message":"Ping failed: timeout of 10000ms exceeded - 2026-05-22T16:55:08.984Z"}
{"level":"info","message":"Running external service ping..."}
{"level":"error","message":"Ping failed: timeout of 10000ms exceeded - 2026-05-22T17:35:10.030Z"}
{"level":"info","message":"Running external service ping..."}
{"level":"info","message":"Running hourly email journey cron..."}
{"level":"info","message":"Running cleanup job at 2026-05-23T01:00:00.035Z (IST)"}
{"level":"info","message":"Updated 1 non-recurring events to 'past' status"}
{"level":"info","message":"Updated 0 recurring events to 'past' status"}
{"level":"info","message":"Updated 1 bookings to 'expired' status"}
{"level":"error","message":"Ping failed: timeout of 10000ms exceeded - 2026-05-22T19:30:10.034Z"}
{"level":"info","message":"Running external service ping..."}
{"level":"info","message":"Ping successful: 200 - 2026-05-22T20:20:01.205Z"}
{"level":"info","message":"Running external service ping..."}
{"level":"error","message":"Ping failed: timeout of 10000ms exceeded - 2026-05-22T21:20:10.026Z"}
{"level":"info","message":"Running external service ping..."}
{"level":"error","message":"Ping failed: timeout of 10000ms exceeded - 2026-05-22T21:50:10.017Z"}
{"level":"info","message":"Running external service ping..."}
{"level":"info","message":"Ping successful: 200 - 2026-05-22T22:40:00.787Z"}
{"level":"info","message":"Running external service ping..."}
{"level":"error","message":"Ping failed: timeout of 10000ms exceeded - 2026-05-22T23:00:10.068Z"}
{"level":"info","message":"Running external service ping..."}
{"level":"info","message":"Ping successful: 200 - 2026-05-22T23:05:01.168Z"}
{"level":"info","message":"Running external service ping..."}
{"level":"info","message":"Ping successful: 200 - 2026-05-22T23:10:01.116Z"}
{"level":"info","message":"Running external service ping..."}
{"level":"info","message":"Ping successful: 200 - 2026-05-22T23:15:01.188Z"}
{"level":"info","message":"Running external service ping..."}
{"level":"info","message":"Ping successful: 200 - 2026-05-22T23:20:01.118Z"}
{"level":"info","message":"Running external service ping..."}
{"level":"info","message":"Ping successful: 200 - 2026-05-22T23:25:01.178Z"}
{"level":"info","message":"Running hourly email journey cron..."}
{"level":"info","message":"Running cleanup job at 2026-05-23T05:00:00.047Z (IST)"}
{"level":"info","message":"Running external service ping..."}
{"level":"info","message":"Updated 0 non-recurring events to 'past' status"}
{"level":"info","message":"Updated 0 recurring events to 'past' status"}
{"level":"info","message":"Updated 0 bookings to 'expired' status"}
{"level":"info","message":"Ping successful: 200 - 2026-05-22T23:30:01.189Z"}
{"level":"info","message":"Running external service ping..."}
{"level":"info","message":"Ping successful: 200 - 2026-05-22T23:35:01.192Z"}
{"level":"info","message":"Running external service ping..."}
{"level":"info","message":"Ping successful: 200 - 2026-05-22T23:40:00.780Z"}
{"level":"info","message":"Running external service ping..."}
{"level":"info","message":"Ping successful: 200 - 2026-05-22T23:45:00.816Z"}
{"level":"info","message":"Running external service ping..."}
{"level":"info","message":"Ping successful: 200 - 2026-05-22T23:50:01.105Z"}
{"level":"info","message":"Running external service ping..."}
{"level":"info","message":"Ping successful: 200 - 2026-05-22T23:55:01.160Z"}
{"level":"info","message":"Running external service ping..."}
{"level":"info","message":"Ping successful: 200 - 2026-05-23T00:00:00.841Z"}
{"level":"info","message":"Running external service ping..."}
{"level":"error","message":"Ping failed: timeout of 10000ms exceeded - 2026-05-23T00:25:10.022Z"}
{"level":"info","message":"Running external service ping..."}
{"level":"info","message":"Ping successful: 200 - 2026-05-23T01:40:01.394Z"}
{"level":"info","message":"Running external service ping..."}
{"level":"error","message":"Ping failed: timeout of 10000ms exceeded - 2026-05-23T02:35:05.996Z"}
{"level":"info","message":"Running external service ping..."}
{"level":"error","message":"Ping failed: timeout of 10000ms exceeded - 2026-05-23T03:15:10.018Z"}
{"level":"info","message":"Running external service ping..."}
{"level":"error","message":"Ping failed: timeout of 10000ms exceeded - 2026-05-23T04:05:10.020Z"}
{"level":"info","message":"Running external service ping..."}
{"level":"error","message":"Ping failed: timeout of 10000ms exceeded - 2026-05-23T06:00:10.029Z"}
{"level":"info","message":"Running external service ping..."}
{"level":"error","message":"Ping failed: timeout of 10000ms exceeded - 2026-05-23T06:40:10.019Z"}
{"level":"info","message":"Running external service ping..."}
{"level":"info","message":"Ping successful: 200 - 2026-05-23T07:40:01.141Z"}
{"level":"info","message":"Running external service ping..."}
{"level":"error","message":"Ping failed: timeout of 10000ms exceeded - 2026-05-23T08:20:10.035Z"}
{"level":"info","message":"Running external service ping..."}
{"level":"error","message":"Ping failed: timeout of 10000ms exceeded - 2026-05-23T09:10:10.015Z"}
{"level":"info","message":"Running external service ping..."}
{"level":"error","message":"Ping failed: timeout of 10000ms exceeded - 2026-05-23T11:10:10.015Z"}
{"level":"info","message":"Running external service ping..."}
{"level":"error","message":"Ping failed: timeout of 10000ms exceeded - 2026-05-23T11:45:10.016Z"}
{"level":"info","message":"Running external service ping..."}
{"level":"error","message":"Ping failed: timeout of 10000ms exceeded - 2026-05-23T12:35:10.018Z"}
{"level":"info","message":"Running external service ping..."}
{"level":"error","message":"Ping failed: timeout of 10000ms exceeded - 2026-05-23T13:35:10.020Z"}
{"level":"info","message":"Running external service ping..."}
{"level":"error","message":"Ping failed: timeout of 10000ms exceeded - 2026-05-23T14:15:10.018Z"}
{"level":"info","message":"Running external service ping..."}
{"level":"error","message":"Ping failed: timeout of 10000ms exceeded - 2026-05-23T15:05:10.038Z"}
{"level":"info","message":"Running external service ping..."}
{"level":"error","message":"Ping failed: timeout of 10000ms exceeded - 2026-05-23T16:00:10.024Z"}
{"level":"info","message":"Running external service ping..."}
{"level":"error","message":"Ping failed: timeout of 10000ms exceeded - 2026-05-23T17:15:10.024Z"}
{"level":"info","message":"Running external service ping..."}
{"level":"info","message":"Ping successful: 200 - 2026-05-23T17:50:01.149Z"}
{"level":"info","message":"Running external service ping..."}
{"level":"error","message":"Ping failed: timeout of 10000ms exceeded - 2026-05-23T18:40:10.020Z"}
{"level":"info","message":"Running external service ping..."}
{"level":"error","message":"Ping failed: timeout of 10000ms exceeded - 2026-05-23T19:40:10.021Z"}
{"level":"info","message":"Running external service ping..."}
{"level":"error","message":"Ping failed: timeout of 10000ms exceeded - 2026-05-23T20:20:10.020Z"}
{"level":"info","message":"Running external service ping..."}
{"level":"error","message":"Ping failed: timeout of 10000ms exceeded - 2026-05-23T22:55:10.018Z"}
{"level":"info","message":"Running external service ping..."}
{"level":"info","message":"Ping successful: 200 - 2026-05-23T23:45:01.142Z"}
{"level":"info","message":"Running external service ping..."}
{"level":"error","message":"Ping failed: timeout of 10000ms exceeded - 2026-05-24T00:45:10.016Z"}
{"level":"info","message":"Running external service ping..."}
{"level":"info","message":"Ping successful: 200 - 2026-05-24T01:40:00.970Z"}
{"level":"info","message":"Running external service ping..."}
{"level":"error","message":"Ping failed: timeout of 10000ms exceeded - 2026-05-24T02:45:10.033Z"}
{"level":"info","message":"Running external service ping..."}
{"level":"error","message":"Ping failed: timeout of 10000ms exceeded - 2026-05-24T03:25:10.020Z"}
{"level":"info","message":"Running external service ping..."}
{"level":"error","message":"Ping failed: timeout of 10000ms exceeded - 2026-05-24T04:15:10.024Z"}
{"level":"info","message":"Running external service ping..."}
{"level":"error","message":"Ping failed: timeout of 10000ms exceeded - 2026-05-24T05:20:10.500Z"}
{"level":"info","message":"Running external service ping..."}
{"level":"error","message":"Ping failed: timeout of 10000ms exceeded - 2026-05-24T09:00:10.028Z"}
{"level":"info","message":"Running external service ping..."}
{"level":"error","message":"Ping failed: timeout of 10000ms exceeded - 2026-05-24T10:18:51.624Z"}
{"level":"info","message":"Running external service ping..."}
{"level":"error","message":"Ping failed: timeout of 10000ms exceeded - 2026-05-24T11:05:10.030Z"}
{"level":"info","message":"Running external service ping..."}
{"level":"info","message":"Ping successful: 200 - 2026-05-24T11:20:01.212Z"}
{"level":"info","message":"Running external service ping..."}
{"level":"error","message":"Ping failed: timeout of 10000ms exceeded - 2026-05-24T12:05:10.022Z"}
{"level":"info","message":"Running external service ping..."}
{"level":"error","message":"Ping failed: timeout of 10000ms exceeded - 2026-05-24T13:15:03.799Z"}
{"level":"info","message":"Running external service ping..."}
{"level":"error","message":"Ping failed: timeout of 10000ms exceeded - 2026-05-24T14:05:10.045Z"}
{"level":"info","message":"Running external service ping..."}
{"level":"error","message":"Ping failed: timeout of 10000ms exceeded - 2026-05-24T14:45:10.038Z"}
{"level":"info","message":"Running external service ping..."}
{"level":"info","message":"Ping successful: 200 - 2026-05-24T15:35:00.966Z"}
{"level":"info","message":"Running external service ping..."}
{"level":"error","message":"Ping failed: timeout of 10000ms exceeded - 2026-05-24T16:25:10.043Z"}
{"level":"info","message":"Running external service ping..."}
{"level":"error","message":"Ping failed: timeout of 10000ms exceeded - 2026-05-24T19:00:10.018Z"}
{"level":"info","message":"Running external service ping..."}
{"level":"error","message":"Ping failed: getaddrinfo ENOTFOUND mnkhan.onrender.com - 2026-05-24T19:05:00.021Z"}
{"level":"info","message":"Running external service ping..."}
{"level":"error","message":"Ping failed: timeout of 10000ms exceeded - 2026-05-24T19:50:10.015Z"}
{"level":"info","message":"Running external service ping..."}
{"level":"error","message":"Ping failed: timeout of 10000ms exceeded - 2026-05-24T20:40:10.021Z"}
{"level":"info","message":"Running external service ping..."}
{"level":"info","message":"Running hourly email journey cron..."}
{"level":"info","message":"Running cleanup job at 2026-05-25T03:00:00.038Z (IST)"}
{"level":"info","message":"Updated 0 non-recurring events to 'past' status"}
{"level":"info","message":"Updated 0 recurring events to 'past' status"}
{"level":"info","message":"Updated 0 bookings to 'expired' status"}
{"level":"error","message":"Ping failed: timeout of 10000ms exceeded - 2026-05-24T21:30:10.035Z"}
{"level":"info","message":"Running external service ping..."}
{"level":"error","message":"Ping failed: timeout of 10000ms exceeded - 2026-05-24T22:10:10.035Z"}
{"level":"info","message":"Running external service ping..."}
{"level":"info","message":"Ping successful: 200 - 2026-05-24T22:15:01.127Z"}
{"level":"info","message":"Running external service ping..."}
{"level":"info","message":"Ping successful: 200 - 2026-05-24T22:20:01.113Z"}
{"level":"info","message":"Running external service ping..."}
{"level":"info","message":"Ping successful: 200 - 2026-05-24T22:25:01.092Z"}
{"level":"info","message":"Running hourly email journey cron..."}
{"level":"info","message":"Running cleanup job at 2026-05-25T04:00:00.030Z (IST)"}
{"level":"info","message":"Running external service ping..."}
{"level":"info","message":"Updated 0 non-recurring events to 'past' status"}
{"level":"info","message":"Updated 0 recurring events to 'past' status"}
{"level":"info","message":"Updated 0 bookings to 'expired' status"}
{"level":"info","message":"Ping successful: 200 - 2026-05-24T22:30:00.925Z"}
{"level":"info","message":"Running external service ping..."}
{"level":"info","message":"Ping successful: 200 - 2026-05-24T22:35:00.730Z"}
{"level":"info","message":"Running external service ping..."}
{"level":"info","message":"Ping successful: 200 - 2026-05-24T22:40:01.132Z"}
{"level":"info","message":"Running external service ping..."}
{"level":"info","message":"Ping successful: 200 - 2026-05-24T22:45:01.224Z"}
{"level":"info","message":"Running external service ping..."}
{"level":"info","message":"Ping successful: 200 - 2026-05-24T22:50:01.137Z"}
{"level":"info","message":"Running external service ping..."}
{"level":"info","message":"Ping successful: 200 - 2026-05-24T22:55:01.069Z"}
{"level":"info","message":"Running external service ping..."}
{"level":"info","message":"Ping successful: 200 - 2026-05-24T23:00:01.118Z"}
{"level":"info","message":"Running external service ping..."}
{"level":"info","message":"Ping successful: 200 - 2026-05-24T23:05:00.747Z"}
{"level":"info","message":"Running external service ping..."}
{"level":"info","message":"Ping successful: 200 - 2026-05-24T23:10:01.080Z"}
{"level":"info","message":"Running external service ping..."}
{"level":"info","message":"Ping successful: 200 - 2026-05-24T23:15:01.227Z"}
{"level":"info","message":"Running external service ping..."}
{"level":"info","message":"Ping successful: 200 - 2026-05-24T23:20:00.738Z"}
{"level":"info","message":"Running external service ping..."}
{"level":"info","message":"Ping successful: 200 - 2026-05-24T23:25:01.103Z"}
{"level":"info","message":"Running external service ping..."}
{"level":"info","message":"Running hourly email journey cron..."}
{"level":"info","message":"Running cleanup job at 2026-05-25T05:00:00.037Z (IST)"}
{"level":"info","message":"Updated 0 non-recurring events to 'past' status"}
{"level":"info","message":"Updated 0 recurring events to 'past' status"}
{"level":"info","message":"Updated 0 bookings to 'expired' status"}
{"level":"info","message":"Ping successful: 200 - 2026-05-24T23:30:01.139Z"}
{"level":"info","message":"Running external service ping..."}
{"level":"info","message":"Ping successful: 200 - 2026-05-24T23:35:01.183Z"}
{"level":"info","message":"Running external service ping..."}
{"level":"info","message":"Ping successful: 200 - 2026-05-24T23:40:01.169Z"}
{"level":"info","message":"Running external service ping..."}
{"level":"info","message":"Ping successful: 200 - 2026-05-24T23:45:01.039Z"}
{"level":"info","message":"Running external service ping..."}
{"level":"info","message":"Ping successful: 200 - 2026-05-24T23:50:01.214Z"}
{"level":"info","message":"Running external service ping..."}
{"level":"info","message":"Ping successful: 200 - 2026-05-24T23:55:01.120Z"}
{"level":"info","message":"Running external service ping..."}
{"level":"info","message":"Ping successful: 200 - 2026-05-25T00:00:01.148Z"}
{"level":"info","message":"Running external service ping..."}
{"level":"info","message":"Ping successful: 200 - 2026-05-25T00:05:01.129Z"}
{"level":"info","message":"Running external service ping..."}
{"level":"info","message":"Ping successful: 200 - 2026-05-25T00:10:00.872Z"}
{"level":"info","message":"Running external service ping..."}
{"level":"info","message":"Ping successful: 200 - 2026-05-25T00:15:00.740Z"}
{"level":"info","message":"Running external service ping..."}
{"level":"info","message":"Ping successful: 200 - 2026-05-25T00:20:00.767Z"}
{"level":"info","message":"Running external service ping..."}
{"level":"info","message":"Ping successful: 200 - 2026-05-25T00:25:01.095Z"}
{"level":"info","message":"Running external service ping..."}
{"level":"info","message":"Running hourly email journey cron..."}
{"level":"info","message":"Running cleanup job at 2026-05-25T06:00:00.027Z (IST)"}
{"level":"info","message":"Updated 0 non-recurring events to 'past' status"}
{"level":"info","message":"Updated 0 recurring events to 'past' status"}
{"level":"info","message":"Updated 0 bookings to 'expired' status"}
{"level":"info","message":"Ping successful: 200 - 2026-05-25T00:30:00.790Z"}
{"level":"info","message":"Running external service ping..."}
{"level":"info","message":"Ping successful: 200 - 2026-05-25T00:35:00.720Z"}
{"level":"info","message":"Running external service ping..."}
{"level":"info","message":"Ping successful: 200 - 2026-05-25T00:40:00.901Z"}
{"level":"info","message":"Running external service ping..."}
{"level":"info","message":"Ping successful: 200 - 2026-05-25T00:45:01.085Z"}
{"level":"info","message":"Running external service ping..."}
{"level":"info","message":"Ping successful: 200 - 2026-05-25T00:50:00.776Z"}
{"level":"info","message":"Running external service ping..."}
{"level":"error","message":"Ping failed: timeout of 10000ms exceeded - 2026-05-25T01:35:10.024Z"}
{"level":"info","message":"Running external service ping..."}
{"level":"error","message":"Ping failed: timeout of 10000ms exceeded - 2026-05-25T02:40:10.021Z"}
{"level":"info","message":"Running external service ping..."}
{"level":"error","message":"Ping failed: timeout of 10000ms exceeded - 2026-05-25T03:15:06.282Z"}
{"level":"info","message":"Running external service ping..."}
{"level":"error","message":"Ping failed: timeout of 10000ms exceeded - 2026-05-25T04:15:10.022Z"}
{"level":"info","message":"Running external service ping..."}
{"level":"info","message":"Running hourly email journey cron..."}
{"level":"info","message":"Running cleanup job at 2026-05-25T10:00:00.729Z (IST)"}
{"level":"info","message":"Ping successful: 200 - 2026-05-25T04:30:02.034Z"}
{"level":"info","message":"Updated 0 non-recurring events to 'past' status"}
{"level":"info","message":"Updated 0 recurring events to 'past' status"}
{"level":"info","message":"Updated 0 bookings to 'expired' status"}
{"level":"info","message":"Running external service ping..."}
{"level":"error","message":"Ping failed: timeout of 10000ms exceeded - 2026-05-25T04:55:10.018Z"}
{"level":"info","message":"Running external service ping..."}
{"level":"info","message":"Running hourly email journey cron..."}
{"level":"info","message":"Running cleanup job at 2026-05-25T14:00:00.054Z (IST)"}
{"level":"info","message":"Updated 0 non-recurring events to 'past' status"}
{"level":"info","message":"Updated 0 recurring events to 'past' status"}
{"level":"info","message":"Updated 0 bookings to 'expired' status"}
{"level":"error","message":"Ping failed: timeout of 10000ms exceeded - 2026-05-25T08:30:10.006Z"}
{"level":"info","message":"Running external service ping..."}
{"level":"error","message":"Ping failed: timeout of 10000ms exceeded - 2026-05-25T09:20:10.262Z"}
{"level":"info","message":"Running external service ping..."}
{"level":"info","message":"Ping successful: 200 - 2026-05-25T10:00:00.861Z"}
{"level":"info","message":"Running external service ping..."}
{"level":"error","message":"Ping failed: timeout of 10000ms exceeded - 2026-05-25T10:55:07.660Z"}
{"level":"info","message":"Running external service ping..."}
{"level":"error","message":"Ping failed: timeout of 10000ms exceeded - 2026-05-25T11:45:10.018Z"}
{"level":"info","message":"Running external service ping..."}
{"level":"info","message":"Running cleanup job at 2026-05-25T18:00:00.780Z (IST)"}
{"level":"info","message":"Running hourly email journey cron..."}
{"level":"info","message":"Updated 0 non-recurring events to 'past' status"}
{"level":"info","message":"Updated 0 recurring events to 'past' status"}
{"level":"info","message":"Updated 0 bookings to 'expired' status"}
{"level":"error","message":"Ping failed: timeout of 10000ms exceeded - 2026-05-25T12:30:10.779Z"}
{"level":"info","message":"Running external service ping..."}
{"level":"error","message":"Ping failed: timeout of 10000ms exceeded - 2026-05-25T13:35:10.019Z"}
{"level":"info","message":"Running external service ping..."}
{"level":"error","message":"Ping failed: timeout of 10000ms exceeded - 2026-05-25T14:25:10.016Z"}
{"level":"info","message":"Running external service ping..."}
{"level":"error","message":"Ping failed: timeout of 10000ms exceeded - 2026-05-25T15:05:10.020Z"}
{"level":"info","message":"Running external service ping..."}
{"level":"error","message":"Ping failed: timeout of 10000ms exceeded - 2026-05-25T15:50:10.026Z"}
{"level":"info","message":"Running external service ping..."}
{"level":"info","message":"Ping successful: 200 - 2026-05-25T15:55:00.890Z"}
{"level":"info","message":"Running external service ping..."}
{"level":"info","message":"Ping successful: 200 - 2026-05-25T16:00:01.135Z"}
{"level":"info","message":"Running external service ping..."}
{"level":"info","message":"Ping successful: 200 - 2026-05-25T16:05:00.790Z"}
{"level":"info","message":"Running external service ping..."}
{"level":"info","message":"Ping successful: 200 - 2026-05-25T16:10:00.835Z"}
{"level":"info","message":"Running external service ping..."}
{"level":"info","message":"Ping successful: 200 - 2026-05-25T16:15:00.782Z"}
{"level":"info","message":"Running external service ping..."}
{"level":"info","message":"Ping successful: 200 - 2026-05-25T16:20:00.813Z"}
{"level":"info","message":"Running external service ping..."}
{"level":"info","message":"Ping successful: 200 - 2026-05-25T16:25:00.880Z"}
{"level":"info","message":"Running external service ping..."}
{"level":"info","message":"Running cleanup job at 2026-05-25T22:00:00.063Z (IST)"}
{"level":"info","message":"Running hourly email journey cron..."}
{"level":"info","message":"Updated 0 non-recurring events to 'past' status"}
{"level":"info","message":"Updated 0 recurring events to 'past' status"}
{"level":"info","message":"Updated 0 bookings to 'expired' status"}
{"level":"info","message":"Ping successful: 200 - 2026-05-25T16:30:00.805Z"}
{"level":"info","message":"Running external service ping..."}
{"level":"info","message":"Ping successful: 200 - 2026-05-25T16:35:00.934Z"}
{"level":"info","message":"Running external service ping..."}
{"level":"error","message":"Ping failed: timeout of 10000ms exceeded - 2026-05-25T17:00:10.018Z"}
{"level":"info","message":"Running external service ping..."}
{"level":"info","message":"Ping successful: 200 - 2026-05-25T17:05:00.792Z"}
{"level":"info","message":"Running external service ping..."}
{"level":"info","message":"Ping successful: 200 - 2026-05-25T17:10:00.911Z"}
{"level":"info","message":"Running external service ping..."}
{"level":"info","message":"Ping successful: 200 - 2026-05-25T17:15:01.258Z"}
{"level":"info","message":"Running external service ping..."}
{"level":"info","message":"Ping successful: 200 - 2026-05-25T17:20:00.778Z"}
{"level":"info","message":"Running external service ping..."}
{"level":"info","message":"Ping successful: 200 - 2026-05-25T17:25:00.825Z"}
{"level":"info","message":"Running external service ping..."}
{"level":"error","message":"Ping failed: timeout of 10000ms exceeded - 2026-05-25T17:55:10.022Z"}
{"level":"info","message":"Running external service ping..."}
{"level":"error","message":"Ping failed: timeout of 10000ms exceeded - 2026-05-25T18:55:10.014Z"}
{"level":"info","message":"Running external service ping..."}
{"level":"error","message":"Ping failed: getaddrinfo ENOTFOUND mnkhan.onrender.com - 2026-05-25T19:25:00.022Z"}
{"level":"info","message":"Cron jobs initialized"}
{"level":"info","message":"Running external service ping..."}
{"level":"info","message":"Ping successful: 200 - 2026-05-31T17:25:01.164Z"}
{"level":"info","message":"Running external service ping..."}
{"level":"info","message":"Ping successful: 200 - 2026-05-31T17:35:00.802Z"}
{"level":"info","message":"Running external service ping..."}
{"level":"info","message":"Ping successful: 200 - 2026-05-31T19:35:01.413Z"}
{"level":"info","message":"Running external service ping..."}
{"level":"info","message":"Ping successful: 200 - 2026-05-31T19:40:00.872Z"}
{"level":"info","message":"Running external service ping..."}
{"level":"info","message":"Ping successful: 200 - 2026-05-31T19:45:01.140Z"}
{"level":"info","message":"Running external service ping..."}
{"level":"info","message":"Ping successful: 200 - 2026-05-31T19:50:01.174Z"}
{"level":"info","message":"Running external service ping..."}
{"level":"info","message":"Ping successful: 200 - 2026-05-31T19:55:00.886Z"}
{"level":"info","message":"Running external service ping..."}
{"level":"info","message":"Ping successful: 200 - 2026-05-31T20:00:01.130Z"}
{"level":"info","message":"Running external service ping..."}
{"level":"info","message":"Ping successful: 200 - 2026-05-31T20:05:01.073Z"}
{"level":"info","message":"Running external service ping..."}
{"level":"info","message":"Ping successful: 200 - 2026-05-31T20:10:00.806Z"}
{"level":"info","message":"Running external service ping..."}
{"level":"info","message":"Ping successful: 200 - 2026-05-31T20:15:00.826Z"}
{"level":"info","message":"Running external service ping..."}
{"level":"info","message":"Ping successful: 200 - 2026-05-31T20:20:06.352Z"}
{"level":"info","message":"Running external service ping..."}
{"level":"info","message":"Ping successful: 200 - 2026-05-31T20:25:01.092Z"}
{"level":"info","message":"Running external service ping..."}
{"level":"info","message":"Running hourly email journey cron..."}
{"level":"info","message":"Running cleanup job at 2026-06-01T02:00:00.072Z (IST)"}
{"level":"info","message":"Updated 0 non-recurring events to 'past' status"}
{"level":"info","message":"Updated 0 recurring events to 'past' status"}
{"level":"info","message":"Updated 0 bookings to 'expired' status"}
{"level":"info","message":"Ping successful: 200 - 2026-05-31T20:30:01.090Z"}
{"level":"info","message":"Running external service ping..."}
{"level":"info","message":"Ping successful: 200 - 2026-05-31T20:35:00.841Z"}
{"level":"info","message":"Running external service ping..."}
{"level":"info","message":"Ping successful: 200 - 2026-05-31T20:40:00.870Z"}
{"level":"info","message":"Running external service ping..."}
{"level":"info","message":"Ping successful: 200 - 2026-05-31T20:45:00.746Z"}
{"level":"info","message":"Running external service ping..."}
{"level":"info","message":"Ping successful: 200 - 2026-05-31T20:50:01.108Z"}
{"level":"info","message":"Running external service ping..."}
{"level":"info","message":"Ping successful: 200 - 2026-05-31T20:55:01.130Z"}
{"level":"info","message":"Running external service ping..."}
{"level":"info","message":"Ping successful: 200 - 2026-05-31T21:00:00.739Z"}
{"level":"info","message":"Running external service ping..."}
{"level":"info","message":"Ping successful: 200 - 2026-05-31T21:05:00.845Z"}
{"level":"info","message":"Running external service ping..."}
{"level":"info","message":"Ping successful: 200 - 2026-05-31T21:15:01.143Z"}
{"level":"info","message":"Running external service ping..."}
{"level":"info","message":"Ping successful: 200 - 2026-05-31T21:20:00.829Z"}
{"level":"info","message":"Running external service ping..."}
{"level":"info","message":"Ping successful: 200 - 2026-05-31T21:25:00.856Z"}
{"level":"info","message":"Running external service ping..."}
{"level":"info","message":"Running hourly email journey cron..."}
{"level":"info","message":"Running cleanup job at 2026-06-01T03:00:00.036Z (IST)"}
{"level":"info","message":"Updated 0 non-recurring events to 'past' status"}
{"level":"info","message":"Updated 0 recurring events to 'past' status"}
{"level":"info","message":"Ping successful: 200 - 2026-05-31T21:30:00.711Z"}
{"level":"info","message":"Updated 0 bookings to 'expired' status"}
{"level":"info","message":"Running external service ping..."}
{"level":"info","message":"Ping successful: 200 - 2026-05-31T22:25:01.175Z"}
{"level":"info","message":"Running external service ping..."}
{"level":"info","message":"Ping successful: 200 - 2026-05-31T23:20:00.783Z"}
{"level":"info","message":"Running external service ping..."}
{"level":"error","message":"Ping failed: timeout of 10000ms exceeded - 2026-06-01T00:05:10.030Z"}
{"level":"info","message":"Running cleanup job at 2026-06-01T07:00:00.026Z (IST)"}
{"level":"info","message":"Running hourly email journey cron..."}
{"level":"info","message":"Running external service ping..."}
{"level":"info","message":"Updated 0 non-recurring events to 'past' status"}
{"level":"info","message":"Updated 0 recurring events to 'past' status"}
{"level":"info","message":"Updated 0 bookings to 'expired' status"}
{"level":"error","message":"Ping failed: timeout of 10000ms exceeded - 2026-06-01T01:33:58.263Z"}
{"level":"info","message":"Running external service ping..."}
{"level":"error","message":"Ping failed: timeout of 10000ms exceeded - 2026-06-01T02:35:10.012Z"}
{"level":"info","message":"Running external service ping..."}
{"level":"error","message":"Ping failed: timeout of 10000ms exceeded - 2026-06-01T03:15:10.026Z"}
{"level":"info","message":"Running external service ping..."}
{"level":"info","message":"Running hourly email journey cron..."}
{"level":"info","message":"Running cleanup job at 2026-06-01T10:00:00.278Z (IST)"}
{"level":"info","message":"Updated 0 non-recurring events to 'past' status"}
{"level":"info","message":"Updated 0 recurring events to 'past' status"}
{"level":"info","message":"Updated 0 bookings to 'expired' status"}
{"level":"error","message":"Ping failed: timeout of 10000ms exceeded - 2026-06-01T04:30:10.179Z"}
{"level":"info","message":"Running external service ping..."}
{"level":"error","message":"Ping failed: timeout of 10000ms exceeded - 2026-06-01T05:25:10.025Z"}
{"level":"info","message":"Running external service ping..."}
{"level":"error","message":"Ping failed: timeout of 10000ms exceeded - 2026-06-01T05:55:10.078Z"}
{"level":"info","message":"Running external service ping..."}
{"level":"error","message":"Ping failed: timeout of 10000ms exceeded - 2026-06-01T07:07:12.573Z"}
{"level":"info","message":"Running external service ping..."}
{"level":"info","message":"Ping successful: 200 - 2026-06-01T07:10:01.178Z"}
{"level":"info","message":"Running hourly email journey cron..."}
{"level":"info","message":"Running cleanup job at 2026-06-01T13:00:00.046Z (IST)"}
{"level":"info","message":"Running external service ping..."}
{"level":"info","message":"Updated 0 non-recurring events to 'past' status"}
{"level":"info","message":"Updated 0 recurring events to 'past' status"}
{"level":"info","message":"Updated 0 bookings to 'expired' status"}
{"level":"error","message":"Ping failed: timeout of 10000ms exceeded - 2026-06-01T07:30:10.056Z"}
{"level":"info","message":"Running external service ping..."}
{"level":"error","message":"Ping failed: timeout of 10000ms exceeded - 2026-06-01T07:58:42.682Z"}
{"level":"info","message":"Running external service ping..."}
{"level":"error","message":"Ping failed: timeout of 10000ms exceeded - 2026-06-01T08:25:10.027Z"}
{"level":"info","message":"Running hourly email journey cron..."}
{"level":"info","message":"Running cleanup job at 2026-06-01T14:00:00.031Z (IST)"}
{"level":"info","message":"Running external service ping..."}
{"level":"info","message":"Updated 0 non-recurring events to 'past' status"}
{"level":"info","message":"Updated 0 recurring events to 'past' status"}
{"level":"info","message":"Updated 0 bookings to 'expired' status"}
{"level":"info","message":"Ping successful: 200 - 2026-06-01T08:30:01.193Z"}
{"level":"info","message":"Running external service ping..."}
{"level":"error","message":"Ping failed: timeout of 10000ms exceeded - 2026-06-01T10:55:10.019Z"}
{"level":"info","message":"Running external service ping..."}
{"level":"error","message":"Ping failed: timeout of 10000ms exceeded - 2026-06-01T12:05:10.025Z"}
{"level":"info","message":"Running cleanup job at 2026-06-01T18:00:00.230Z (IST)"}
{"level":"info","message":"Running hourly email journey cron..."}
{"level":"info","message":"Running external service ping..."}
{"level":"info","message":"Updated 0 non-recurring events to 'past' status"}
{"level":"info","message":"Updated 0 recurring events to 'past' status"}
{"level":"info","message":"Updated 0 bookings to 'expired' status"}
{"level":"error","message":"Ping failed: timeout of 10000ms exceeded - 2026-06-01T12:30:10.291Z"}
{"level":"info","message":"Running external service ping..."}
{"level":"error","message":"Ping failed: timeout of 10000ms exceeded - 2026-06-01T13:35:10.082Z"}
{"level":"info","message":"Running external service ping..."}
{"level":"error","message":"Ping failed: timeout of 10000ms exceeded - 2026-06-01T14:15:10.038Z"}
{"level":"info","message":"Running external service ping..."}
{"level":"error","message":"Ping failed: timeout of 10000ms exceeded - 2026-06-01T14:35:10.037Z"}
{"level":"info","message":"Running external service ping..."}
{"level":"info","message":"Ping successful: 200 - 2026-06-01T16:25:01.212Z"}
{"level":"info","message":"Running external service ping..."}
{"level":"error","message":"Ping failed: timeout of 10000ms exceeded - 2026-06-01T17:45:10.075Z"}
{"level":"info","message":"Running external service ping..."}
{"level":"info","message":"Ping successful: 200 - 2026-06-01T17:50:00.949Z"}
{"level":"info","message":"Running external service ping..."}
{"level":"error","message":"Ping failed: timeout of 10000ms exceeded - 2026-06-01T18:30:12.494Z"}
{"level":"info","message":"Running external service ping..."}
{"level":"error","message":"Ping failed: timeout of 10000ms exceeded - 2026-06-01T19:20:10.016Z"}
{"level":"info","message":"Running external service ping..."}
{"level":"info","message":"Ping successful: 200 - 2026-06-01T19:25:01.105Z"}
{"level":"info","message":"Running cleanup job at 2026-06-02T01:00:00.050Z (IST)"}
{"level":"info","message":"Running external service ping..."}
{"level":"info","message":"Running hourly email journey cron..."}
{"level":"info","message":"Updated 0 non-recurring events to 'past' status"}
{"level":"info","message":"Updated 0 recurring events to 'past' status"}
{"level":"info","message":"Updated 0 bookings to 'expired' status"}
{"level":"info","message":"Ping successful: 200 - 2026-06-01T19:30:00.784Z"}
{"level":"info","message":"Running external service ping..."}
{"level":"info","message":"Ping successful: 200 - 2026-06-01T19:35:01.108Z"}
{"level":"info","message":"Cron jobs initialized"}
{"level":"info","message":"Running external service ping..."}
{"level":"info","message":"Ping successful: 200 - 2026-06-01T19:40:00.777Z"}
{"level":"info","message":"Running external service ping..."}
{"level":"info","message":"Ping successful: 200 - 2026-06-01T19:45:00.753Z"}
{"level":"info","message":"Running external service ping..."}
{"level":"info","message":"Ping successful: 200 - 2026-06-01T19:50:01.107Z"}
{"level":"info","message":"Running external service ping..."}
{"level":"info","message":"Ping successful: 200 - 2026-06-01T19:55:00.712Z"}
{"level":"info","message":"Cron jobs initialized"}
{"level":"info","message":"Cron jobs initialized"}
{"level":"info","message":"Running external service ping..."}
{"level":"info","message":"Ping successful: 200 - 2026-06-01T20:00:00.737Z"}
{"level":"info","message":"Cron jobs initialized"}
{"level":"info","message":"Cron jobs initialized"}
{"level":"info","message":"Running external service ping..."}
{"level":"info","message":"Ping successful: 200 - 2026-06-01T20:05:01.100Z"}
{"level":"info","message":"Running external service ping..."}
{"level":"info","message":"Ping successful: 200 - 2026-06-01T20:10:01.078Z"}
{"level":"info","message":"Running external service ping..."}
{"level":"info","message":"Ping successful: 200 - 2026-06-01T20:15:00.722Z"}
{"level":"info","message":"Running external service ping..."}
{"level":"info","message":"Ping successful: 200 - 2026-06-01T20:20:00.723Z"}
{"level":"info","message":"Running external service ping..."}
{"level":"info","message":"Ping successful: 200 - 2026-06-01T20:45:00.793Z"}
{"level":"info","message":"Running external service ping..."}
{"level":"info","message":"Ping successful: 200 - 2026-06-01T20:50:01.267Z"}
{"level":"info","message":"Running external service ping..."}
{"level":"info","message":"Ping successful: 200 - 2026-06-01T20:55:01.070Z"}
{"level":"info","message":"Running external service ping..."}
{"level":"info","message":"Ping successful: 200 - 2026-06-01T21:00:00.729Z"}
{"level":"info","message":"Running external service ping..."}
{"level":"info","message":"Ping successful: 200 - 2026-06-01T21:05:01.079Z"}
{"level":"info","message":"Running hourly email journey cron..."}
{"level":"info","message":"Running external service ping..."}
{"level":"info","message":"Running cleanup job at 2026-06-02T03:00:00.034Z (IST)"}
{"level":"info","message":"Updated 0 non-recurring events to 'past' status"}
{"level":"info","message":"Updated 0 recurring events to 'past' status"}
{"level":"info","message":"Updated 0 bookings to 'expired' status"}
{"level":"error","message":"Ping failed: timeout of 10000ms exceeded - 2026-06-01T21:30:10.041Z"}
{"level":"info","message":"Running external service ping..."}
{"level":"error","message":"Ping failed: timeout of 10000ms exceeded - 2026-06-01T22:35:10.020Z"}
{"level":"info","message":"Running external service ping..."}
{"level":"error","message":"Ping failed: timeout of 10000ms exceeded - 2026-06-01T23:10:10.019Z"}
{"level":"info","message":"Running external service ping..."}
{"level":"info","message":"Ping successful: 200 - 2026-06-01T23:20:00.817Z"}
{"level":"info","message":"Running external service ping..."}
{"level":"info","message":"Ping successful: 200 - 2026-06-01T23:25:01.139Z"}
{"level":"info","message":"Running hourly email journey cron..."}
{"level":"info","message":"Running cleanup job at 2026-06-02T05:00:00.028Z (IST)"}
{"level":"info","message":"Running external service ping..."}
{"level":"info","message":"Updated 0 non-recurring events to 'past' status"}
{"level":"info","message":"Updated 0 recurring events to 'past' status"}
{"level":"info","message":"Updated 0 bookings to 'expired' status"}
{"level":"info","message":"Ping successful: 200 - 2026-06-01T23:30:01.218Z"}
{"level":"info","message":"Running external service ping..."}
{"level":"info","message":"Ping successful: 200 - 2026-06-01T23:35:00.737Z"}
{"level":"info","message":"Running external service ping..."}
{"level":"info","message":"Ping successful: 200 - 2026-06-01T23:40:00.791Z"}
{"level":"info","message":"Running external service ping..."}
{"level":"info","message":"Ping successful: 200 - 2026-06-01T23:45:00.798Z"}
{"level":"info","message":"Running external service ping..."}
{"level":"info","message":"Ping successful: 200 - 2026-06-01T23:55:01.150Z"}
{"level":"info","message":"Running external service ping..."}
{"level":"info","message":"Ping successful: 200 - 2026-06-02T00:00:00.824Z"}
{"level":"info","message":"Running external service ping..."}
{"level":"info","message":"Ping successful: 200 - 2026-06-02T00:05:01.147Z"}
{"level":"info","message":"Running external service ping..."}
{"level":"info","message":"Ping successful: 200 - 2026-06-02T00:10:01.113Z"}
{"level":"info","message":"Running external service ping..."}
{"level":"info","message":"Ping successful: 200 - 2026-06-02T00:15:00.858Z"}
{"level":"info","message":"Running external service ping..."}
{"level":"info","message":"Ping successful: 200 - 2026-06-02T00:20:01.121Z"}
{"level":"info","message":"Running hourly email journey cron..."}
{"level":"info","message":"Running cleanup job at 2026-06-02T06:00:00.035Z (IST)"}
{"level":"info","message":"Running external service ping..."}
{"level":"info","message":"Updated 0 non-recurring events to 'past' status"}
{"level":"info","message":"Updated 0 recurring events to 'past' status"}
{"level":"info","message":"Updated 0 bookings to 'expired' status"}
{"level":"info","message":"Ping successful: 200 - 2026-06-02T00:30:01.186Z"}
{"level":"info","message":"Running external service ping..."}
{"level":"info","message":"Ping successful: 200 - 2026-06-02T00:35:01.145Z"}
{"level":"info","message":"Running external service ping..."}
{"level":"info","message":"Ping successful: 200 - 2026-06-02T00:40:01.186Z"}
{"level":"info","message":"Running external service ping..."}
{"level":"info","message":"Ping successful: 200 - 2026-06-02T00:45:01.247Z"}
{"level":"info","message":"Running external service ping..."}
{"level":"info","message":"Ping successful: 200 - 2026-06-02T00:50:08.793Z"}
{"level":"info","message":"Running external service ping..."}
{"level":"info","message":"Ping successful: 200 - 2026-06-02T00:55:01.222Z"}
{"level":"info","message":"Running external service ping..."}
{"level":"info","message":"Ping successful: 200 - 2026-06-02T01:00:01.350Z"}
{"level":"info","message":"Running external service ping..."}
{"level":"info","message":"Ping successful: 200 - 2026-06-02T01:05:00.803Z"}
{"level":"info","message":"Running external service ping..."}
{"level":"info","message":"Ping successful: 200 - 2026-06-02T01:10:01.153Z"}
{"level":"info","message":"Running external service ping..."}
{"level":"info","message":"Ping successful: 200 - 2026-06-02T01:15:01.172Z"}
{"level":"info","message":"Running external service ping..."}
{"level":"info","message":"Ping successful: 200 - 2026-06-02T01:20:01.227Z"}
{"level":"info","message":"Running external service ping..."}
{"level":"info","message":"Running hourly email journey cron..."}
{"level":"info","message":"Running cleanup job at 2026-06-02T07:00:00.059Z (IST)"}
{"level":"info","message":"Updated 0 non-recurring events to 'past' status"}
{"level":"info","message":"Updated 0 recurring events to 'past' status"}
{"level":"info","message":"Updated 0 bookings to 'expired' status"}
{"level":"info","message":"Ping successful: 200 - 2026-06-02T01:30:01.114Z"}
{"level":"info","message":"Running external service ping..."}
{"level":"info","message":"Ping successful: 200 - 2026-06-02T01:35:01.260Z"}
{"level":"info","message":"Running external service ping..."}
{"level":"info","message":"Ping successful: 200 - 2026-06-02T01:40:01.141Z"}
{"level":"info","message":"Running external service ping..."}
{"level":"info","message":"Ping successful: 200 - 2026-06-02T01:45:00.734Z"}
{"level":"info","message":"Running external service ping..."}
{"level":"info","message":"Ping successful: 200 - 2026-06-02T01:50:01.183Z"}
{"level":"info","message":"Running external service ping..."}
{"level":"info","message":"Ping successful: 200 - 2026-06-02T01:55:01.139Z"}
{"level":"info","message":"Running external service ping..."}
{"level":"error","message":"Ping failed: timeout of 10000ms exceeded - 2026-06-02T03:00:10.026Z"}
{"level":"info","message":"Running external service ping..."}
{"level":"info","message":"Ping successful: 200 - 2026-06-02T03:05:01.311Z"}
{"level":"info","message":"Running external service ping..."}
{"level":"info","message":"Ping successful: 200 - 2026-06-02T03:10:01.071Z"}
{"level":"info","message":"Running external service ping..."}
{"level":"info","message":"Ping successful: 200 - 2026-06-02T03:15:01.191Z"}
{"level":"info","message":"Running external service ping..."}
{"level":"info","message":"Ping successful: 200 - 2026-06-02T03:20:08.754Z"}
{"level":"info","message":"Running external service ping..."}
{"level":"info","message":"Ping successful: 200 - 2026-06-02T03:25:01.135Z"}
{"level":"info","message":"Running external service ping..."}
{"level":"info","message":"Running hourly email journey cron..."}
{"level":"info","message":"Running cleanup job at 2026-06-02T09:00:00.263Z (IST)"}
{"level":"info","message":"Updated 0 non-recurring events to 'past' status"}
{"level":"info","message":"Updated 0 recurring events to 'past' status"}
{"level":"info","message":"Updated 0 bookings to 'expired' status"}
{"level":"info","message":"Ping successful: 200 - 2026-06-02T03:30:02.102Z"}
{"level":"info","message":"Running external service ping..."}
{"level":"info","message":"Ping successful: 200 - 2026-06-02T03:35:01.129Z"}
{"level":"info","message":"Running external service ping..."}
{"level":"info","message":"Ping successful: 200 - 2026-06-02T03:40:01.150Z"}
{"level":"info","message":"Running external service ping..."}
{"level":"info","message":"Ping successful: 200 - 2026-06-02T03:45:01.167Z"}
{"level":"info","message":"Running external service ping..."}
{"level":"info","message":"Ping successful: 200 - 2026-06-02T03:50:01.235Z"}
{"level":"info","message":"Running external service ping..."}
{"level":"error","message":"Ping failed: timeout of 10000ms exceeded - 2026-06-02T04:10:10.027Z"}
{"level":"info","message":"Running external service ping..."}
{"level":"info","message":"Running cleanup job at 2026-06-02T10:00:00.354Z (IST)"}
{"level":"info","message":"Running hourly email journey cron..."}
{"level":"info","message":"Updated 0 non-recurring events to 'past' status"}
{"level":"info","message":"Updated 0 recurring events to 'past' status"}
{"level":"info","message":"Updated 0 bookings to 'expired' status"}
{"level":"error","message":"Ping failed: timeout of 10000ms exceeded - 2026-06-02T04:30:10.358Z"}
{"level":"info","message":"Running external service ping..."}
{"level":"error","message":"Ping failed: timeout of 10000ms exceeded - 2026-06-02T04:45:05.047Z"}
{"level":"info","message":"Running external service ping..."}
{"level":"info","message":"Ping successful: 200 - 2026-06-02T04:55:01.130Z"}
{"level":"info","message":"Running external service ping..."}
{"level":"error","message":"Ping failed: timeout of 10000ms exceeded - 2026-06-02T06:50:28.587Z"}
{"level":"info","message":"Running external service ping..."}
{"level":"info","message":"Ping successful: 200 - 2026-06-02T06:55:01.233Z"}
{"level":"info","message":"Running external service ping..."}
{"level":"info","message":"Ping successful: 200 - 2026-06-02T07:00:01.108Z"}
{"level":"info","message":"Running external service ping..."}
{"level":"info","message":"Running hourly email journey cron..."}
{"level":"info","message":"Running cleanup job at 2026-06-02T13:00:00.079Z (IST)"}
{"level":"info","message":"Updated 0 non-recurring events to 'past' status"}
{"level":"info","message":"Updated 0 recurring events to 'past' status"}
{"level":"info","message":"Updated 0 bookings to 'expired' status"}
{"level":"error","message":"Ping failed: timeout of 10000ms exceeded - 2026-06-02T07:32:34.714Z"}
{"level":"info","message":"Running external service ping..."}
{"level":"error","message":"Ping failed: timeout of 10000ms exceeded - 2026-06-02T09:20:10.010Z"}
{"level":"info","message":"Running external service ping..."}
{"level":"error","message":"Ping failed: timeout of 10000ms exceeded - 2026-06-02T09:45:05.531Z"}
{"level":"info","message":"Running external service ping..."}
{"level":"error","message":"Ping failed: timeout of 10000ms exceeded - 2026-06-02T10:20:10.027Z"}
{"level":"info","message":"Running external service ping..."}
{"level":"error","message":"Ping failed: timeout of 10000ms exceeded - 2026-06-02T11:10:01.949Z"}
{"level":"info","message":"Running external service ping..."}
{"level":"info","message":"Ping successful: 200 - 2026-06-02T11:45:00.839Z"}
{"level":"info","message":"Running external service ping..."}
{"level":"info","message":"Running cleanup job at 2026-06-02T18:00:00.344Z (IST)"}
{"level":"info","message":"Running hourly email journey cron..."}
{"level":"info","message":"Updated 0 non-recurring events to 'past' status"}
{"level":"info","message":"Updated 0 recurring events to 'past' status"}
{"level":"info","message":"Updated 0 bookings to 'expired' status"}
{"level":"error","message":"Ping failed: timeout of 10000ms exceeded - 2026-06-02T12:30:10.347Z"}
{"level":"info","message":"Running external service ping..."}
{"level":"error","message":"Ping failed: timeout of 10000ms exceeded - 2026-06-02T13:45:10.027Z"}
{"level":"info","message":"Running external service ping..."}
{"level":"error","message":"Ping failed: timeout of 10000ms exceeded - 2026-06-02T14:40:10.020Z"}
{"level":"info","message":"Running external service ping..."}
{"level":"info","message":"Ping successful: 200 - 2026-06-02T14:55:02.136Z"}
{"level":"info","message":"Running external service ping..."}
{"level":"error","message":"Ping failed: timeout of 10000ms exceeded - 2026-06-02T15:40:10.019Z"}
{"level":"info","message":"Running external service ping..."}
{"level":"error","message":"Ping failed: timeout of 10000ms exceeded - 2026-06-02T16:05:10.009Z"}
{"level":"info","message":"Running external service ping..."}
{"level":"error","message":"Ping failed: timeout of 10000ms exceeded - 2026-06-02T16:55:10.020Z"}
{"level":"info","message":"Running external service ping..."}
{"level":"info","message":"Ping successful: 200 - 2026-06-02T17:15:01.217Z"}
{"level":"info","message":"Running external service ping..."}
{"level":"error","message":"Ping failed: timeout of 10000ms exceeded - 2026-06-02T17:40:10.019Z"}
{"level":"info","message":"Running external service ping..."}
{"level":"info","message":"Ping successful: 200 - 2026-06-02T17:45:05.869Z"}
{"level":"info","message":"Running external service ping..."}
{"level":"info","message":"Ping successful: 200 - 2026-06-02T17:50:01.085Z"}
{"level":"info","message":"Running external service ping..."}
{"level":"info","message":"Ping successful: 200 - 2026-06-02T17:55:00.826Z"}
{"level":"info","message":"Running external service ping..."}
{"level":"info","message":"Ping successful: 200 - 2026-06-02T18:00:01.132Z"}
{"level":"info","message":"Running external service ping..."}
{"level":"info","message":"Ping successful: 200 - 2026-06-02T18:05:00.803Z"}
{"level":"info","message":"Running external service ping..."}
{"level":"info","message":"Ping successful: 200 - 2026-06-02T18:10:01.105Z"}
{"level":"info","message":"Running external service ping..."}
{"level":"info","message":"Ping successful: 200 - 2026-06-02T18:15:01.096Z"}
{"level":"info","message":"Cron jobs initialized"}
{"level":"info","message":"Running external service ping..."}
{"level":"info","message":"Ping successful: 200 - 2026-06-02T18:20:01.122Z"}
{"level":"info","message":"Running external service ping..."}
{"level":"info","message":"Ping successful: 200 - 2026-06-02T18:25:00.752Z"}
{"level":"info","message":"Running external service ping..."}
{"level":"info","message":"Running cleanup job at 2026-06-03T00:00:00.042Z (IST)"}
{"level":"info","message":"Running hourly email journey cron..."}
{"level":"info","message":"Updated 0 non-recurring events to 'past' status"}
{"level":"info","message":"Updated 0 recurring events to 'past' status"}
{"level":"info","message":"Updated 0 bookings to 'expired' status"}
{"level":"info","message":"Ping successful: 200 - 2026-06-02T18:30:01.149Z"}
{"level":"info","message":"Running external service ping..."}
{"level":"info","message":"Ping successful: 200 - 2026-06-02T18:45:01.148Z"}
{"level":"info","message":"Running external service ping..."}
{"level":"info","message":"Ping successful: 200 - 2026-06-02T19:00:00.945Z"}
{"level":"info","message":"Running external service ping..."}
{"level":"error","message":"Ping failed: timeout of 10000ms exceeded - 2026-06-02T19:20:10.029Z"}
{"level":"info","message":"Running external service ping..."}
{"level":"error","message":"Ping failed: timeout of 10000ms exceeded - 2026-06-02T19:40:10.024Z"}
{"level":"info","message":"Running external service ping..."}
{"level":"info","message":"Ping successful: 200 - 2026-06-02T20:00:00.885Z"}
{"level":"info","message":"Running external service ping..."}
{"level":"info","message":"Ping successful: 200 - 2026-06-02T20:05:01.150Z"}
{"level":"info","message":"Running external service ping..."}
{"level":"info","message":"Ping successful: 200 - 2026-06-02T20:10:01.118Z"}
{"level":"info","message":"Running external service ping..."}
{"level":"info","message":"Ping successful: 200 - 2026-06-02T20:15:01.032Z"}
{"level":"info","message":"Running external service ping..."}
{"level":"info","message":"Ping successful: 200 - 2026-06-02T20:20:01.236Z"}
{"level":"info","message":"Running external service ping..."}
{"level":"info","message":"Ping successful: 200 - 2026-06-02T20:25:01.329Z"}
{"level":"info","message":"Running external service ping..."}
{"level":"info","message":"Running cleanup job at 2026-06-03T02:00:00.031Z (IST)"}
{"level":"info","message":"Running hourly email journey cron..."}
{"level":"info","message":"Updated 0 non-recurring events to 'past' status"}
{"level":"info","message":"Updated 0 recurring events to 'past' status"}
{"level":"info","message":"Updated 0 bookings to 'expired' status"}
{"level":"info","message":"Ping successful: 200 - 2026-06-02T20:30:01.130Z"}
{"level":"info","message":"Running external service ping..."}
{"level":"info","message":"Ping successful: 200 - 2026-06-02T20:35:01.110Z"}
{"level":"info","message":"Running external service ping..."}
{"level":"info","message":"Ping successful: 200 - 2026-06-02T20:40:01.159Z"}
{"level":"info","message":"Running external service ping..."}
{"level":"info","message":"Ping successful: 200 - 2026-06-02T20:45:01.104Z"}
{"level":"info","message":"Running external service ping..."}
{"level":"info","message":"Ping successful: 200 - 2026-06-02T20:50:00.839Z"}
{"level":"info","message":"Running external service ping..."}
{"level":"info","message":"Ping successful: 200 - 2026-06-02T20:55:01.097Z"}
{"level":"info","message":"Running external service ping..."}
{"level":"info","message":"Ping successful: 200 - 2026-06-02T21:00:01.074Z"}
{"level":"info","message":"Running external service ping..."}
{"level":"info","message":"Ping successful: 200 - 2026-06-02T21:05:01.075Z"}
{"level":"info","message":"Running external service ping..."}
{"level":"info","message":"Ping successful: 200 - 2026-06-02T21:10:01.126Z"}
{"level":"info","message":"Running external service ping..."}
{"level":"info","message":"Ping successful: 200 - 2026-06-02T21:15:01.272Z"}
{"level":"info","message":"Running external service ping..."}
{"level":"info","message":"Ping successful: 200 - 2026-06-02T21:20:00.856Z"}
{"level":"info","message":"Running external service ping..."}
{"level":"error","message":"Ping failed: timeout of 10000ms exceeded - 2026-06-02T22:00:10.026Z"}
{"level":"info","message":"Running external service ping..."}
{"level":"info","message":"Ping successful: 200 - 2026-06-02T22:05:01.169Z"}
{"level":"info","message":"Running external service ping..."}
{"level":"info","message":"Ping successful: 200 - 2026-06-02T22:10:01.217Z"}
{"level":"info","message":"Running external service ping..."}
{"level":"info","message":"Ping successful: 200 - 2026-06-02T22:15:00.958Z"}
{"level":"info","message":"Running external service ping..."}
{"level":"info","message":"Ping successful: 200 - 2026-06-02T22:20:01.202Z"}
{"level":"info","message":"Running external service ping..."}
{"level":"info","message":"Ping successful: 200 - 2026-06-02T22:25:01.344Z"}
{"level":"info","message":"Running hourly email journey cron..."}
{"level":"info","message":"Running external service ping..."}
{"level":"info","message":"Running cleanup job at 2026-06-03T04:00:00.027Z (IST)"}
{"level":"info","message":"Updated 0 non-recurring events to 'past' status"}
{"level":"info","message":"Updated 0 recurring events to 'past' status"}
{"level":"info","message":"Updated 0 bookings to 'expired' status"}
{"level":"info","message":"Ping successful: 200 - 2026-06-02T22:30:00.872Z"}
{"level":"info","message":"Running external service ping..."}
{"level":"info","message":"Ping successful: 200 - 2026-06-02T22:35:01.129Z"}
{"level":"info","message":"Running external service ping..."}
{"level":"info","message":"Ping successful: 200 - 2026-06-02T22:40:01.170Z"}
{"level":"info","message":"Running external service ping..."}
{"level":"info","message":"Ping successful: 200 - 2026-06-02T22:45:01.215Z"}
{"level":"info","message":"Running external service ping..."}
{"level":"info","message":"Ping successful: 200 - 2026-06-02T22:50:01.156Z"}
{"level":"info","message":"Running external service ping..."}
{"level":"info","message":"Ping successful: 200 - 2026-06-02T22:55:01.098Z"}
{"level":"info","message":"Running external service ping..."}
{"level":"info","message":"Ping successful: 200 - 2026-06-02T23:00:01.344Z"}
{"level":"info","message":"Running external service ping..."}
{"level":"error","message":"Ping failed: timeout of 10000ms exceeded - 2026-06-03T00:05:12.080Z"}
{"level":"info","message":"Running external service ping..."}
{"level":"error","message":"Ping failed: timeout of 10000ms exceeded - 2026-06-03T02:05:10.033Z"}
{"level":"info","message":"Running external service ping..."}
{"level":"info","message":"Ping successful: 200 - 2026-06-03T02:20:01.285Z"}
{"level":"info","message":"Running hourly email journey cron..."}
{"level":"info","message":"Running cleanup job at 2026-06-03T10:00:00.382Z (IST)"}
{"level":"info","message":"Running external service ping..."}
{"level":"info","message":"Updated 0 non-recurring events to 'past' status"}
{"level":"info","message":"Updated 0 recurring events to 'past' status"}
{"level":"info","message":"Updated 0 bookings to 'expired' status"}
{"level":"error","message":"Ping failed: timeout of 10000ms exceeded - 2026-06-03T04:30:10.387Z"}
{"level":"info","message":"Running external service ping..."}
{"level":"info","message":"Ping successful: 200 - 2026-06-03T05:20:00.851Z"}
{"level":"info","message":"Running external service ping..."}
{"level":"error","message":"Ping failed: timeout of 10000ms exceeded - 2026-06-03T06:05:10.027Z"}
{"level":"info","message":"Running external service ping..."}
{"level":"error","message":"Ping failed: timeout of 10000ms exceeded - 2026-06-03T07:10:10.022Z"}
{"level":"info","message":"Running external service ping..."}
{"level":"error","message":"Ping failed: timeout of 10000ms exceeded - 2026-06-03T08:10:10.021Z"}
{"level":"info","message":"Running external service ping..."}
{"level":"error","message":"Ping failed: timeout of 10000ms exceeded - 2026-06-03T08:40:10.044Z"}
{"level":"info","message":"Running external service ping..."}
{"level":"error","message":"Ping failed: timeout of 10000ms exceeded - 2026-06-03T10:55:10.022Z"}
{"level":"info","message":"Running external service ping..."}
{"level":"error","message":"Ping failed: timeout of 10000ms exceeded - 2026-06-03T11:35:10.017Z"}
{"level":"info","message":"Running external service ping..."}
{"level":"error","message":"Ping failed: timeout of 10000ms exceeded - 2026-06-03T12:25:07.862Z"}
{"level":"info","message":"Running hourly email journey cron..."}
{"level":"info","message":"Running cleanup job at 2026-06-03T18:00:00.400Z (IST)"}
{"level":"info","message":"Running external service ping..."}
{"level":"info","message":"Ping successful: 200 - 2026-06-03T12:30:01.592Z"}
{"level":"info","message":"Updated 0 non-recurring events to 'past' status"}
{"level":"info","message":"Updated 0 recurring events to 'past' status"}
{"level":"info","message":"Updated 0 bookings to 'expired' status"}
{"level":"info","message":"Running external service ping..."}
{"level":"error","message":"Ping failed: timeout of 10000ms exceeded - 2026-06-03T13:55:10.024Z"}
{"level":"info","message":"Running external service ping..."}
{"level":"error","message":"Ping failed: timeout of 10000ms exceeded - 2026-06-03T15:53:13.804Z"}
{"level":"info","message":"Running cleanup job at 2026-06-03T22:00:00.032Z (IST)"}
{"level":"info","message":"Running hourly email journey cron..."}
{"level":"info","message":"Running external service ping..."}
{"level":"info","message":"Updated 0 non-recurring events to 'past' status"}
{"level":"info","message":"Updated 0 recurring events to 'past' status"}
{"level":"info","message":"Updated 0 bookings to 'expired' status"}
{"level":"error","message":"Ping failed: timeout of 10000ms exceeded - 2026-06-03T16:30:10.042Z"}
{"level":"info","message":"Running external service ping..."}
{"level":"info","message":"Ping successful: 200 - 2026-06-03T18:00:00.863Z"}
{"level":"info","message":"Running external service ping..."}
{"level":"error","message":"Ping failed: timeout of 10000ms exceeded - 2026-06-03T19:20:10.025Z"}
{"level":"info","message":"Running external service ping..."}
{"level":"info","message":"Ping successful: 200 - 2026-06-03T19:25:01.182Z"}
{"level":"info","message":"Running external service ping..."}
{"level":"info","message":"Running cleanup job at 2026-06-04T01:00:00.058Z (IST)"}
{"level":"info","message":"Running hourly email journey cron..."}
{"level":"info","message":"Updated 0 non-recurring events to 'past' status"}
{"level":"info","message":"Updated 0 recurring events to 'past' status"}
{"level":"info","message":"Updated 0 bookings to 'expired' status"}
{"level":"info","message":"Ping successful: 200 - 2026-06-03T19:30:01.174Z"}
{"level":"info","message":"Running external service ping..."}
{"level":"info","message":"Ping successful: 200 - 2026-06-03T19:35:01.153Z"}
{"level":"info","message":"Running external service ping..."}
{"level":"info","message":"Ping successful: 200 - 2026-06-03T19:40:01.097Z"}
{"level":"info","message":"Running external service ping..."}
{"level":"info","message":"Ping successful: 200 - 2026-06-03T19:45:01.108Z"}
{"level":"info","message":"Running external service ping..."}
{"level":"info","message":"Ping successful: 200 - 2026-06-03T19:50:01.104Z"}
{"level":"info","message":"Running external service ping..."}
{"level":"info","message":"Ping successful: 200 - 2026-06-03T19:55:01.123Z"}
{"level":"info","message":"Running external service ping..."}
{"level":"info","message":"Ping successful: 200 - 2026-06-03T20:00:01.165Z"}
{"level":"info","message":"Running external service ping..."}
{"level":"info","message":"Ping successful: 200 - 2026-06-03T20:05:01.217Z"}
{"level":"info","message":"Running external service ping..."}
{"level":"info","message":"Ping successful: 200 - 2026-06-03T20:10:01.120Z"}
{"level":"info","message":"Running external service ping..."}
{"level":"info","message":"Ping successful: 200 - 2026-06-03T20:15:00.774Z"}
{"level":"info","message":"Running external service ping..."}
{"level":"info","message":"Ping successful: 200 - 2026-06-03T20:25:00.770Z"}
{"level":"info","message":"Running external service ping..."}
{"level":"error","message":"Ping failed: timeout of 10000ms exceeded - 2026-06-03T21:10:10.022Z"}
{"level":"info","message":"Running external service ping..."}
{"level":"info","message":"Ping successful: 200 - 2026-06-03T21:15:01.149Z"}
{"level":"info","message":"Running external service ping..."}
{"level":"info","message":"Ping successful: 200 - 2026-06-03T21:20:01.231Z"}
{"level":"info","message":"Running external service ping..."}
{"level":"info","message":"Ping successful: 200 - 2026-06-03T21:25:01.171Z"}
{"level":"info","message":"Running hourly email journey cron..."}
{"level":"info","message":"Running external service ping..."}
{"level":"info","message":"Running cleanup job at 2026-06-04T03:00:00.038Z (IST)"}
{"level":"info","message":"Updated 0 non-recurring events to 'past' status"}
{"level":"info","message":"Updated 0 recurring events to 'past' status"}
{"level":"info","message":"Updated 0 bookings to 'expired' status"}
{"level":"info","message":"Ping successful: 200 - 2026-06-03T21:30:01.161Z"}
{"level":"info","message":"Running external service ping..."}
{"level":"info","message":"Ping successful: 200 - 2026-06-03T21:35:01.159Z"}
{"level":"info","message":"Running external service ping..."}
{"level":"info","message":"Ping successful: 200 - 2026-06-03T21:40:00.789Z"}
{"level":"info","message":"Running external service ping..."}
{"level":"info","message":"Ping successful: 200 - 2026-06-03T21:45:01.259Z"}
{"level":"info","message":"Running external service ping..."}
{"level":"info","message":"Ping successful: 200 - 2026-06-03T21:50:01.250Z"}
{"level":"info","message":"Running external service ping..."}
{"level":"info","message":"Ping successful: 200 - 2026-06-03T21:55:00.818Z"}
{"level":"info","message":"Running external service ping..."}
{"level":"info","message":"Ping successful: 200 - 2026-06-03T22:00:00.891Z"}
{"level":"info","message":"Running external service ping..."}
{"level":"info","message":"Ping successful: 200 - 2026-06-03T22:05:00.802Z"}
{"level":"info","message":"Running external service ping..."}
{"level":"info","message":"Ping successful: 200 - 2026-06-03T22:10:01.148Z"}
{"level":"info","message":"Running external service ping..."}
{"level":"error","message":"Ping failed: timeout of 10000ms exceeded - 2026-06-03T22:35:10.020Z"}
{"level":"info","message":"Running external service ping..."}
{"level":"error","message":"Ping failed: timeout of 10000ms exceeded - 2026-06-03T23:40:10.021Z"}
{"level":"info","message":"Running external service ping..."}
{"level":"error","message":"Ping failed: timeout of 10000ms exceeded - 2026-06-04T00:55:10.019Z"}
{"level":"info","message":"Running hourly email journey cron..."}
{"level":"info","message":"Running cleanup job at 2026-06-04T08:00:00.035Z (IST)"}
{"level":"info","message":"Running external service ping..."}
{"level":"info","message":"Updated 0 non-recurring events to 'past' status"}
{"level":"info","message":"Updated 0 recurring events to 'past' status"}
{"level":"info","message":"Updated 0 bookings to 'expired' status"}
{"level":"error","message":"Ping failed: timeout of 10000ms exceeded - 2026-06-04T02:30:10.044Z"}
{"level":"info","message":"Running external service ping..."}
{"level":"info","message":"Ping successful: 200 - 2026-06-04T03:25:01.241Z"}
{"level":"info","message":"Running external service ping..."}
{"level":"info","message":"Running hourly email journey cron..."}
{"level":"info","message":"Running cleanup job at 2026-06-04T10:00:00.518Z (IST)"}
{"level":"info","message":"Updated 0 non-recurring events to 'past' status"}
{"level":"info","message":"Updated 0 recurring events to 'past' status"}
{"level":"info","message":"Updated 0 bookings to 'expired' status"}
{"level":"error","message":"Ping failed: timeout of 10000ms exceeded - 2026-06-04T04:30:10.518Z"}
{"level":"info","message":"Running external service ping..."}
{"level":"error","message":"Ping failed: timeout of 10000ms exceeded - 2026-06-04T06:17:02.391Z"}
{"level":"info","message":"Running external service ping..."}
{"level":"error","message":"Ping failed: timeout of 10000ms exceeded - 2026-06-04T07:10:10.018Z"}
{"level":"info","message":"Running external service ping..."}
{"level":"info","message":"Ping successful: 200 - 2026-06-04T07:20:01.160Z"}
{"level":"info","message":"Running external service ping..."}
{"level":"error","message":"Ping failed: timeout of 10000ms exceeded - 2026-06-04T07:35:10.015Z"}
{"level":"info","message":"Running external service ping..."}
{"level":"error","message":"Ping failed: timeout of 10000ms exceeded - 2026-06-04T08:05:10.027Z"}
{"level":"info","message":"Running external service ping..."}
{"level":"info","message":"Ping successful: 200 - 2026-06-04T08:10:01.357Z"}
{"level":"info","message":"Running external service ping..."}
{"level":"info","message":"Ping successful: 200 - 2026-06-04T08:15:01.296Z"}
{"level":"info","message":"Running external service ping..."}
{"level":"info","message":"Ping successful: 200 - 2026-06-04T08:20:01.231Z"}
{"level":"info","message":"Running external service ping..."}
{"level":"info","message":"Ping successful: 200 - 2026-06-04T08:25:01.134Z"}
{"level":"info","message":"Running external service ping..."}
{"level":"info","message":"Running cleanup job at 2026-06-04T14:00:00.051Z (IST)"}
{"level":"info","message":"Running hourly email journey cron..."}
{"level":"info","message":"Updated 0 non-recurring events to 'past' status"}
{"level":"info","message":"Updated 0 recurring events to 'past' status"}
{"level":"info","message":"Updated 0 bookings to 'expired' status"}
{"level":"info","message":"Ping successful: 200 - 2026-06-04T08:30:01.111Z"}
{"level":"info","message":"Running external service ping..."}
{"level":"info","message":"Ping successful: 200 - 2026-06-04T08:35:00.857Z"}
{"level":"info","message":"Running external service ping..."}
{"level":"info","message":"Ping successful: 200 - 2026-06-04T08:40:00.787Z"}
{"level":"info","message":"Running external service ping..."}
{"level":"info","message":"Ping successful: 200 - 2026-06-04T08:45:01.171Z"}
{"level":"info","message":"Running external service ping..."}
{"level":"info","message":"Ping successful: 200 - 2026-06-04T08:55:00.867Z"}
{"level":"info","message":"Running external service ping..."}
{"level":"info","message":"Ping successful: 200 - 2026-06-04T09:00:01.118Z"}
{"level":"info","message":"Running external service ping..."}
{"level":"info","message":"Ping successful: 200 - 2026-06-04T09:05:01.078Z"}
{"level":"info","message":"Running external service ping..."}
{"level":"info","message":"Ping successful: 200 - 2026-06-04T09:10:01.187Z"}
{"level":"info","message":"Running external service ping..."}
{"level":"info","message":"Ping successful: 200 - 2026-06-04T09:15:01.127Z"}
{"level":"info","message":"Running external service ping..."}
{"level":"info","message":"Ping successful: 200 - 2026-06-04T09:20:01.087Z"}
{"level":"info","message":"Running external service ping..."}
{"level":"info","message":"Running cleanup job at 2026-06-04T15:00:00.070Z (IST)"}
{"level":"info","message":"Running hourly email journey cron..."}
{"level":"info","message":"Updated 0 non-recurring events to 'past' status"}
{"level":"info","message":"Updated 0 recurring events to 'past' status"}
{"level":"info","message":"Updated 0 bookings to 'expired' status"}
{"level":"info","message":"Ping successful: 200 - 2026-06-04T09:30:00.889Z"}
{"level":"info","message":"Running external service ping..."}
{"level":"info","message":"Ping successful: 200 - 2026-06-04T09:35:01.246Z"}
{"level":"info","message":"Running external service ping..."}
{"level":"info","message":"Ping successful: 200 - 2026-06-04T10:10:01.312Z"}
{"level":"info","message":"Running external service ping..."}
{"level":"error","message":"Ping failed: timeout of 10000ms exceeded - 2026-06-04T10:25:10.035Z"}
{"level":"info","message":"Running hourly email journey cron..."}
{"level":"info","message":"Running cleanup job at 2026-06-04T16:00:00.039Z (IST)"}
{"level":"info","message":"Running external service ping..."}
{"level":"info","message":"Updated 0 non-recurring events to 'past' status"}
{"level":"info","message":"Updated 0 recurring events to 'past' status"}
{"level":"info","message":"Updated 0 bookings to 'expired' status"}
{"level":"info","message":"Ping successful: 200 - 2026-06-04T10:30:01.310Z"}
{"level":"info","message":"Running external service ping..."}
{"level":"info","message":"Ping successful: 200 - 2026-06-04T10:35:00.816Z"}
{"level":"info","message":"Running external service ping..."}
{"level":"info","message":"Ping successful: 200 - 2026-06-04T10:40:01.270Z"}
{"level":"info","message":"Running external service ping..."}
{"level":"info","message":"Ping successful: 200 - 2026-06-04T10:45:01.219Z"}
{"level":"info","message":"Running external service ping..."}
{"level":"info","message":"Ping successful: 200 - 2026-06-04T10:50:01.469Z"}
{"level":"info","message":"Running external service ping..."}
{"level":"info","message":"Ping successful: 200 - 2026-06-04T10:55:00.896Z"}
{"level":"info","message":"Running external service ping..."}
{"level":"info","message":"Ping successful: 200 - 2026-06-04T11:00:01.382Z"}
{"level":"info","message":"Running external service ping..."}
{"level":"info","message":"Ping successful: 200 - 2026-06-04T11:05:01.307Z"}
{"level":"info","message":"Running external service ping..."}
{"level":"info","message":"Ping successful: 200 - 2026-06-04T11:10:01.139Z"}
{"level":"info","message":"Running external service ping..."}
{"level":"info","message":"Ping successful: 200 - 2026-06-04T11:15:01.185Z"}
{"level":"info","message":"Running external service ping..."}
{"level":"info","message":"Ping successful: 200 - 2026-06-04T11:25:01.285Z"}
{"level":"info","message":"Running external service ping..."}
{"level":"info","message":"Running hourly email journey cron..."}
{"level":"info","message":"Running cleanup job at 2026-06-04T17:00:00.057Z (IST)"}
{"level":"info","message":"Updated 0 non-recurring events to 'past' status"}
{"level":"info","message":"Updated 0 recurring events to 'past' status"}
{"level":"info","message":"Updated 0 bookings to 'expired' status"}
{"level":"info","message":"Ping successful: 200 - 2026-06-04T11:30:01.097Z"}
{"level":"info","message":"Running external service ping..."}
{"level":"info","message":"Ping successful: 200 - 2026-06-04T11:35:01.148Z"}
{"level":"info","message":"Running external service ping..."}
{"level":"info","message":"Ping successful: 200 - 2026-06-04T11:40:01.200Z"}
{"level":"info","message":"Running external service ping..."}
{"level":"info","message":"Ping successful: 200 - 2026-06-04T11:45:01.207Z"}
{"level":"info","message":"Running external service ping..."}
{"level":"info","message":"Ping successful: 200 - 2026-06-04T11:50:01.096Z"}
{"level":"info","message":"Running external service ping..."}
{"level":"info","message":"Ping successful: 200 - 2026-06-04T11:55:01.129Z"}
{"level":"info","message":"Running external service ping..."}
{"level":"info","message":"Ping successful: 200 - 2026-06-04T12:00:01.102Z"}
{"level":"info","message":"Running external service ping..."}
{"level":"info","message":"Ping successful: 200 - 2026-06-04T12:05:00.802Z"}
{"level":"info","message":"Running external service ping..."}
{"level":"info","message":"Ping successful: 200 - 2026-06-04T12:10:00.848Z"}
{"level":"info","message":"Running external service ping..."}
{"level":"info","message":"Ping successful: 200 - 2026-06-04T12:15:01.115Z"}
{"level":"info","message":"Running external service ping..."}
{"level":"info","message":"Running hourly email journey cron..."}
{"level":"info","message":"Running cleanup job at 2026-06-04T18:00:00.577Z (IST)"}
{"level":"info","message":"Updated 0 non-recurring events to 'past' status"}
{"level":"info","message":"Updated 0 recurring events to 'past' status"}
{"level":"info","message":"Updated 0 bookings to 'expired' status"}
{"level":"info","message":"Ping successful: 200 - 2026-06-04T12:30:02.238Z"}
{"level":"info","message":"Running external service ping..."}
{"level":"error","message":"Ping failed: timeout of 10000ms exceeded - 2026-06-04T13:05:32.051Z"}
{"level":"info","message":"Running external service ping..."}
{"level":"info","message":"Ping successful: 200 - 2026-06-04T13:10:00.812Z"}
{"level":"info","message":"Running external service ping..."}
{"level":"error","message":"Ping failed: timeout of 10000ms exceeded - 2026-06-04T13:35:10.034Z"}
{"level":"info","message":"Running external service ping..."}
{"level":"error","message":"Ping failed: timeout of 10000ms exceeded - 2026-06-04T18:20:10.034Z"}
{"level":"info","message":"Running external service ping..."}
{"level":"error","message":"Ping failed: timeout of 10000ms exceeded - 2026-06-04T19:05:02.094Z"}
{"level":"info","message":"Running external service ping..."}
{"level":"error","message":"Ping failed: timeout of 10000ms exceeded - 2026-06-04T19:45:10.020Z"}
{"level":"info","message":"Running external service ping..."}
{"level":"error","message":"Ping failed: timeout of 10000ms exceeded - 2026-06-04T21:45:10.028Z"}
{"level":"info","message":"Running external service ping..."}
{"level":"error","message":"Ping failed: timeout of 10000ms exceeded - 2026-06-04T22:10:10.036Z"}
{"level":"info","message":"Running external service ping..."}
{"level":"error","message":"Ping failed: timeout of 10000ms exceeded - 2026-06-04T22:35:10.039Z"}
{"level":"info","message":"Running external service ping..."}
{"level":"info","message":"Ping successful: 200 - 2026-06-04T23:25:01.318Z"}
{"level":"info","message":"Running external service ping..."}
{"level":"error","message":"Ping failed: timeout of 10000ms exceeded - 2026-06-05T01:05:11.770Z"}
{"level":"info","message":"Running external service ping..."}
{"level":"error","message":"Ping failed: timeout of 10000ms exceeded - 2026-06-05T02:45:10.017Z"}
{"level":"info","message":"Running external service ping..."}
{"level":"info","message":"Ping successful: 200 - 2026-06-05T02:50:01.154Z"}
{"level":"info","message":"Running external service ping..."}
{"level":"info","message":"Ping successful: 200 - 2026-06-05T02:55:01.353Z"}
{"level":"info","message":"Running external service ping..."}
{"level":"error","message":"Ping failed: timeout of 10000ms exceeded - 2026-06-05T03:40:10.018Z"}
{"level":"info","message":"Running cleanup job at 2026-06-05T10:00:00.038Z (IST)"}
{"level":"info","message":"Running external service ping..."}
{"level":"info","message":"Running hourly email journey cron..."}
{"level":"info","message":"Updated 0 non-recurring events to 'past' status"}
{"level":"info","message":"Updated 0 recurring events to 'past' status"}
{"level":"info","message":"Updated 0 bookings to 'expired' status"}
{"level":"error","message":"Ping failed: timeout of 10000ms exceeded - 2026-06-05T04:30:10.055Z"}
{"level":"info","message":"Running external service ping..."}
{"level":"error","message":"Ping failed: timeout of 10000ms exceeded - 2026-06-05T06:55:06.400Z"}
{"level":"info","message":"Running external service ping..."}
{"level":"error","message":"Ping failed: timeout of 10000ms exceeded - 2026-06-05T07:10:10.026Z"}
{"level":"info","message":"Running external service ping..."}
{"level":"info","message":"Running cleanup job at 2026-06-05T13:00:00.044Z (IST)"}
{"level":"info","message":"Running hourly email journey cron..."}
{"level":"info","message":"Updated 0 non-recurring events to 'past' status"}
{"level":"info","message":"Updated 0 recurring events to 'past' status"}
{"level":"info","message":"Updated 0 bookings to 'expired' status"}
{"level":"error","message":"Ping failed: timeout of 10000ms exceeded - 2026-06-05T07:30:10.031Z"}
{"level":"info","message":"Running external service ping..."}
{"level":"info","message":"Ping successful: 200 - 2026-06-05T07:35:01.138Z"}
{"level":"info","message":"Running external service ping..."}
{"level":"error","message":"Ping failed: timeout of 10000ms exceeded - 2026-06-05T07:55:10.018Z"}
{"level":"info","message":"Running external service ping..."}
{"level":"error","message":"Ping failed: timeout of 10000ms exceeded - 2026-06-05T08:15:10.020Z"}
{"level":"info","message":"Running external service ping..."}
{"level":"error","message":"Ping failed: timeout of 10000ms exceeded - 2026-06-05T08:45:10.030Z"}
{"level":"info","message":"Running external service ping..."}
{"level":"info","message":"Ping successful: 200 - 2026-06-05T08:50:01.176Z"}
{"level":"info","message":"Running external service ping..."}
{"level":"info","message":"Ping successful: 200 - 2026-06-05T10:25:01.299Z"}
{"level":"info","message":"Running external service ping..."}
{"level":"info","message":"Running cleanup job at 2026-06-05T16:00:00.036Z (IST)"}
{"level":"info","message":"Running hourly email journey cron..."}
{"level":"info","message":"Updated 0 non-recurring events to 'past' status"}
{"level":"info","message":"Updated 0 recurring events to 'past' status"}
{"level":"info","message":"Updated 0 bookings to 'expired' status"}
{"level":"info","message":"Ping successful: 200 - 2026-06-05T10:30:01.275Z"}
{"level":"info","message":"Running external service ping..."}
{"level":"error","message":"Ping failed: timeout of 10000ms exceeded - 2026-06-05T11:10:10.036Z"}
{"level":"info","message":"Running external service ping..."}
{"level":"error","message":"Ping failed: timeout of 10000ms exceeded - 2026-06-05T11:42:15.610Z"}
{"level":"info","message":"Running external service ping..."}
{"level":"info","message":"Running cleanup job at 2026-06-05T18:00:00.061Z (IST)"}
{"level":"info","message":"Running hourly email journey cron..."}
{"level":"info","message":"Updated 0 non-recurring events to 'past' status"}
{"level":"info","message":"Updated 0 recurring events to 'past' status"}
{"level":"info","message":"Updated 0 bookings to 'expired' status"}
{"level":"error","message":"Ping failed: timeout of 10000ms exceeded - 2026-06-05T12:30:10.019Z"}
{"level":"info","message":"Running external service ping..."}
{"level":"error","message":"Ping failed: timeout of 10000ms exceeded - 2026-06-05T12:50:10.022Z"}
{"level":"info","message":"Running external service ping..."}
{"level":"error","message":"Ping failed: timeout of 10000ms exceeded - 2026-06-05T13:15:10.031Z"}
{"level":"info","message":"Running external service ping..."}
{"level":"info","message":"Ping successful: 200 - 2026-06-05T13:20:01.160Z"}
{"level":"info","message":"Running external service ping..."}
{"level":"error","message":"Ping failed: timeout of 10000ms exceeded - 2026-06-05T13:45:10.024Z"}
{"level":"info","message":"Running external service ping..."}
{"level":"error","message":"Ping failed: timeout of 10000ms exceeded - 2026-06-05T14:40:10.020Z"}
{"level":"info","message":"Running external service ping..."}
{"level":"error","message":"Ping failed: timeout of 10000ms exceeded - 2026-06-05T15:15:10.023Z"}
{"level":"info","message":"Running hourly email journey cron..."}
{"level":"info","message":"Running cleanup job at 2026-06-05T21:00:00.020Z (IST)"}
{"level":"info","message":"Running external service ping..."}
{"level":"info","message":"Updated 0 non-recurring events to 'past' status"}
{"level":"info","message":"Updated 0 recurring events to 'past' status"}
{"level":"info","message":"Updated 0 bookings to 'expired' status"}
{"level":"info","message":"Ping successful: 200 - 2026-06-05T15:30:01.176Z"}
{"level":"info","message":"Running external service ping..."}
{"level":"info","message":"Ping successful: 200 - 2026-06-05T15:55:01.194Z"}
{"level":"info","message":"Running external service ping..."}
{"level":"error","message":"Ping failed: timeout of 10000ms exceeded - 2026-06-05T16:15:10.021Z"}
{"level":"info","message":"Running external service ping..."}
{"level":"error","message":"Ping failed: timeout of 10000ms exceeded - 2026-06-05T17:25:10.024Z"}
{"level":"info","message":"Running external service ping..."}
{"level":"error","message":"Ping failed: timeout of 10000ms exceeded - 2026-06-05T17:53:05.485Z"}
{"level":"info","message":"Running external service ping..."}
{"level":"error","message":"Ping failed: timeout of 10000ms exceeded - 2026-06-05T19:00:07.411Z"}
{"level":"info","message":"Running external service ping..."}
{"level":"error","message":"Ping failed: timeout of 10000ms exceeded - 2026-06-05T20:00:10.023Z"}
{"level":"info","message":"Running external service ping..."}
{"level":"error","message":"Ping failed: timeout of 10000ms exceeded - 2026-06-05T21:25:10.022Z"}
{"level":"info","message":"Running external service ping..."}
{"level":"info","message":"Ping successful: 200 - 2026-06-05T22:25:01.387Z"}
{"level":"info","message":"Running external service ping..."}
{"level":"error","message":"Ping failed: timeout of 10000ms exceeded - 2026-06-05T23:10:10.021Z"}
{"level":"info","message":"Running external service ping..."}
{"level":"error","message":"Ping failed: timeout of 10000ms exceeded - 2026-06-06T00:10:10.019Z"}
{"level":"info","message":"Running external service ping..."}
{"level":"error","message":"Ping failed: timeout of 10000ms exceeded - 2026-06-06T01:00:10.033Z"}
{"level":"info","message":"Running external service ping..."}
{"level":"error","message":"Ping failed: timeout of 10000ms exceeded - 2026-06-06T01:50:10.022Z"}
{"level":"info","message":"Running external service ping..."}
{"level":"error","message":"Ping failed: timeout of 10000ms exceeded - 2026-06-06T03:41:04.644Z"}
{"level":"info","message":"Running external service ping..."}
{"level":"error","message":"Ping failed: timeout of 10000ms exceeded - 2026-06-06T07:15:01.832Z"}
{"level":"info","message":"Running external service ping..."}
{"level":"error","message":"Ping failed: timeout of 10000ms exceeded - 2026-06-06T07:40:10.024Z"}
{"level":"info","message":"Running external service ping..."}
{"level":"info","message":"Ping successful: 200 - 2026-06-06T09:05:01.147Z"}
{"level":"info","message":"Running external service ping..."}
{"level":"error","message":"Ping failed: timeout of 10000ms exceeded - 2026-06-06T09:55:10.018Z"}
{"level":"info","message":"Running external service ping..."}
{"level":"info","message":"Ping successful: 200 - 2026-06-06T10:25:01.783Z"}
{"level":"info","message":"Running external service ping..."}
{"level":"error","message":"Ping failed: timeout of 10000ms exceeded - 2026-06-06T11:20:10.033Z"}
{"level":"info","message":"Running external service ping..."}
{"level":"error","message":"Ping failed: timeout of 10000ms exceeded - 2026-06-06T11:40:10.023Z"}
{"level":"info","message":"Running external service ping..."}
{"level":"error","message":"Ping failed: timeout of 10000ms exceeded - 2026-06-06T12:10:10.020Z"}
{"level":"info","message":"Running external service ping..."}
{"level":"error","message":"Ping failed: timeout of 10000ms exceeded - 2026-06-06T14:25:10.030Z"}
{"level":"info","message":"Running external service ping..."}
{"level":"error","message":"Ping failed: timeout of 10000ms exceeded - 2026-06-06T15:20:10.043Z"}
{"level":"info","message":"Running external service ping..."}
{"level":"error","message":"Ping failed: timeout of 10000ms exceeded - 2026-06-06T16:35:10.028Z"}
{"level":"info","message":"Running external service ping..."}
{"level":"info","message":"Ping successful: 200 - 2026-06-06T16:55:01.176Z"}
{"level":"info","message":"Running external service ping..."}
{"level":"error","message":"Ping failed: timeout of 10000ms exceeded - 2026-06-06T18:00:11.445Z"}
{"level":"info","message":"Running external service ping..."}
{"level":"info","message":"Running cleanup job at 2026-06-07T00:00:00.038Z (IST)"}
{"level":"info","message":"Running hourly email journey cron..."}
{"level":"info","message":"Updated 0 non-recurring events to 'past' status"}
{"level":"info","message":"Updated 0 recurring events to 'past' status"}
{"level":"info","message":"Updated 0 bookings to 'expired' status"}
{"level":"error","message":"Ping failed: timeout of 10000ms exceeded - 2026-06-06T18:30:10.034Z"}
{"level":"info","message":"Running external service ping..."}
{"level":"error","message":"Ping failed: timeout of 10000ms exceeded - 2026-06-06T20:15:54.254Z"}
{"level":"info","message":"Running external service ping..."}
{"level":"error","message":"Ping failed: timeout of 10000ms exceeded - 2026-06-06T20:35:10.017Z"}
{"level":"info","message":"Running external service ping..."}
{"level":"error","message":"Ping failed: timeout of 10000ms exceeded - 2026-06-06T21:05:10.021Z"}
{"level":"info","message":"Running external service ping..."}
{"level":"error","message":"Ping failed: timeout of 10000ms exceeded - 2026-06-06T22:10:10.017Z"}
{"level":"info","message":"Running external service ping..."}
{"level":"info","message":"Ping successful: 200 - 2026-06-06T22:20:01.321Z"}
{"level":"info","message":"Running external service ping..."}
{"level":"error","message":"Ping failed: timeout of 10000ms exceeded - 2026-06-06T22:45:07.431Z"}
{"level":"info","message":"Running external service ping..."}
{"level":"error","message":"Ping failed: timeout of 10000ms exceeded - 2026-06-06T23:45:10.009Z"}
{"level":"info","message":"Running external service ping..."}
{"level":"error","message":"Ping failed: timeout of 10000ms exceeded - 2026-06-07T00:25:10.063Z"}
{"level":"info","message":"Running external service ping..."}
{"level":"error","message":"Ping failed: timeout of 10000ms exceeded - 2026-06-07T01:05:10.034Z"}
{"level":"info","message":"Running external service ping..."}
{"level":"info","message":"Ping successful: 200 - 2026-06-07T02:10:01.163Z"}
{"level":"info","message":"Running external service ping..."}
{"level":"info","message":"Ping successful: 200 - 2026-06-07T02:15:00.946Z"}
{"level":"info","message":"Running external service ping..."}
{"level":"info","message":"Ping successful: 200 - 2026-06-07T02:20:00.769Z"}
{"level":"info","message":"Running external service ping..."}
{"level":"error","message":"Ping failed: timeout of 10000ms exceeded - 2026-06-07T03:30:07.010Z"}
{"level":"info","message":"Running external service ping..."}
{"level":"error","message":"Ping failed: timeout of 10000ms exceeded - 2026-06-07T04:15:12.714Z"}
{"level":"info","message":"Running external service ping..."}
{"level":"error","message":"Ping failed: timeout of 10000ms exceeded - 2026-06-07T05:10:10.021Z"}
{"level":"info","message":"Running external service ping..."}
{"level":"error","message":"Ping failed: timeout of 10000ms exceeded - 2026-06-07T05:55:08.743Z"}
{"level":"info","message":"Running hourly email journey cron..."}
{"level":"info","message":"Running cleanup job at 2026-06-07T12:00:00.031Z (IST)"}
{"level":"info","message":"Running external service ping..."}
{"level":"info","message":"Updated 0 non-recurring events to 'past' status"}
{"level":"info","message":"Updated 0 recurring events to 'past' status"}
{"level":"info","message":"Updated 0 bookings to 'expired' status"}
{"level":"info","message":"Ping successful: 200 - 2026-06-07T06:30:01.184Z"}
{"level":"info","message":"Running external service ping..."}
{"level":"info","message":"Ping successful: 200 - 2026-06-07T06:35:02.405Z"}
{"level":"info","message":"Running external service ping..."}
{"level":"error","message":"Ping failed: timeout of 10000ms exceeded - 2026-06-07T07:15:10.022Z"}
{"level":"info","message":"Running external service ping..."}
{"level":"info","message":"Ping successful: 200 - 2026-06-07T07:25:00.874Z"}
{"level":"info","message":"Running external service ping..."}
{"level":"error","message":"Ping failed: timeout of 10000ms exceeded - 2026-06-07T08:09:17.939Z"}
{"level":"info","message":"Running external service ping..."}
{"level":"info","message":"Ping successful: 200 - 2026-06-07T08:10:00.947Z"}
{"level":"info","message":"Running external service ping..."}
{"level":"info","message":"Ping successful: 200 - 2026-06-07T08:20:01.043Z"}
{"level":"info","message":"Running external service ping..."}
{"level":"info","message":"Ping successful: 200 - 2026-06-07T08:25:01.162Z"}
{"level":"info","message":"Running hourly email journey cron..."}
{"level":"info","message":"Running cleanup job at 2026-06-07T14:00:00.028Z (IST)"}
{"level":"info","message":"Running external service ping..."}
{"level":"info","message":"Updated 0 non-recurring events to 'past' status"}
{"level":"info","message":"Updated 0 recurring events to 'past' status"}
{"level":"info","message":"Updated 0 bookings to 'expired' status"}
{"level":"info","message":"Ping successful: 200 - 2026-06-07T08:30:01.231Z"}
{"level":"info","message":"Running external service ping..."}
{"level":"info","message":"Ping successful: 200 - 2026-06-07T08:35:01.149Z"}
{"level":"info","message":"Running external service ping..."}
{"level":"info","message":"Ping successful: 200 - 2026-06-07T09:55:01.163Z"}
{"level":"info","message":"Running external service ping..."}
{"level":"info","message":"Running hourly email journey cron..."}
{"level":"info","message":"Running cleanup job at 2026-06-07T16:00:00.107Z (IST)"}
{"level":"info","message":"Updated 0 non-recurring events to 'past' status"}
{"level":"info","message":"Updated 0 recurring events to 'past' status"}
{"level":"info","message":"Updated 0 bookings to 'expired' status"}
{"level":"error","message":"Ping failed: timeout of 10000ms exceeded - 2026-06-07T10:31:53.827Z"}
{"level":"info","message":"Running external service ping..."}
{"level":"info","message":"Ping successful: 200 - 2026-06-07T10:35:01.178Z"}
{"level":"info","message":"Running external service ping..."}
{"level":"info","message":"Ping successful: 200 - 2026-06-07T10:50:01.178Z"}
{"level":"info","message":"Running external service ping..."}
{"level":"error","message":"Ping failed: timeout of 10000ms exceeded - 2026-06-07T11:20:10.028Z"}
{"level":"info","message":"Running external service ping..."}
{"level":"info","message":"Ping successful: 200 - 2026-06-07T11:25:01.213Z"}
{"level":"info","message":"Running external service ping..."}
{"level":"error","message":"Ping failed: timeout of 10000ms exceeded - 2026-06-07T11:45:10.035Z"}
{"level":"info","message":"Running external service ping..."}
{"level":"info","message":"Ping successful: 200 - 2026-06-07T11:50:00.832Z"}
{"level":"info","message":"Running external service ping..."}
{"level":"info","message":"Ping successful: 200 - 2026-06-07T11:55:01.132Z"}
{"level":"info","message":"Running external service ping..."}
{"level":"info","message":"Ping successful: 200 - 2026-06-07T12:00:01.158Z"}
{"level":"info","message":"Running external service ping..."}
{"level":"info","message":"Ping successful: 200 - 2026-06-07T12:05:01.080Z"}
{"level":"info","message":"Running external service ping..."}
{"level":"info","message":"Ping successful: 200 - 2026-06-07T12:10:01.217Z"}
{"level":"info","message":"Running external service ping..."}
{"level":"info","message":"Ping successful: 200 - 2026-06-07T12:15:00.878Z"}
{"level":"info","message":"Running external service ping..."}
{"level":"info","message":"Ping successful: 200 - 2026-06-07T12:20:01.200Z"}
{"level":"info","message":"Running external service ping..."}
{"level":"info","message":"Ping successful: 200 - 2026-06-07T12:25:00.788Z"}
{"level":"info","message":"Running external service ping..."}
{"level":"info","message":"Running hourly email journey cron..."}
{"level":"info","message":"Running cleanup job at 2026-06-07T18:00:00.054Z (IST)"}
{"level":"info","message":"Updated 0 non-recurring events to 'past' status"}
{"level":"info","message":"Updated 0 recurring events to 'past' status"}
{"level":"info","message":"Ping successful: 200 - 2026-06-07T12:30:01.094Z"}
{"level":"info","message":"Updated 0 bookings to 'expired' status"}
{"level":"info","message":"Running external service ping..."}
{"level":"error","message":"Ping failed: timeout of 10000ms exceeded - 2026-06-07T13:40:10.054Z"}
{"level":"info","message":"Running external service ping..."}
{"level":"info","message":"Ping successful: 200 - 2026-06-07T13:45:00.936Z"}
{"level":"info","message":"Running external service ping..."}
{"level":"info","message":"Ping successful: 200 - 2026-06-07T14:15:01.182Z"}
{"level":"info","message":"Running external service ping..."}
{"level":"info","message":"Ping successful: 200 - 2026-06-07T15:05:01.148Z"}
{"level":"info","message":"Running external service ping..."}
{"level":"info","message":"Ping successful: 200 - 2026-06-07T15:10:01.123Z"}
{"level":"info","message":"Running external service ping..."}
{"level":"info","message":"Ping successful: 200 - 2026-06-07T15:15:01.255Z"}
{"level":"info","message":"Running external service ping..."}
{"level":"info","message":"Ping successful: 200 - 2026-06-07T15:20:00.851Z"}
{"level":"info","message":"Running external service ping..."}
{"level":"info","message":"Ping successful: 200 - 2026-06-07T15:25:01.372Z"}
{"level":"info","message":"Running external service ping..."}
{"level":"error","message":"Ping failed: timeout of 10000ms exceeded - 2026-06-07T16:05:10.031Z"}
{"level":"info","message":"Running external service ping..."}
{"level":"info","message":"Ping successful: 200 - 2026-06-07T16:10:00.849Z"}
{"level":"info","message":"Running external service ping..."}
{"level":"info","message":"Ping successful: 200 - 2026-06-07T16:15:01.103Z"}
{"level":"info","message":"Running external service ping..."}
{"level":"info","message":"Ping successful: 200 - 2026-06-07T16:20:01.136Z"}
{"level":"info","message":"Running external service ping..."}
{"level":"info","message":"Ping successful: 200 - 2026-06-07T16:25:01.337Z"}
{"level":"info","message":"Running external service ping..."}
{"level":"error","message":"Ping failed: timeout of 10000ms exceeded - 2026-06-07T16:40:10.034Z"}
{"level":"info","message":"Running external service ping..."}
{"level":"info","message":"Ping successful: 200 - 2026-06-07T16:50:01.198Z"}
{"level":"info","message":"Running external service ping..."}
{"level":"error","message":"Ping failed: timeout of 10000ms exceeded - 2026-06-07T17:15:10.025Z"}
{"level":"info","message":"Running external service ping..."}
{"level":"info","message":"Ping successful: 200 - 2026-06-07T18:25:01.335Z"}
{"level":"info","message":"Running external service ping..."}
{"level":"info","message":"Ping successful: 200 - 2026-06-07T18:40:00.764Z"}
{"level":"info","message":"Running external service ping..."}
{"level":"error","message":"Ping failed: timeout of 10000ms exceeded - 2026-06-07T19:05:05.595Z"}
{"level":"info","message":"Running external service ping..."}
{"level":"error","message":"Ping failed: timeout of 10000ms exceeded - 2026-06-07T19:17:28.970Z"}
{"level":"info","message":"Running external service ping..."}
{"level":"error","message":"Ping failed: timeout of 10000ms exceeded - 2026-06-07T19:55:10.030Z"}
{"level":"info","message":"Running external service ping..."}
{"level":"error","message":"Ping failed: timeout of 10000ms exceeded - 2026-06-07T20:40:10.068Z"}
{"level":"info","message":"Running external service ping..."}
{"level":"info","message":"Ping successful: 200 - 2026-06-07T20:45:01.217Z"}
{"level":"info","message":"Running external service ping..."}
{"level":"info","message":"Ping successful: 200 - 2026-06-07T20:50:01.279Z"}
{"level":"info","message":"Running external service ping..."}
{"level":"info","message":"Ping successful: 200 - 2026-06-07T20:55:01.116Z"}
{"level":"info","message":"Running external service ping..."}
{"level":"info","message":"Ping successful: 200 - 2026-06-07T21:00:01.157Z"}
{"level":"info","message":"Running external service ping..."}
{"level":"info","message":"Ping successful: 200 - 2026-06-07T21:05:01.084Z"}
{"level":"info","message":"Running external service ping..."}
{"level":"info","message":"Ping successful: 200 - 2026-06-07T21:10:01.150Z"}
{"level":"info","message":"Running external service ping..."}
{"level":"info","message":"Ping successful: 200 - 2026-06-07T21:15:00.818Z"}
{"level":"info","message":"Running external service ping..."}
{"level":"info","message":"Ping successful: 200 - 2026-06-07T21:20:00.835Z"}
{"level":"info","message":"Running external service ping..."}
{"level":"info","message":"Ping successful: 200 - 2026-06-07T21:25:01.117Z"}
{"level":"info","message":"Running external service ping..."}
{"level":"error","message":"Ping failed: timeout of 10000ms exceeded - 2026-06-07T21:40:10.028Z"}
{"level":"info","message":"Running external service ping..."}
{"level":"info","message":"Ping successful: 200 - 2026-06-07T21:45:01.156Z"}
{"level":"info","message":"Running external service ping..."}
{"level":"info","message":"Ping successful: 200 - 2026-06-07T21:50:01.093Z"}
{"level":"info","message":"Running external service ping..."}
{"level":"info","message":"Ping successful: 200 - 2026-06-07T21:55:01.098Z"}
{"level":"info","message":"Running external service ping..."}
{"level":"info","message":"Ping successful: 200 - 2026-06-07T22:00:01.106Z"}
{"level":"info","message":"Running external service ping..."}
{"level":"info","message":"Ping successful: 200 - 2026-06-07T22:05:01.181Z"}
{"level":"info","message":"Running external service ping..."}
{"level":"info","message":"Ping successful: 200 - 2026-06-07T22:10:01.083Z"}
{"level":"info","message":"Running external service ping..."}
{"level":"info","message":"Ping successful: 200 - 2026-06-07T22:15:00.804Z"}
{"level":"info","message":"Running external service ping..."}
{"level":"info","message":"Ping successful: 200 - 2026-06-07T22:20:00.765Z"}
{"level":"info","message":"Running external service ping..."}
{"level":"info","message":"Ping successful: 200 - 2026-06-07T22:25:00.762Z"}
{"level":"info","message":"Running external service ping..."}
{"level":"info","message":"Running cleanup job at 2026-06-08T04:00:00.054Z (IST)"}
{"level":"info","message":"Running hourly email journey cron..."}
{"level":"info","message":"Updated 0 non-recurring events to 'past' status"}
{"level":"info","message":"Updated 0 recurring events to 'past' status"}
{"level":"info","message":"Updated 0 bookings to 'expired' status"}
{"level":"info","message":"Ping successful: 200 - 2026-06-07T22:30:01.146Z"}
{"level":"info","message":"Running external service ping..."}
{"level":"info","message":"Ping successful: 200 - 2026-06-07T22:35:00.801Z"}
{"level":"info","message":"Running external service ping..."}
{"level":"info","message":"Ping successful: 200 - 2026-06-07T22:40:01.096Z"}
{"level":"info","message":"Running external service ping..."}
{"level":"info","message":"Ping successful: 200 - 2026-06-07T22:45:01.099Z"}
{"level":"info","message":"Running external service ping..."}
{"level":"info","message":"Ping successful: 200 - 2026-06-07T22:50:01.107Z"}
{"level":"info","message":"Running external service ping..."}
{"level":"info","message":"Ping successful: 200 - 2026-06-07T22:55:01.226Z"}
{"level":"info","message":"Running external service ping..."}
{"level":"info","message":"Ping successful: 200 - 2026-06-07T23:00:01.131Z"}
{"level":"info","message":"Running external service ping..."}
{"level":"info","message":"Ping successful: 200 - 2026-06-07T23:05:01.192Z"}
{"level":"info","message":"Running external service ping..."}
{"level":"info","message":"Ping successful: 200 - 2026-06-07T23:10:01.138Z"}
{"level":"info","message":"Running external service ping..."}
{"level":"info","message":"Ping successful: 200 - 2026-06-07T23:15:01.142Z"}
{"level":"info","message":"Running external service ping..."}
{"level":"info","message":"Ping successful: 200 - 2026-06-07T23:20:01.166Z"}
{"level":"info","message":"Running external service ping..."}
{"level":"info","message":"Ping successful: 200 - 2026-06-07T23:25:01.154Z"}
{"level":"info","message":"Running external service ping..."}
{"level":"info","message":"Running cleanup job at 2026-06-08T05:00:00.028Z (IST)"}
{"level":"info","message":"Running hourly email journey cron..."}
{"level":"info","message":"Updated 0 non-recurring events to 'past' status"}
{"level":"info","message":"Updated 0 recurring events to 'past' status"}
{"level":"info","message":"Updated 0 bookings to 'expired' status"}
{"level":"info","message":"Ping successful: 200 - 2026-06-07T23:30:00.762Z"}
{"level":"info","message":"Running external service ping..."}
{"level":"info","message":"Ping successful: 200 - 2026-06-07T23:35:01.150Z"}
{"level":"info","message":"Running external service ping..."}
{"level":"info","message":"Ping successful: 200 - 2026-06-07T23:40:01.163Z"}
{"level":"info","message":"Running external service ping..."}
{"level":"info","message":"Ping successful: 200 - 2026-06-07T23:45:01.111Z"}
{"level":"info","message":"Running cleanup job at 2026-06-08T06:00:00.030Z (IST)"}
{"level":"info","message":"Running external service ping..."}
{"level":"info","message":"Running hourly email journey cron..."}
{"level":"info","message":"Updated 0 non-recurring events to 'past' status"}
{"level":"info","message":"Updated 0 recurring events to 'past' status"}
{"level":"info","message":"Updated 0 bookings to 'expired' status"}
{"level":"error","message":"Ping failed: timeout of 10000ms exceeded - 2026-06-08T00:30:10.030Z"}
{"level":"info","message":"Running external service ping..."}
{"level":"error","message":"Ping failed: timeout of 10000ms exceeded - 2026-06-08T01:35:10.025Z"}
{"level":"info","message":"Running external service ping..."}
{"level":"info","message":"Ping successful: 200 - 2026-06-08T02:10:01.161Z"}
{"level":"info","message":"Running external service ping..."}
{"level":"error","message":"Ping failed: timeout of 10000ms exceeded - 2026-06-08T03:00:10.016Z"}
{"level":"info","message":"Running external service ping..."}
{"level":"error","message":"Ping failed: timeout of 10000ms exceeded - 2026-06-08T03:50:10.014Z"}
{"level":"info","message":"Running external service ping..."}
{"level":"info","message":"Running hourly email journey cron..."}
{"level":"info","message":"Running cleanup job at 2026-06-08T10:00:00.836Z (IST)"}
{"level":"info","message":"Updated 0 non-recurring events to 'past' status"}
{"level":"info","message":"Updated 0 recurring events to 'past' status"}
{"level":"info","message":"Updated 0 bookings to 'expired' status"}
{"level":"error","message":"Ping failed: timeout of 10000ms exceeded - 2026-06-08T04:30:10.838Z"}
{"level":"info","message":"Running external service ping..."}
{"level":"error","message":"Ping failed: timeout of 10000ms exceeded - 2026-06-08T05:20:10.019Z"}
{"level":"info","message":"Running external service ping..."}
{"level":"error","message":"Ping failed: timeout of 10000ms exceeded - 2026-06-08T05:55:10.020Z"}
{"level":"info","message":"Running external service ping..."}
{"level":"error","message":"Ping failed: timeout of 10000ms exceeded - 2026-06-08T06:15:10.023Z"}
{"level":"info","message":"Running external service ping..."}
{"level":"error","message":"Ping failed: timeout of 10000ms exceeded - 2026-06-08T06:40:10.016Z"}
{"level":"info","message":"Running external service ping..."}
{"level":"error","message":"Ping failed: timeout of 10000ms exceeded - 2026-06-08T07:35:10.023Z"}
{"level":"info","message":"Running external service ping..."}
{"level":"info","message":"Ping successful: 200 - 2026-06-08T07:40:01.237Z"}
{"level":"info","message":"Running external service ping..."}
{"level":"error","message":"Ping failed: timeout of 10000ms exceeded - 2026-06-08T08:05:10.032Z"}
{"level":"info","message":"Running external service ping..."}
{"level":"error","message":"Ping failed: timeout of 10000ms exceeded - 2026-06-08T08:55:10.019Z"}
{"level":"info","message":"Running external service ping..."}
{"level":"error","message":"Ping failed: timeout of 10000ms exceeded - 2026-06-08T11:20:10.018Z"}
{"level":"info","message":"Running external service ping..."}
{"level":"info","message":"Ping successful: 200 - 2026-06-08T11:25:00.838Z"}
{"level":"info","message":"Running external service ping..."}
{"level":"info","message":"Ping successful: 200 - 2026-06-08T11:40:01.161Z"}
{"level":"info","message":"Running external service ping..."}
{"level":"info","message":"Ping successful: 200 - 2026-06-08T11:45:01.138Z"}
{"level":"info","message":"Running external service ping..."}
{"level":"error","message":"Ping failed: timeout of 10000ms exceeded - 2026-06-08T12:10:10.019Z"}
{"level":"info","message":"Running external service ping..."}
{"level":"error","message":"Ping failed: timeout of 10000ms exceeded - 2026-06-08T12:15:45.035Z"}
{"level":"info","message":"Running external service ping..."}
{"level":"info","message":"Ping successful: 200 - 2026-06-08T12:20:00.808Z"}
{"level":"info","message":"Running external service ping..."}
{"level":"info","message":"Running cleanup job at 2026-06-08T18:00:00.864Z (IST)"}
{"level":"info","message":"Running hourly email journey cron..."}
{"level":"info","message":"Updated 0 non-recurring events to 'past' status"}
{"level":"info","message":"Updated 0 recurring events to 'past' status"}
{"level":"info","message":"Updated 0 bookings to 'expired' status"}
{"level":"info","message":"Ping successful: 200 - 2026-06-08T12:30:02.849Z"}
{"level":"info","message":"Running external service ping..."}
{"level":"info","message":"Ping successful: 200 - 2026-06-08T12:45:01.109Z"}
{"level":"info","message":"Running external service ping..."}
{"level":"error","message":"Ping failed: timeout of 10000ms exceeded - 2026-06-08T14:10:11.905Z"}
{"level":"info","message":"Running external service ping..."}
{"level":"error","message":"Ping failed: timeout of 10000ms exceeded - 2026-06-08T14:50:10.026Z"}
{"level":"info","message":"Running external service ping..."}
{"level":"info","message":"Ping successful: 200 - 2026-06-08T15:10:01.215Z"}
{"level":"info","message":"Running external service ping..."}
{"level":"info","message":"Ping successful: 200 - 2026-06-08T15:20:01.206Z"}
{"level":"info","message":"Running external service ping..."}
{"level":"error","message":"Ping failed: timeout of 10000ms exceeded - 2026-06-08T15:35:10.023Z"}
{"level":"info","message":"Running external service ping..."}
{"level":"error","message":"Ping failed: timeout of 10000ms exceeded - 2026-06-08T16:00:10.019Z"}
{"level":"info","message":"Running external service ping..."}
{"level":"error","message":"Ping failed: timeout of 10000ms exceeded - 2026-06-08T17:35:10.030Z"}
{"level":"info","message":"Running external service ping..."}
{"level":"info","message":"Ping successful: 200 - 2026-06-08T17:40:01.198Z"}
{"level":"info","message":"Running external service ping..."}
{"level":"error","message":"Ping failed: timeout of 10000ms exceeded - 2026-06-08T18:15:10.014Z"}
{"level":"info","message":"Running external service ping..."}
{"level":"error","message":"Ping failed: timeout of 10000ms exceeded - 2026-06-08T18:40:10.025Z"}
{"level":"info","message":"Running external service ping..."}
{"level":"info","message":"Ping successful: 200 - 2026-06-08T18:55:01.174Z"}
{"level":"info","message":"Running external service ping..."}
{"level":"error","message":"Ping failed: timeout of 10000ms exceeded - 2026-06-08T19:25:10.026Z"}
{"level":"info","message":"Running external service ping..."}
{"level":"info","message":"Ping successful: 200 - 2026-06-08T19:40:01.294Z"}
{"level":"info","message":"Running external service ping..."}
{"level":"error","message":"Ping failed: timeout of 10000ms exceeded - 2026-06-08T20:15:11.886Z"}
{"level":"info","message":"Running external service ping..."}
{"level":"error","message":"Ping failed: timeout of 10000ms exceeded - 2026-06-08T21:00:10.081Z"}
{"level":"info","message":"Running external service ping..."}
{"level":"info","message":"Ping successful: 200 - 2026-06-08T22:05:00.957Z"}
{"level":"info","message":"Running external service ping..."}
{"level":"error","message":"Ping failed: timeout of 10000ms exceeded - 2026-06-08T22:50:10.061Z"}
{"level":"info","message":"Running external service ping..."}
{"level":"error","message":"Ping failed: timeout of 10000ms exceeded - 2026-06-09T00:10:10.087Z"}
{"level":"info","message":"Running external service ping..."}
{"level":"error","message":"Ping failed: timeout of 10000ms exceeded - 2026-06-09T01:15:10.275Z"}
{"level":"info","message":"Running external service ping..."}
{"level":"info","message":"Ping successful: 200 - 2026-06-09T01:25:00.790Z"}
{"level":"info","message":"Running external service ping..."}
{"level":"error","message":"Ping failed: timeout of 10000ms exceeded - 2026-06-09T02:45:10.028Z"}
{"level":"info","message":"Running external service ping..."}
{"level":"error","message":"Ping failed: timeout of 10000ms exceeded - 2026-06-09T03:50:10.019Z"}
{"level":"info","message":"Running external service ping..."}
{"level":"error","message":"Ping failed: timeout of 10000ms exceeded - 2026-06-09T04:10:10.026Z"}
{"level":"info","message":"Running external service ping..."}
{"level":"info","message":"Running hourly email journey cron..."}
{"level":"info","message":"Running cleanup job at 2026-06-09T10:00:00.888Z (IST)"}
{"level":"info","message":"Updated 0 non-recurring events to 'past' status"}
{"level":"info","message":"Updated 0 recurring events to 'past' status"}
{"level":"info","message":"Updated 0 bookings to 'expired' status"}
{"level":"error","message":"Ping failed: timeout of 10000ms exceeded - 2026-06-09T04:30:10.885Z"}
{"level":"info","message":"Running external service ping..."}
{"level":"error","message":"Ping failed: timeout of 10000ms exceeded - 2026-06-09T04:56:37.823Z"}
{"level":"info","message":"Running external service ping..."}
{"level":"error","message":"Ping failed: timeout of 10000ms exceeded - 2026-06-09T05:50:28.049Z"}
{"level":"info","message":"Running external service ping..."}
{"level":"error","message":"Ping failed: timeout of 10000ms exceeded - 2026-06-09T07:00:10.019Z"}
{"level":"info","message":"Running external service ping..."}
{"level":"info","message":"Ping successful: 200 - 2026-06-09T07:10:01.147Z"}
{"level":"info","message":"Running cleanup job at 2026-06-09T13:00:00.029Z (IST)"}
{"level":"info","message":"Running external service ping..."}
{"level":"info","message":"Running hourly email journey cron..."}
{"level":"info","message":"Updated 0 non-recurring events to 'past' status"}
{"level":"info","message":"Updated 0 recurring events to 'past' status"}
{"level":"info","message":"Updated 0 bookings to 'expired' status"}
{"level":"error","message":"Ping failed: timeout of 10000ms exceeded - 2026-06-09T07:30:11.485Z"}
{"level":"info","message":"Running external service ping..."}
{"level":"info","message":"Ping successful: 200 - 2026-06-09T07:45:01.160Z"}
{"level":"info","message":"Running external service ping..."}
{"level":"info","message":"Ping successful: 200 - 2026-06-09T07:55:01.138Z"}
{"level":"info","message":"Running external service ping..."}
{"level":"info","message":"Ping successful: 200 - 2026-06-09T08:00:01.307Z"}
{"level":"info","message":"Running external service ping..."}
{"level":"error","message":"Ping failed: timeout of 10000ms exceeded - 2026-06-09T08:55:10.022Z"}
{"level":"info","message":"Running external service ping..."}
{"level":"error","message":"Ping failed: timeout of 10000ms exceeded - 2026-06-09T09:25:10.020Z"}
{"level":"info","message":"Running external service ping..."}
{"level":"error","message":"Ping failed: timeout of 10000ms exceeded - 2026-06-09T10:10:10.039Z"}
{"level":"info","message":"Running external service ping..."}
{"level":"info","message":"Ping successful: 200 - 2026-06-09T10:20:01.147Z"}
{"level":"info","message":"Running external service ping..."}
{"level":"info","message":"Running hourly email journey cron..."}
{"level":"info","message":"Running cleanup job at 2026-06-09T16:00:00.056Z (IST)"}
{"level":"info","message":"Updated 0 non-recurring events to 'past' status"}
{"level":"info","message":"Updated 0 recurring events to 'past' status"}
{"level":"info","message":"Updated 0 bookings to 'expired' status"}
{"level":"info","message":"Ping successful: 200 - 2026-06-09T10:30:01.257Z"}
{"level":"info","message":"Running external service ping..."}
{"level":"error","message":"Ping failed: timeout of 10000ms exceeded - 2026-06-09T11:00:10.021Z"}
{"level":"info","message":"Running hourly email journey cron..."}
{"level":"info","message":"Running cleanup job at 2026-06-09T18:00:00.035Z (IST)"}
{"level":"info","message":"Running external service ping..."}
{"level":"info","message":"Updated 0 non-recurring events to 'past' status"}
{"level":"info","message":"Updated 0 recurring events to 'past' status"}
{"level":"info","message":"Updated 0 bookings to 'expired' status"}
{"level":"error","message":"Ping failed: timeout of 10000ms exceeded - 2026-06-09T12:40:10.986Z"}
{"level":"info","message":"Running external service ping..."}
{"level":"error","message":"Ping failed: timeout of 10000ms exceeded - 2026-06-09T13:00:10.015Z"}
{"level":"info","message":"Running external service ping..."}
{"level":"error","message":"Ping failed: timeout of 10000ms exceeded - 2026-06-09T13:35:10.109Z"}
{"level":"info","message":"Running external service ping..."}
{"level":"info","message":"Ping successful: 200 - 2026-06-09T14:05:00.860Z"}
{"level":"info","message":"Running external service ping..."}
{"level":"info","message":"Ping successful: 200 - 2026-06-09T14:35:00.920Z"}
{"level":"info","message":"Running external service ping..."}
{"level":"error","message":"Ping failed: timeout of 10000ms exceeded - 2026-06-09T16:24:56.907Z"}
{"level":"info","message":"Running external service ping..."}
{"level":"info","message":"Ping successful: 200 - 2026-06-09T16:25:01.169Z"}
{"level":"info","message":"Running external service ping..."}
{"level":"error","message":"Ping failed: timeout of 10000ms exceeded - 2026-06-09T17:15:10.014Z"}
{"level":"info","message":"Running external service ping..."}
{"level":"info","message":"Ping successful: 200 - 2026-06-09T18:20:01.131Z"}
{"level":"info","message":"Running external service ping..."}
{"level":"info","message":"Ping successful: 200 - 2026-06-09T18:25:01.270Z"}
{"level":"info","message":"Running cleanup job at 2026-06-10T00:00:00.035Z (IST)"}
{"level":"info","message":"Running external service ping..."}
{"level":"info","message":"Running hourly email journey cron..."}
{"level":"info","message":"Updated 0 non-recurring events to 'past' status"}
{"level":"info","message":"Updated 0 recurring events to 'past' status"}
{"level":"info","message":"Updated 0 bookings to 'expired' status"}
{"level":"info","message":"Ping successful: 200 - 2026-06-09T18:30:01.116Z"}
{"level":"info","message":"Running external service ping..."}
{"level":"info","message":"Ping successful: 200 - 2026-06-09T18:35:00.773Z"}
{"level":"info","message":"Running external service ping..."}
{"level":"info","message":"Ping successful: 200 - 2026-06-09T18:40:01.306Z"}
{"level":"info","message":"Running external service ping..."}
{"level":"error","message":"Ping failed: timeout of 10000ms exceeded - 2026-06-09T19:45:10.028Z"}
{"level":"info","message":"Running external service ping..."}
{"level":"info","message":"Running cleanup job at 2026-06-10T03:00:00.048Z (IST)"}
{"level":"info","message":"Running hourly email journey cron..."}
{"level":"info","message":"Updated 0 non-recurring events to 'past' status"}
{"level":"info","message":"Updated 0 recurring events to 'past' status"}
{"level":"info","message":"Updated 0 bookings to 'expired' status"}
{"level":"error","message":"Ping failed: timeout of 10000ms exceeded - 2026-06-09T21:30:10.017Z"}
{"level":"info","message":"Running external service ping..."}
{"level":"info","message":"Ping successful: 200 - 2026-06-09T22:20:01.161Z"}
{"level":"info","message":"Running external service ping..."}
{"level":"error","message":"Ping failed: timeout of 10000ms exceeded - 2026-06-09T23:10:10.036Z"}
{"level":"info","message":"Running external service ping..."}
{"level":"error","message":"Ping failed: timeout of 10000ms exceeded - 2026-06-10T00:10:08.574Z"}
{"level":"info","message":"Running external service ping..."}
{"level":"error","message":"Ping failed: timeout of 10000ms exceeded - 2026-06-10T01:00:10.020Z"}
{"level":"info","message":"Running external service ping..."}
{"level":"error","message":"Ping failed: timeout of 10000ms exceeded - 2026-06-10T01:50:10.029Z"}
{"level":"info","message":"Running external service ping..."}
{"level":"error","message":"Ping failed: timeout of 10000ms exceeded - 2026-06-10T02:55:10.029Z"}
{"level":"info","message":"Running external service ping..."}
{"level":"error","message":"Ping failed: timeout of 10000ms exceeded - 2026-06-10T04:00:10.020Z"}
{"level":"info","message":"Running external service ping..."}
{"level":"info","message":"Running cleanup job at 2026-06-10T10:00:00.867Z (IST)"}
{"level":"info","message":"Running hourly email journey cron..."}
{"level":"info","message":"Updated 0 non-recurring events to 'past' status"}
{"level":"info","message":"Updated 0 recurring events to 'past' status"}
{"level":"info","message":"Updated 0 bookings to 'expired' status"}
{"level":"error","message":"Ping failed: timeout of 10000ms exceeded - 2026-06-10T04:30:10.870Z"}
{"level":"info","message":"Running external service ping..."}
{"level":"info","message":"Ping successful: 200 - 2026-06-10T04:35:00.865Z"}
{"level":"info","message":"Running external service ping..."}
{"level":"error","message":"Ping failed: timeout of 10000ms exceeded - 2026-06-10T05:00:10.045Z"}
{"level":"info","message":"Running external service ping..."}
{"level":"error","message":"Ping failed: timeout of 10000ms exceeded - 2026-06-10T05:55:10.023Z"}
{"level":"info","message":"Running external service ping..."}
{"level":"error","message":"Ping failed: timeout of 10000ms exceeded - 2026-06-10T06:35:10.073Z"}
{"level":"info","message":"Running external service ping..."}
{"level":"info","message":"Ping successful: 200 - 2026-06-10T06:50:01.169Z"}
{"level":"info","message":"Running external service ping..."}
{"level":"error","message":"Ping failed: timeout of 10000ms exceeded - 2026-06-10T08:50:10.021Z"}
{"level":"info","message":"Running external service ping..."}
{"level":"error","message":"Ping failed: timeout of 10000ms exceeded - 2026-06-10T09:15:10.025Z"}
{"level":"info","message":"Running external service ping..."}
{"level":"info","message":"Ping successful: 200 - 2026-06-10T10:35:01.179Z"}
{"level":"info","message":"Running external service ping..."}
{"level":"info","message":"Ping successful: 200 - 2026-06-10T10:50:00.835Z"}
{"level":"info","message":"Running external service ping..."}
{"level":"info","message":"Ping successful: 200 - 2026-06-10T11:15:00.840Z"}
{"level":"info","message":"Running external service ping..."}
{"level":"info","message":"Ping successful: 200 - 2026-06-10T11:20:01.153Z"}
{"level":"info","message":"Running external service ping..."}
{"level":"error","message":"Ping failed: getaddrinfo ENOTFOUND mnkhan.onrender.com - 2026-06-10T12:25:00.023Z"}
{"level":"info","message":"Running external service ping..."}
{"level":"error","message":"Ping failed: timeout of 10000ms exceeded - 2026-06-10T13:10:10.591Z"}
{"level":"info","message":"Running external service ping..."}
{"level":"info","message":"Ping successful: 200 - 2026-06-10T13:15:00.874Z"}
{"level":"info","message":"Running external service ping..."}
{"level":"info","message":"Ping successful: 200 - 2026-06-10T13:20:01.255Z"}
{"level":"info","message":"Running external service ping..."}
{"level":"info","message":"Ping successful: 200 - 2026-06-10T13:25:00.954Z"}
{"level":"info","message":"Running external service ping..."}
{"level":"error","message":"Ping failed: timeout of 10000ms exceeded - 2026-06-10T14:15:10.025Z"}
{"level":"info","message":"Running external service ping..."}
{"level":"error","message":"Ping failed: timeout of 10000ms exceeded - 2026-06-10T14:35:10.021Z"}
{"level":"info","message":"Running external service ping..."}
{"level":"info","message":"Ping successful: 200 - 2026-06-10T14:40:01.264Z"}
{"level":"info","message":"Running external service ping..."}
{"level":"info","message":"Ping successful: 200 - 2026-06-10T14:45:01.199Z"}
{"level":"info","message":"Cron jobs initialized"}
{"level":"info","message":"Cron jobs initialized"}
{"level":"info","message":"Cron jobs initialized"}
{"level":"info","message":"Running external service ping..."}
{"level":"info","message":"Ping successful: 200 - 2026-06-10T14:50:01.017Z"}
{"level":"info","message":"Running external service ping..."}
{"level":"info","message":"Ping successful: 200 - 2026-06-10T14:55:01.100Z"}
{"level":"info","message":"Cron jobs initialized"}
{"level":"info","message":"Cron jobs initialized"}
{"level":"info","message":"Running external service ping..."}
{"level":"info","message":"Ping successful: 200 - 2026-06-10T15:00:00.954Z"}
{"level":"info","message":"Running external service ping..."}
{"level":"info","message":"Ping successful: 200 - 2026-06-10T15:05:01.066Z"}
{"level":"info","message":"Cron jobs initialized"}
{"level":"info","message":"Cron jobs initialized"}
{"level":"info","message":"Cron jobs initialized"}
{"level":"info","message":"Running external service ping..."}
{"level":"info","message":"Ping successful: 200 - 2026-06-10T15:10:01.113Z"}
{"level":"info","message":"Cron jobs initialized"}
{"level":"info","message":"Cron jobs initialized"}
{"level":"info","message":"Cron jobs initialized"}
{"level":"info","message":"Cron jobs initialized"}
{"level":"info","message":"Cron jobs initialized"}
{"level":"info","message":"Cron jobs initialized"}
{"level":"info","message":"Cron jobs initialized"}
{"level":"info","message":"Running external service ping..."}
{"level":"info","message":"Ping successful: 200 - 2026-06-10T15:15:00.815Z"}
{"level":"info","message":"Cron jobs initialized"}
{"level":"info","message":"Cron jobs initialized"}
{"level":"info","message":"Running external service ping..."}
{"level":"info","message":"Ping successful: 200 - 2026-06-10T15:20:01.145Z"}
{"level":"info","message":"Running external service ping..."}
{"level":"info","message":"Ping successful: 200 - 2026-06-10T15:25:00.806Z"}
{"level":"info","message":"Running external service ping..."}
{"level":"info","message":"Running hourly email journey cron..."}
{"level":"info","message":"Running cleanup job at 2026-06-10T21:00:00.036Z (IST)"}
{"level":"info","message":"Updated 0 non-recurring events to 'past' status"}
{"level":"info","message":"Updated 0 recurring events to 'past' status"}
{"level":"info","message":"Updated 0 bookings to 'expired' status"}
{"level":"info","message":"Ping successful: 200 - 2026-06-10T15:30:00.762Z"}
{"level":"info","message":"Running external service ping..."}
{"level":"info","message":"Ping successful: 200 - 2026-06-10T15:35:00.791Z"}
{"level":"info","message":"Running external service ping..."}
{"level":"error","message":"Ping failed: timeout of 10000ms exceeded - 2026-06-10T16:20:10.052Z"}
{"level":"info","message":"Running external service ping..."}
{"level":"info","message":"Ping successful: 200 - 2026-06-10T17:00:01.220Z"}
{"level":"info","message":"Running external service ping..."}
{"level":"error","message":"Ping failed: timeout of 10000ms exceeded - 2026-06-10T17:15:10.045Z"}
{"level":"info","message":"Running external service ping..."}
{"level":"info","message":"Running hourly email journey cron..."}
{"level":"info","message":"Running cleanup job at 2026-06-10T23:00:00.019Z (IST)"}
{"level":"info","message":"Updated 0 non-recurring events to 'past' status"}
{"level":"info","message":"Updated 0 recurring events to 'past' status"}
{"level":"info","message":"Updated 0 bookings to 'expired' status"}
{"level":"info","message":"Ping successful: 200 - 2026-06-10T17:30:01.169Z"}
{"level":"info","message":"Running external service ping..."}
{"level":"error","message":"Ping failed: timeout of 10000ms exceeded - 2026-06-10T17:50:10.019Z"}
{"level":"info","message":"Running external service ping..."}
{"level":"info","message":"Ping successful: 200 - 2026-06-10T17:55:01.216Z"}
{"level":"info","message":"Running external service ping..."}
{"level":"error","message":"Ping failed: timeout of 10000ms exceeded - 2026-06-10T18:40:10.070Z"}
{"level":"info","message":"Running external service ping..."}
{"level":"info","message":"Ping successful: 200 - 2026-06-10T18:45:01.197Z"}
{"level":"info","message":"Running external service ping..."}
{"level":"error","message":"Ping failed: timeout of 10000ms exceeded - 2026-06-10T20:00:12.947Z"}
{"level":"info","message":"Running external service ping..."}
{"level":"error","message":"Ping failed: timeout of 10000ms exceeded - 2026-06-10T20:15:10.022Z"}
{"level":"info","message":"Running external service ping..."}
{"level":"info","message":"Ping successful: 200 - 2026-06-10T20:20:01.147Z"}
{"level":"info","message":"Running external service ping..."}
{"level":"info","message":"Ping successful: 200 - 2026-06-10T20:25:01.109Z"}
{"level":"info","message":"Running external service ping..."}
{"level":"info","message":"Running hourly email journey cron..."}
{"level":"info","message":"Running cleanup job at 2026-06-11T02:00:00.063Z (IST)"}
{"level":"info","message":"Updated 0 non-recurring events to 'past' status"}
{"level":"info","message":"Updated 0 recurring events to 'past' status"}
{"level":"info","message":"Updated 0 bookings to 'expired' status"}
{"level":"info","message":"Ping successful: 200 - 2026-06-10T20:30:01.191Z"}
{"level":"info","message":"Running external service ping..."}
{"level":"info","message":"Ping successful: 200 - 2026-06-10T20:35:00.796Z"}
{"level":"info","message":"Running external service ping..."}
{"level":"info","message":"Ping successful: 200 - 2026-06-10T20:40:01.143Z"}
{"level":"info","message":"Running external service ping..."}
{"level":"info","message":"Ping successful: 200 - 2026-06-10T20:45:01.137Z"}
{"level":"info","message":"Running external service ping..."}
{"level":"error","message":"Ping failed: timeout of 10000ms exceeded - 2026-06-10T20:50:10.033Z"}
{"level":"info","message":"Running external service ping..."}
{"level":"error","message":"Ping failed: timeout of 10000ms exceeded - 2026-06-10T21:15:12.216Z"}
{"level":"info","message":"Running external service ping..."}
{"level":"error","message":"Ping failed: timeout of 10000ms exceeded - 2026-06-11T03:10:07.066Z"}
{"level":"info","message":"Running external service ping..."}
{"level":"info","message":"Running hourly email journey cron..."}
{"level":"info","message":"Running cleanup job at 2026-06-11T10:00:01.076Z (IST)"}
{"level":"info","message":"Updated 0 non-recurring events to 'past' status"}
{"level":"info","message":"Updated 0 recurring events to 'past' status"}
{"level":"info","message":"Updated 0 bookings to 'expired' status"}
{"level":"error","message":"Ping failed: timeout of 10000ms exceeded - 2026-06-11T04:30:11.060Z"}
{"level":"info","message":"Running external service ping..."}
{"level":"info","message":"Running hourly email journey cron..."}
{"level":"info","message":"Running cleanup job at 2026-06-11T12:00:00.049Z (IST)"}
{"level":"info","message":"Updated 0 non-recurring events to 'past' status"}
{"level":"info","message":"Updated 0 recurring events to 'past' status"}
{"level":"info","message":"Updated 0 bookings to 'expired' status"}
{"level":"info","message":"Ping successful: 200 - 2026-06-11T06:30:01.462Z"}
{"level":"info","message":"Running external service ping..."}
{"level":"error","message":"Ping failed: timeout of 10000ms exceeded - 2026-06-11T06:45:10.033Z"}
{"level":"info","message":"Running external service ping..."}
{"level":"error","message":"Ping failed: timeout of 10000ms exceeded - 2026-06-11T07:10:10.029Z"}
{"level":"info","message":"Running external service ping..."}
{"level":"info","message":"Ping successful: 200 - 2026-06-11T07:15:00.818Z"}
{"level":"info","message":"Running external service ping..."}
{"level":"error","message":"Ping failed: timeout of 10000ms exceeded - 2026-06-11T07:35:10.019Z"}
{"level":"info","message":"Running external service ping..."}
{"level":"error","message":"Ping failed: timeout of 10000ms exceeded - 2026-06-11T08:20:05.105Z"}
{"level":"info","message":"Running external service ping..."}
{"level":"error","message":"Ping failed: timeout of 10000ms exceeded - 2026-06-11T08:45:10.039Z"}
{"level":"info","message":"Running external service ping..."}
{"level":"error","message":"Ping failed: timeout of 10000ms exceeded - 2026-06-11T09:20:10.033Z"}
{"level":"info","message":"Running external service ping..."}
{"level":"error","message":"Ping failed: timeout of 10000ms exceeded - 2026-06-11T11:15:08.461Z"}
{"level":"info","message":"Running external service ping..."}
{"level":"error","message":"Ping failed: timeout of 10000ms exceeded - 2026-06-11T11:35:10.021Z"}
{"level":"info","message":"Running external service ping..."}
{"level":"error","message":"Ping failed: timeout of 10000ms exceeded - 2026-06-11T13:20:10.033Z"}
{"level":"info","message":"Running external service ping..."}
{"level":"error","message":"Ping failed: timeout of 10000ms exceeded - 2026-06-11T14:15:10.030Z"}
{"level":"info","message":"Running external service ping..."}
{"level":"info","message":"Ping successful: 200 - 2026-06-11T14:20:01.561Z"}
{"level":"info","message":"Running external service ping..."}
{"level":"info","message":"Ping successful: 200 - 2026-06-11T14:25:01.255Z"}
{"level":"info","message":"Running external service ping..."}
{"level":"info","message":"Running cleanup job at 2026-06-11T20:00:00.034Z (IST)"}
{"level":"info","message":"Running hourly email journey cron..."}
{"level":"info","message":"Updated 0 non-recurring events to 'past' status"}
{"level":"info","message":"Updated 0 recurring events to 'past' status"}
{"level":"info","message":"Updated 0 bookings to 'expired' status"}
{"level":"info","message":"Ping successful: 200 - 2026-06-11T14:30:00.806Z"}
{"level":"info","message":"Running external service ping..."}
{"level":"info","message":"Ping successful: 200 - 2026-06-11T14:35:01.150Z"}
{"level":"info","message":"Running external service ping..."}
{"level":"info","message":"Ping successful: 200 - 2026-06-11T14:40:01.200Z"}
{"level":"info","message":"Running external service ping..."}
{"level":"info","message":"Ping successful: 200 - 2026-06-11T14:45:01.103Z"}
{"level":"info","message":"Running external service ping..."}
{"level":"info","message":"Ping successful: 200 - 2026-06-11T14:50:01.100Z"}
{"level":"info","message":"Running external service ping..."}
{"level":"info","message":"Ping successful: 200 - 2026-06-11T14:55:01.115Z"}
{"level":"info","message":"Cron jobs initialized"}
{"level":"info","message":"Running external service ping..."}
{"level":"info","message":"Ping successful: 200 - 2026-06-11T15:05:01.226Z"}
{"level":"info","message":"Running external service ping..."}
{"level":"error","message":"Ping failed: timeout of 10000ms exceeded - 2026-06-11T15:35:10.041Z"}
{"level":"info","message":"Running external service ping..."}
{"level":"error","message":"Ping failed: timeout of 10000ms exceeded - 2026-06-11T16:20:10.040Z"}
{"level":"info","message":"Running external service ping..."}
{"level":"info","message":"Ping successful: 200 - 2026-06-11T16:35:00.899Z"}
{"level":"info","message":"Cron jobs initialized"}
{"level":"info","message":"Running external service ping..."}
{"level":"info","message":"Ping successful: 200 - 2026-06-11T16:40:01.172Z"}
{"level":"info","message":"Cron jobs initialized"}
{"level":"info","message":"Running external service ping..."}
{"level":"info","message":"Ping successful: 200 - 2026-06-11T16:45:01.143Z"}
{"level":"info","message":"Running external service ping..."}
{"level":"info","message":"Ping successful: 200 - 2026-06-11T16:50:01.125Z"}
{"level":"info","message":"Running external service ping..."}
{"level":"info","message":"Ping successful: 200 - 2026-06-11T16:55:01.236Z"}
{"level":"info","message":"Running external service ping..."}
{"level":"info","message":"Ping successful: 200 - 2026-06-11T17:00:00.862Z"}
{"level":"info","message":"Running external service ping..."}
{"level":"info","message":"Ping successful: 200 - 2026-06-11T17:05:00.754Z"}
{"level":"info","message":"Cron jobs initialized"}
{"level":"info","message":"Cron jobs initialized"}
{"level":"info","message":"Cron jobs initialized"}
{"level":"info","message":"Cron jobs initialized"}
{"level":"info","message":"Cron jobs initialized"}
{"level":"info","message":"Cron jobs initialized"}
{"level":"info","message":"Running external service ping..."}
{"level":"info","message":"Ping successful: 200 - 2026-06-11T17:10:01.121Z"}
{"level":"info","message":"Cron jobs initialized"}
{"level":"info","message":"Cron jobs initialized"}
{"level":"info","message":"Running external service ping..."}
{"level":"info","message":"Ping successful: 200 - 2026-06-11T17:15:01.235Z"}
{"level":"info","message":"Running external service ping..."}
{"level":"info","message":"Ping successful: 200 - 2026-06-11T17:20:01.251Z"}
{"level":"info","message":"Running external service ping..."}
{"level":"info","message":"Ping successful: 200 - 2026-06-11T17:25:01.295Z"}
{"level":"info","message":"Running external service ping..."}
{"level":"error","message":"Ping failed: timeout of 10000ms exceeded - 2026-06-11T18:25:10.066Z"}
{"level":"info","message":"Running hourly email journey cron..."}
{"level":"info","message":"Running external service ping..."}
{"level":"info","message":"Running cleanup job at 2026-06-12T00:00:00.091Z (IST)"}
{"level":"info","message":"Updated 0 non-recurring events to 'past' status"}
{"level":"info","message":"Updated 0 recurring events to 'past' status"}
{"level":"info","message":"Updated 0 bookings to 'expired' status"}
{"level":"info","message":"Ping successful: 200 - 2026-06-11T18:30:01.336Z"}
{"level":"info","message":"Running external service ping..."}
{"level":"info","message":"Ping successful: 200 - 2026-06-11T18:35:01.092Z"}
{"level":"info","message":"Running external service ping..."}
{"level":"info","message":"Ping successful: 200 - 2026-06-11T18:40:00.749Z"}
{"level":"info","message":"Running external service ping..."}
{"level":"error","message":"Ping failed: timeout of 10000ms exceeded - 2026-06-11T19:00:10.035Z"}
{"level":"info","message":"Running external service ping..."}
{"level":"info","message":"Ping successful: 200 - 2026-06-11T19:05:00.769Z"}
{"level":"info","message":"Running external service ping..."}
{"level":"info","message":"Ping successful: 200 - 2026-06-11T19:10:01.182Z"}
{"level":"info","message":"Running external service ping..."}
{"level":"info","message":"Ping successful: 200 - 2026-06-11T19:15:01.020Z"}
{"level":"info","message":"Running external service ping..."}
{"level":"info","message":"Ping successful: 200 - 2026-06-11T19:20:00.858Z"}
{"level":"info","message":"Running external service ping..."}
{"level":"info","message":"Ping successful: 200 - 2026-06-11T19:25:01.148Z"}
{"level":"info","message":"Running external service ping..."}
{"level":"info","message":"Running hourly email journey cron..."}
{"level":"info","message":"Running cleanup job at 2026-06-12T01:00:00.056Z (IST)"}
{"level":"info","message":"Updated 0 non-recurring events to 'past' status"}
{"level":"info","message":"Updated 0 recurring events to 'past' status"}
{"level":"info","message":"Updated 0 bookings to 'expired' status"}
{"level":"info","message":"Ping successful: 200 - 2026-06-11T19:30:01.130Z"}
{"level":"info","message":"Running external service ping..."}
{"level":"info","message":"Ping successful: 200 - 2026-06-11T19:35:01.190Z"}
{"level":"info","message":"Running external service ping..."}
{"level":"info","message":"Ping successful: 200 - 2026-06-11T19:40:00.786Z"}
{"level":"info","message":"Running external service ping..."}
{"level":"error","message":"Ping failed: timeout of 10000ms exceeded - 2026-06-11T19:55:10.029Z"}
{"level":"info","message":"Running external service ping..."}
{"level":"info","message":"Ping successful: 200 - 2026-06-11T20:00:01.389Z"}
{"level":"info","message":"Running external service ping..."}
{"level":"info","message":"Ping successful: 200 - 2026-06-11T20:05:02.411Z"}
{"level":"info","message":"Running external service ping..."}
{"level":"info","message":"Ping successful: 200 - 2026-06-11T20:10:00.818Z"}
{"level":"info","message":"Running external service ping..."}
{"level":"info","message":"Ping successful: 200 - 2026-06-11T20:15:01.247Z"}
{"level":"info","message":"Running external service ping..."}
{"level":"info","message":"Ping successful: 200 - 2026-06-11T20:20:00.803Z"}
{"level":"info","message":"Running external service ping..."}
{"level":"info","message":"Ping successful: 200 - 2026-06-11T20:35:01.178Z"}
{"level":"info","message":"Running external service ping..."}
{"level":"info","message":"Ping successful: 200 - 2026-06-11T20:40:01.218Z"}
{"level":"info","message":"Running external service ping..."}
{"level":"info","message":"Ping successful: 200 - 2026-06-11T20:45:01.213Z"}
{"level":"info","message":"Running external service ping..."}
{"level":"info","message":"Ping successful: 200 - 2026-06-11T20:50:01.161Z"}
{"level":"info","message":"Running external service ping..."}
{"level":"info","message":"Ping successful: 200 - 2026-06-11T20:55:02.212Z"}
{"level":"info","message":"Running external service ping..."}
{"level":"info","message":"Ping successful: 200 - 2026-06-11T21:00:00.761Z"}
{"level":"info","message":"Running external service ping..."}
{"level":"info","message":"Ping successful: 200 - 2026-06-11T21:05:01.122Z"}
{"level":"info","message":"Running external service ping..."}
{"level":"info","message":"Ping successful: 200 - 2026-06-11T21:10:00.839Z"}
{"level":"info","message":"Running external service ping..."}
{"level":"info","message":"Ping successful: 200 - 2026-06-11T21:15:00.988Z"}
{"level":"info","message":"Running external service ping..."}
{"level":"info","message":"Ping successful: 200 - 2026-06-11T21:20:01.231Z"}
{"level":"info","message":"Running external service ping..."}
{"level":"info","message":"Ping successful: 200 - 2026-06-11T21:25:01.176Z"}
{"level":"info","message":"Running external service ping..."}
{"level":"info","message":"Running hourly email journey cron..."}
{"level":"info","message":"Running cleanup job at 2026-06-12T03:00:00.077Z (IST)"}
{"level":"info","message":"Updated 0 non-recurring events to 'past' status"}
{"level":"info","message":"Updated 0 recurring events to 'past' status"}
{"level":"info","message":"Updated 0 bookings to 'expired' status"}
{"level":"info","message":"Ping successful: 200 - 2026-06-11T21:30:01.253Z"}
{"level":"info","message":"Running external service ping..."}
{"level":"info","message":"Ping successful: 200 - 2026-06-11T21:35:01.499Z"}
{"level":"info","message":"Running external service ping..."}
{"level":"info","message":"Ping successful: 200 - 2026-06-11T21:40:00.745Z"}
{"level":"info","message":"Running external service ping..."}
{"level":"info","message":"Ping successful: 200 - 2026-06-11T21:45:01.233Z"}
{"level":"info","message":"Running external service ping..."}
{"level":"info","message":"Ping successful: 200 - 2026-06-11T21:50:00.806Z"}
{"level":"info","message":"Running external service ping..."}
{"level":"info","message":"Ping successful: 200 - 2026-06-11T21:55:01.151Z"}
{"level":"info","message":"Running external service ping..."}
{"level":"info","message":"Ping successful: 200 - 2026-06-11T22:00:00.935Z"}
{"level":"info","message":"Running external service ping..."}
{"level":"info","message":"Ping successful: 200 - 2026-06-11T22:05:01.127Z"}
{"level":"info","message":"Running external service ping..."}
{"level":"info","message":"Ping successful: 200 - 2026-06-11T22:10:01.175Z"}
{"level":"info","message":"Running external service ping..."}
{"level":"info","message":"Ping successful: 200 - 2026-06-11T22:15:01.129Z"}
{"level":"info","message":"Running external service ping..."}
{"level":"info","message":"Ping successful: 200 - 2026-06-11T22:20:01.379Z"}
{"level":"info","message":"Running external service ping..."}
{"level":"info","message":"Ping successful: 200 - 2026-06-11T22:25:00.794Z"}
{"level":"info","message":"Running external service ping..."}
{"level":"info","message":"Running hourly email journey cron..."}
{"level":"info","message":"Running cleanup job at 2026-06-12T04:00:00.061Z (IST)"}
{"level":"info","message":"Updated 0 non-recurring events to 'past' status"}
{"level":"info","message":"Updated 0 recurring events to 'past' status"}
{"level":"info","message":"Updated 0 bookings to 'expired' status"}
{"level":"info","message":"Ping successful: 200 - 2026-06-11T22:30:01.133Z"}
{"level":"info","message":"Running external service ping..."}
{"level":"info","message":"Ping successful: 200 - 2026-06-11T22:35:00.794Z"}
{"level":"info","message":"Running external service ping..."}
{"level":"info","message":"Ping successful: 200 - 2026-06-11T22:40:00.819Z"}
{"level":"info","message":"Running external service ping..."}
{"level":"info","message":"Ping successful: 200 - 2026-06-11T22:45:01.094Z"}
{"level":"info","message":"Running external service ping..."}
{"level":"info","message":"Ping successful: 200 - 2026-06-11T22:50:02.749Z"}
{"level":"info","message":"Running external service ping..."}
{"level":"info","message":"Ping successful: 200 - 2026-06-11T22:55:01.099Z"}
{"level":"info","message":"Running external service ping..."}
{"level":"info","message":"Ping successful: 200 - 2026-06-11T23:00:03.347Z"}
{"level":"info","message":"Running external service ping..."}
{"level":"info","message":"Ping successful: 200 - 2026-06-11T23:05:01.113Z"}
{"level":"info","message":"Running external service ping..."}
{"level":"info","message":"Ping successful: 200 - 2026-06-11T23:10:01.140Z"}
{"level":"info","message":"Running external service ping..."}
{"level":"error","message":"Ping failed: timeout of 10000ms exceeded - 2026-06-11T23:45:10.028Z"}
{"level":"info","message":"Running external service ping..."}
{"level":"error","message":"Ping failed: timeout of 10000ms exceeded - 2026-06-12T00:50:10.030Z"}
{"level":"info","message":"Running external service ping..."}
{"level":"error","message":"Ping failed: timeout of 10000ms exceeded - 2026-06-12T01:25:10.025Z"}
{"level":"info","message":"Running external service ping..."}
{"level":"error","message":"Ping failed: timeout of 10000ms exceeded - 2026-06-12T02:15:10.023Z"}
{"level":"info","message":"Running external service ping..."}
{"level":"error","message":"Ping failed: timeout of 10000ms exceeded - 2026-06-12T03:05:10.028Z"}
{"level":"info","message":"Running external service ping..."}
{"level":"error","message":"Ping failed: timeout of 10000ms exceeded - 2026-06-12T04:00:10.037Z"}
{"level":"info","message":"Running external service ping..."}
{"level":"info","message":"Running hourly email journey cron..."}
{"level":"info","message":"Running cleanup job at 2026-06-12T10:00:01.031Z (IST)"}
{"level":"info","message":"Updated 0 non-recurring events to 'past' status"}
{"level":"info","message":"Updated 0 recurring events to 'past' status"}
{"level":"info","message":"Updated 0 bookings to 'expired' status"}
{"level":"error","message":"Ping failed: timeout of 10000ms exceeded - 2026-06-12T04:30:11.019Z"}
{"level":"info","message":"Running external service ping..."}
{"level":"info","message":"Ping successful: 200 - 2026-06-12T04:45:01.200Z"}
{"level":"info","message":"Running external service ping..."}
{"level":"error","message":"Ping failed: timeout of 10000ms exceeded - 2026-06-12T05:10:10.026Z"}
{"level":"info","message":"Running external service ping..."}
{"level":"error","message":"Ping failed: timeout of 10000ms exceeded - 2026-06-12T05:40:10.309Z"}
{"level":"info","message":"Running external service ping..."}
{"level":"error","message":"Ping failed: timeout of 10000ms exceeded - 2026-06-12T06:51:16.046Z"}
{"level":"info","message":"Running external service ping..."}
{"level":"error","message":"Ping failed: timeout of 10000ms exceeded - 2026-06-12T08:45:10.000Z"}
{"level":"info","message":"Running external service ping..."}
{"level":"error","message":"Ping failed: timeout of 10000ms exceeded - 2026-06-12T10:15:10.058Z"}
{"level":"info","message":"Running external service ping..."}
{"level":"info","message":"Ping successful: 200 - 2026-06-12T10:20:00.893Z"}
{"level":"info","message":"Running external service ping..."}
{"level":"error","message":"Ping failed: timeout of 10000ms exceeded - 2026-06-12T10:50:10.051Z"}
{"level":"info","message":"Cron jobs initialized"}
{"level":"info","message":"Cron jobs initialized"}
{"level":"info","message":"Running external service ping..."}
{"level":"info","message":"Ping successful: 200 - 2026-06-12T16:25:01.324Z"}
{"level":"info","message":"Running cleanup job at 2026-06-12T22:00:00.063Z (IST)"}
{"level":"info","message":"Running hourly email journey cron..."}
{"level":"info","message":"Running external service ping..."}
{"level":"info","message":"Updated 0 non-recurring events to 'past' status"}
{"level":"info","message":"Updated 0 recurring events to 'past' status"}
{"level":"info","message":"Updated 0 bookings to 'expired' status"}
{"level":"info","message":"Ping successful: 200 - 2026-06-12T16:30:01.350Z"}
{"level":"info","message":"Cron jobs initialized"}
{"level":"info","message":"Cron jobs initialized"}
{"level":"info","message":"Cron jobs initialized"}
{"level":"info","message":"Cron jobs initialized"}
{"level":"info","message":"Cron jobs initialized"}
{"level":"info","message":"Cron jobs initialized"}
{"level":"info","message":"Cron jobs initialized"}
{"level":"info","message":"Running external service ping..."}
{"level":"info","message":"Ping successful: 200 - 2026-06-12T16:35:01.343Z"}
{"level":"info","message":"Cron jobs initialized"}
{"level":"info","message":"Running external service ping..."}
{"level":"info","message":"Ping successful: 200 - 2026-06-12T16:40:00.983Z"}
{"level":"info","message":"Running external service ping..."}
{"level":"info","message":"Ping successful: 200 - 2026-06-12T16:45:01.819Z"}
{"level":"info","message":"Running external service ping..."}
{"level":"info","message":"Ping successful: 200 - 2026-06-12T16:50:02.574Z"}
{"level":"info","message":"Running external service ping..."}
{"level":"info","message":"Ping successful: 200 - 2026-06-12T16:55:01.302Z"}
{"level":"info","message":"Running external service ping..."}
{"level":"info","message":"Ping successful: 200 - 2026-06-12T17:00:00.900Z"}
